1673192262402,TRXBUSD,1673192220000,1673192279999,0.05272000,0.05272000,0.05272000,0.05272000,34452.90000000,5,1816.35688800,24145.00000000,1272.92440000
1673192264884,TRXBUSD,1673192220000,1673192279999,0.05272000,0.05272000,0.05272000,0.05272000,62047.80000000,7,3271.16001600,24145.00000000,1272.92440000
1673192267885,TRXBUSD,1673192220000,1673192279999,0.05272000,0.05273000,0.05273000,0.05272000,62479.00000000,8,3293.89719200,24576.20000000,1295.66157600
1673192279354,TRXBUSD,1673192220000,1673192279999,0.05272000,0.05272000,0.05273000,0.05272000,63243.30000000,9,3334.19108800,25340.50000000,1335.95547200
1673192280005,TRXBUSD,1673192220000,1673192279999,0.05272000,0.05272000,0.05273000,0.05272000,63243.30000000,9,3334.19108800,25340.50000000,1335.95547200
1673192282887,TRXBUSD,1673192280000,1673192339999,0.05272000,0.05272000,0.05272000,0.05272000,0.00000000,0,0.00000000,0.00000000,0.00000000
1673192294888,TRXBUSD,1673192280000,1673192339999,0.05271000,0.05269000,0.05271000,0.05269000,8390.90000000,5,442.13115300,7659.30000000,403.56851700
1673192296948,TRXBUSD,1673192280000,1673192339999,0.05271000,0.05269000,0.05271000,0.05269000,9058.40000000,6,477.30172800,8326.80000000,438.73909200
1673192314503,TRXBUSD,1673192280000,1673192339999,0.05271000,0.05269000,0.05271000,0.05269000,12887.60000000,7,679.06227600,12156.00000000,640.49964000
1673192332392,TRXBUSD,1673192280000,1673192339999,0.05271000,0.05269000,0.05271000,0.05269000,25232.90000000,8,1329.53613300,12156.00000000,640.49964000
1673192340006,TRXBUSD,1673192280000,1673192339999,0.05271000,0.05269000,0.05271000,0.05269000,25232.90000000,8,1329.53613300,12156.00000000,640.49964000
1673192342892,TRXBUSD,1673192340000,1673192399999,0.05269000,0.05269000,0.05269000,0.05269000,0.00000000,0,0.00000000,0.00000000,0.00000000
1673192357287,TRXBUSD,1673192340000,1673192399999,0.05269000,0.05269000,0.05269000,0.05269000,542.50000000,1,28.58432500,542.50000000,28.58432500
1673192360304,TRXBUSD,1673192340000,1673192399999,0.05269000,0.05268000,0.05269000,0.05268000,1910.80000000,2,100.66636900,542.50000000,28.58432500
1673192400006,TRXBUSD,1673192340000,1673192399999,0.05269000,0.05268000,0.05269000,0.05268000,1910.80000000,2,100.66636900,542.50000000,28.58432500
1673192402897,TRXBUSD,1673192400000,1673192459999,0.05268000,0.05268000,0.05268000,0.05268000,0.00000000,0,0.00000000,0.00000000,0.00000000
1673192422866,TRXBUSD,1673192400000,1673192459999,0.05268000,0.05268000,0.05268000,0.05268000,1284.90000000,1,67.68853200,0.00000000,0.00000000
1673192430839,TRXBUSD,1673192400000,1673192459999,0.05268000,0.05269000,0.05269000,0.05268000,1578.80000000,2,83.17412300,293.90000000,15.48559100
1673192432896,TRXBUSD,1673192400000,1673192459999,0.05268000,0.05269000,0.05269000,0.05268000,4328.80000000,5,228.07162300,3043.90000000,160.38309100
1673192437257,TRXBUSD,1673192400000,1673192459999,0.05268000,0.05271000,0.05271000,0.05268000,4677.20000000,6,246.43578700,3392.30000000,178.74725500
1673192444459,TRXBUSD,1673192400000,1673192459999,0.05268000,0.05270000,0.05271000,0.05268000,8739.70000000,7,460.52953700,3392.30000000,178.74725500
1673192455827,TRXBUSD,1673192400000,1673192459999,0.05268000,0.05271000,0.05271000,0.05268000,10252.00000000,8,540.24287000,4904.60000000,258.46058800
1673192457898,TRXBUSD,1673192400000,1673192459999,0.05268000,0.05271000,0.05271000,0.05268000,10643.80000000,9,560.89464800,5296.40000000,279.11236600
1673192460005,TRXBUSD,1673192400000,1673192459999,0.05268000,0.05271000,0.05271000,0.05268000,10643.80000000,9,560.89464800,5296.40000000,279.11236600
1673192462900,TRXBUSD,1673192460000,1673192519999,0.05271000,0.05271000,0.05271000,0.05271000,0.00000000,0,0.00000000,0.00000000,0.00000000
1673192467888,TRXBUSD,1673192460000,1673192519999,0.05271000,0.05271000,0.05271000,0.05271000,189.70000000,1,9.99908700,189.70000000,9.99908700
1673192477428,TRXBUSD,1673192460000,1673192519999,0.05271000,0.05271000,0.05271000,0.05271000,15538.50000000,2,819.03433500,15538.50000000,819.03433500
1673192520006,TRXBUSD,1673192460000,1673192519999,0.05271000,0.05271000,0.05271000,0.05271000,15538.50000000,2,819.03433500,15538.50000000,819.03433500
1673192522905,TRXBUSD,1673192520000,1673192579999,0.05271000,0.05271000,0.05271000,0.05271000,0.00000000,0,0.00000000,0.00000000,0.00000000
1673192577307,TRXBUSD,1673192520000,1673192579999,0.05272000,0.05272000,0.05272000,0.05272000,463.00000000,1,24.40936000,463.00000000,24.40936000
1673192579411,TRXBUSD,1673192520000,1673192579999,0.05272000,0.05272000,0.05272000,0.05272000,567.20000000,2,29.90278400,567.20000000,29.90278400
1673192580005,TRXBUSD,1673192520000,1673192579999,0.05272000,0.05275000,0.05275000,0.05272000,117965.00000000,19,6219.73175000,117965.00000000,6219.73175000
1673192582908,TRXBUSD,1673192580000,1673192639999,0.05275000,0.05275000,0.05275000,0.05275000,0.00000000,0,0.00000000,0.00000000,0.00000000
1673192594063,TRXBUSD,1673192580000,1673192639999,0.05275000,0.05275000,0.05275000,0.05275000,947.80000000,1,49.99645000,947.80000000,49.99645000
1673192607138,TRXBUSD,1673192580000,1673192639999,0.05275000,0.05274000,0.05275000,0.05274000,1759.20000000,2,92.78968600,947.80000000,49.99645000
1673192621515,TRXBUSD,1673192580000,1673192639999,0.05275000,0.05275000,0.05275000,0.05274000,16922.80000000,3,892.66958600,16111.40000000,849.87635000
1673192640005,TRXBUSD,1673192580000,1673192639999,0.05275000,0.05275000,0.05275000,0.05274000,16922.80000000,3,892.66958600,16111.40000000,849.87635000
1673192642912,TRXBUSD,1673192640000,1673192699999,0.05275000,0.05275000,0.05275000,0.05275000,0.00000000,0,0.00000000,0.00000000,0.00000000
1673192649531,TRXBUSD,1673192640000,1673192699999,0.05275000,0.05275000,0.05275000,0.05275000,531.50000000,1,28.03662500,531.50000000,28.03662500
1673192652912,TRXBUSD,1673192640000,1673192699999,0.05275000,0.05276000,0.05276000,0.05275000,11940.00000000,4,629.94137500,11940.00000000,629.94137500
1673192668993,TRXBUSD,1673192640000,1673192699999,0.05275000,0.05276000,0.05276000,0.05275000,12150.10000000,5,641.02625100,11940.00000000,629.94137500
1673192671352,TRXBUSD,1673192640000,1673192699999,0.05275000,0.05276000,0.05276000,0.05275000,13580.50000000,6,716.49415500,11940.00000000,629.94137500
1673192674914,TRXBUSD,1673192640000,1673192699999,0.05275000,0.05278000,0.05278000,0.05275000,19546.90000000,10,1031.36337100,17906.40000000,944.81059100
1673192677035,TRXBUSD,1673192640000,1673192699999,0.05275000,0.05277000,0.05278000,0.05275000,19799.20000000,11,1044.67724200,17906.40000000,944.81059100
1673192681915,TRXBUSD,1673192640000,1673192699999,0.05275000,0.05277000,0.05278000,0.05275000,20369.60000000,12,1074.77725000,17906.40000000,944.81059100
1673192684914,TRXBUSD,1673192640000,1673192699999,0.05275000,0.05277000,0.05278000,0.05275000,24122.10000000,16,1272.79667500,17906.40000000,944.81059100
1673192688195,TRXBUSD,1673192640000,1673192699999,0.05275000,0.05277000,0.05278000,0.05275000,28477.50000000,17,1502.63113300,17906.40000000,944.81059100
1673192690915,TRXBUSD,1673192640000,1673192699999,0.05275000,0.05277000,0.05278000,0.05275000,54223.10000000,21,2861.22644500,17906.40000000,944.81059100
1673192702920,TRXBUSD,1673192700000,1673192759999,0.05277000,0.05277000,0.05277000,0.05277000,0.00000000,0,0.00000000,0.00000000,0.00000000
1673192715428,TRXBUSD,1673192700000,1673192759999,0.05277000,0.05277000,0.05277000,0.05277000,557.90000000,1,29.44038300,557.90000000,29.44038300
1673192753097,TRXBUSD,1673192700000,1673192759999,0.05277000,0.05281000,0.05281000,0.05277000,46559.60000000,16,2458.41508600,29122.30000000,1537.56717800
1673192760005,TRXBUSD,1673192700000,1673192759999,0.05277000,0.05281000,0.05281000,0.05277000,46559.60000000,16,2458.41508600,29122.30000000,1537.56717800
1673192762206,TRXBUSD,1673192760000,1673192819999,0.05282000,0.05283000,0.05283000,0.05282000,12223.20000000,4,645.63331000,12223.20000000,645.63331000
1673192764921,TRXBUSD,1673192760000,1673192819999,0.05282000,0.05283000,0.05283000,0.05282000,13793.90000000,6,728.61339100,12868.90000000,679.74564100
1673192767900,TRXBUSD,1673192760000,1673192819999,0.05282000,0.05284000,0.05284000,0.05282000,29555.30000000,11,1561.44576700,16079.50000000,849.39374500
1673192769921,TRXBUSD,1673192760000,1673192819999,0.05282000,0.05283000,0.05284000,0.05282000,56636.00000000,16,2992.16649600,16079.50000000,849.39374500
1673192772257,TRXBUSD,1673192760000,1673192819999,0.05282000,0.05284000,0.05284000,0.05282000,63038.20000000,19,3330.45233000,20982.70000000,1108.47883300
1673192783364,TRXBUSD,1673192760000,1673192819999,0.05282000,0.05284000,0.05284000,0.05282000,68677.00000000,21,3628.40652200,26621.50000000,1406.43302500
1673192786812,TRXBUSD,1673192760000,1673192819999,0.05282000,0.05285000,0.05285000,0.05282000,69065.40000000,22,3648.93346200,27009.90000000,1426.95996500
1673192788922,TRXBUSD,1673192760000,1673192819999,0.05282000,0.05285000,0.05285000,0.05282000,69915.90000000,25,3693.88238700,27585.10000000,1457.35928500
1673192791351,TRXBUSD,1673192760000,1673192819999,0.05282000,0.05285000,0.05285000,0.05282000,135489.90000000,31,7159.46223300,52585.10000000,2778.60928500
1673192793922,TRXBUSD,1673192760000,1673192819999,0.05282000,0.05284000,0.05286000,0.05282000,192572.30000000,47,10176.10627400,82386.00000000,4353.60500900
1673192797922,TRXBUSD,1673192760000,1673192819999,0.05282000,0.05284000,0.05286000,0.05282000,209634.50000000,48,11077.67292200,99448.20000000,5255.17165700
1673192808886,TRXBUSD,1673192760000,1673192819999,0.05282000,0.05285000,0.05286000,0.05282000,210012.90000000,49,11097.67136200,99448.20000000,5255.17165700
1673192811923,TRXBUSD,1673192760000,1673192819999,0.05282000,0.05282000,0.05286000,0.05282000,247956.90000000,55,13102.63272100,102640.10000000,5423.82332500
1673192814518,TRXBUSD,1673192760000,1673192819999,0.05282000,0.05282000,0.05286000,0.05282000,248313.40000000,56,13121.46305100,102996.60000000,5442.65365500
1673192816924,TRXBUSD,1673192760000,1673192819999,0.05282000,0.05281000,0.05286000,0.05281000,266433.80000000,58,14078.40137500,102996.60000000,5442.65365500
1673192820005,TRXBUSD,1673192760000,1673192819999,0.05282000,0.05281000,0.05286000,0.05281000,266433.80000000,58,14078.40137500,102996.60000000,5442.65365500
1673192822925,TRXBUSD,1673192820000,1673192879999,0.05281000,0.05281000,0.05281000,0.05281000,0.00000000,0,0.00000000,0.00000000,0.00000000
1673192824926,TRXBUSD,1673192820000,1673192879999,0.05281000,0.05283000,0.05283000,0.05281000,24420.40000000,7,1289.69814100,24420.40000000,1289.69814100
1673192827924,TRXBUSD,1673192820000,1673192879999,0.05281000,0.05283000,0.05285000,0.05281000,46701.50000000,14,2466.90890300,44885.10000000,2370.94168000
1673192839113,TRXBUSD,1673192820000,1673192879999,0.05281000,0.05282000,0.05285000,0.05281000,56167.60000000,15,2966.90830500,44885.10000000,2370.94168000
1673192841925,TRXBUSD,1673192820000,1673192879999,0.05281000,0.05282000,0.05285000,0.05281000,60900.60000000,16,3216.90536500,44885.10000000,2370.94168000
1673192845784,TRXBUSD,1673192820000,1673192879999,0.05281000,0.05284000,0.05285000,0.05281000,115220.10000000,26,6086.28537800,98350.40000000,5195.18576500
1673192850599,TRXBUSD,1673192820000,1673192879999,0.05281000,0.05284000,0.05285000,0.05281000,116279.70000000,27,6142.27464200,98350.40000000,5195.18576500
1673192852926,TRXBUSD,1673192820000,1673192879999,0.05281000,0.05284000,0.05285000,0.05281000,119951.30000000,29,6336.28198600,98350.40000000,5195.18576500
1673192859423,TRXBUSD,1673192820000,1673192879999,0.05281000,0.05284000,0.05285000,0.05281000,138717.20000000,30,7327.87214200,117116.30000000,6186.77592100
1673192861927,TRXBUSD,1673192820000,1673192879999,0.05281000,0.05284000,0.05285000,0.05281000,144948.30000000,32,7657.12346600,123347.40000000,6516.02724500
1673192879107,TRXBUSD,1673192820000,1673192879999,0.05281000,0.05284000,0.05285000,0.05281000,162182.10000000,33,8567.75745800,140581.20000000,7426.66123700
1673192880005,TRXBUSD,1673192820000,1673192879999,0.05281000,0.05284000,0.05285000,0.05281000,178464.10000000,36,9428.09833800,156863.20000000,8287.00211700
1673192882930,TRXBUSD,1673192880000,1673192939999,0.05284000,0.05284000,0.05284000,0.05284000,0.00000000,0,0.00000000,0.00000000,0.00000000
1673192886928,TRXBUSD,1673192880000,1673192939999,0.05284000,0.05284000,0.05284000,0.05284000,8260.50000000,1,436.48482000,0.00000000,0.00000000
1673192893859,TRXBUSD,1673192880000,1673192939999,0.05284000,0.05285000,0.05285000,0.05284000,10215.70000000,2,539.81714000,1955.20000000,103.33232000
1673192903264,TRXBUSD,1673192880000,1673192939999,0.05284000,0.05285000,0.05285000,0.05284000,10606.70000000,3,560.48149000,2346.20000000,123.99667000
1673192922680,TRXBUSD,1673192880000,1673192939999,0.05284000,0.05285000,0.05285000,0.05284000,93370.10000000,8,4934.52718000,85109.60000000,4498.04236000
1673192924813,TRXBUSD,1673192880000,1673192939999,0.05284000,0.05289000,0.05289000,0.05284000,192594.60000000,28,10182.00046700,172334.10000000,9110.83564700
1673192926931,TRXBUSD,1673192880000,1673192939999,0.05284000,0.05289000,0.05289000,0.05284000,200514.10000000,29,10600.86282200,172334.10000000,9110.83564700
1673192929811,TRXBUSD,1673192880000,1673192939999,0.05284000,0.05286000,0.05289000,0.05284000,201050.10000000,30,10629.19578200,172334.10000000,9110.83564700
1673192932932,TRXBUSD,1673192880000,1673192939999,0.05284000,0.05288000,0.05289000,0.05284000,226468.20000000,41,11972.79298500,196920.40000000,10410.44726600
1673192936423,TRXBUSD,1673192880000,1673192939999,0.05284000,0.05289000,0.05289000,0.05284000,227013.00000000,42,12001.60745700,196920.40000000,10410.44726600
1673192938932,TRXBUSD,1673192880000,1673192939999,0.05284000,0.05288000,0.05289000,0.05284000,314705.80000000,52,16639.60189200,204696.10000000,10821.62628200
1673192940005,TRXBUSD,1673192880000,1673192939999,0.05284000,0.05288000,0.05289000,0.05284000,314705.80000000,52,16639.60189200,204696.10000000,10821.62628200
1673192942933,TRXBUSD,1673192940000,1673192999999,0.05286000,0.05287000,0.05287000,0.05286000,30124.90000000,2,1592.69816800,29595.40000000,1564.70879800
1673192950656,TRXBUSD,1673192940000,1673192999999,0.05286000,0.05289000,0.05289000,0.05286000,30324.90000000,3,1603.27616800,29795.40000000,1575.28679800
1673192952934,TRXBUSD,1673192940000,1673192999999,0.05286000,0.05291000,0.05291000,0.05286000,114672.30000000,21,6066.00637300,46773.40000000,2473.50204900
1673192955513,TRXBUSD,1673192940000,1673192999999,0.05286000,0.05292000,0.05292000,0.05286000,115060.20000000,22,6086.53404100,47161.30000000,2494.02971700
1673192957934,TRXBUSD,1673192940000,1673192999999,0.05286000,0.05293000,0.05293000,0.05286000,217401.70000000,39,11503.28631600,67884.00000000,3590.71116800
1673192963036,TRXBUSD,1673192940000,1673192999999,0.05286000,0.05294000,0.05294000,0.05286000,217800.50000000,40,11524.39878800,68282.80000000,3611.82364000
1673192965489,TRXBUSD,1673192940000,1673192999999,0.05286000,0.05294000,0.05294000,0.05286000,230231.60000000,46,12182.38254600,68846.30000000,3641.65533000
1673192967934,TRXBUSD,1673192940000,1673192999999,0.05286000,0.05294000,0.05294000,0.05286000,246051.10000000,48,13019.86687600,84665.80000000,4479.13966000
1673192971077,TRXBUSD,1673192940000,1673192999999,0.05286000,0.05298000,0.05299000,0.05286000,363591.50000000,81,19245.17860200,181078.80000000,9585.54428200
1673192974122,TRXBUSD,1673192940000,1673192999999,0.05286000,0.05295000,0.05299000,0.05286000,365439.20000000,84,19343.04371500,181456.60000000,9605.54879200
1673192976935,TRXBUSD,1673192940000,1673192999999,0.05286000,0.05294000,0.05299000,0.05286000,391138.00000000,92,20703.53818700,194890.30000000,10316.72887000
1673192979935,TRXBUSD,1673192940000,1673192999999,0.05286000,0.05294000,0.05299000,0.05286000,392503.60000000,93,20775.83305100,196255.90000000,10389.02373400
1673192981966,TRXBUSD,1673192940000,1673192999999,0.05286000,0.05293000,0.05299000,0.05286000,399717.40000000,95,21157.65948500,199862.80000000,10579.93695100
1673192984708,TRXBUSD,1673192940000,1673192999999,0.05286000,0.05294000,0.05299000,0.05286000,450473.90000000,106,23845.22672200,213355.30000000,11294.12274800
1673192987936,TRXBUSD,1673192940000,1673192999999,0.05286000,0.05292000,0.05299000,0.05286000,471372.90000000,110,24951.20180200,213355.30000000,11294.12274800
1673192990936,TRXBUSD,1673192940000,1673192999999,0.05286000,0.05292000,0.05299000,0.05286000,475916.50000000,112,25191.64911400,213355.30000000,11294.12274800
1673192993936,TRXBUSD,1673192940000,1673192999999,0.05286000,0.05290000,0.05299000,0.05286000,476950.10000000,114,25246.32655400,214388.90000000,11348.80018800
1673192996192,TRXBUSD,1673192940000,1673192999999,0.05286000,0.05289000,0.05299000,0.05286000,477140.80000000,115,25256.41267700,214388.90000000,11348.80018800
1673193000005,TRXBUSD,1673192940000,1673192999999,0.05286000,0.05289000,0.05299000,0.05286000,477140.80000000,115,25256.41267700,214388.90000000,11348.80018800
1673193002495,TRXBUSD,1673193000000,1673193059999,0.05293000,0.05294000,0.05294000,0.05293000,38452.70000000,3,2035.49239600,38452.70000000,2035.49239600
1673193005418,TRXBUSD,1673193000000,1673193059999,0.05293000,0.05293000,0.05294000,0.05293000,39247.50000000,5,2077.56720300,38452.70000000,2035.49239600
1673193011740,TRXBUSD,1673193000000,1673193059999,0.05293000,0.05294000,0.05294000,0.05293000,63255.10000000,6,3348.52954700,38452.70000000,2035.49239600
1673193013937,TRXBUSD,1673193000000,1673193059999,0.05293000,0.05294000,0.05294000,0.05293000,70414.30000000,8,3727.53759500,38452.70000000,2035.49239600
1673193017937,TRXBUSD,1673193000000,1673193059999,0.05293000,0.05294000,0.05295000,0.05293000,75327.30000000,10,3987.63372200,38643.40000000,2045.58996100
1673193020937,TRXBUSD,1673193000000,1673193059999,0.05293000,0.05293000,0.05295000,0.05293000,75517.80000000,11,3997.71688700,38643.40000000,2045.58996100
1673193025655,TRXBUSD,1673193000000,1673193059999,0.05293000,0.05292000,0.05295000,0.05292000,78713.10000000,12,4166.81216300,38643.40000000,2045.58996100
1673193027938,TRXBUSD,1673193000000,1673193059999,0.05293000,0.05292000,0.05295000,0.05292000,81834.60000000,15,4332.00194300,40933.70000000,2166.79263700
1673193030203,TRXBUSD,1673193000000,1673193059999,0.05293000,0.05291000,0.05295000,0.05291000,82025.20000000,16,4342.08658900,40933.70000000,2166.79263700
1673193033938,TRXBUSD,1673193000000,1673193059999,0.05293000,0.05291000,0.05295000,0.05291000,96198.70000000,18,5092.00647400,40933.70000000,2166.79263700
1673193048542,TRXBUSD,1673193000000,1673193059999,0.05293000,0.05294000,0.05295000,0.05291000,96389.50000000,19,5102.10742600,41124.50000000,2176.89358900
1673193052948,TRXBUSD,1673193000000,1673193059999,0.05293000,0.05293000,0.05295000,0.05291000,105835.90000000,20,5602.10537800,41124.50000000,2176.89358900
1673193055940,TRXBUSD,1673193000000,1673193059999,0.05293000,0.05293000,0.05295000,0.05291000,105892.40000000,21,5605.09592300,41124.50000000,2176.89358900
1673193059989,TRXBUSD,1673193000000,1673193059999,0.05293000,0.05292000,0.05295000,0.05291000,106364.80000000,22,5630.09533100,41124.50000000,2176.89358900
1673193060006,TRXBUSD,1673193000000,1673193059999,0.05293000,0.05292000,0.05295000,0.05291000,106364.80000000,22,5630.09533100,41124.50000000,2176.89358900
1673193062942,TRXBUSD,1673193060000,1673193119999,0.05292000,0.05292000,0.05292000,0.05292000,0.00000000,0,0.00000000,0.00000000,0.00000000
1673193067423,TRXBUSD,1673193060000,1673193119999,0.05290000,0.05290000,0.05290000,0.05290000,190.60000000,1,10.08274000,0.00000000,0.00000000
1673193070126,TRXBUSD,1673193060000,1673193119999,0.05290000,0.05292000,0.05292000,0.05290000,5153.80000000,2,272.73528400,4963.20000000,262.65254400
1673193072941,TRXBUSD,1673193060000,1673193119999,0.05290000,0.05292000,0.05292000,0.05290000,9090.50000000,3,481.06544800,8899.90000000,470.98270800
1673193076942,TRXBUSD,1673193060000,1673193119999,0.05290000,0.05294000,0.05294000,0.05290000,15892.50000000,4,841.16332800,15701.90000000,831.08058800
1673193120005,TRXBUSD,1673193060000,1673193119999,0.05290000,0.05294000,0.05294000,0.05290000,15892.50000000,4,841.16332800,15701.90000000,831.08058800
1673193122945,TRXBUSD,1673193120000,1673193179999,0.05294000,0.05294000,0.05294000,0.05294000,0.00000000,0,0.00000000,0.00000000,0.00000000
1673193131440,TRXBUSD,1673193120000,1673193179999,0.05293000,0.05293000,0.05293000,0.05293000,189.00000000,1,10.00377000,0.00000000,0.00000000
1673193133693,TRXBUSD,1673193120000,1673193179999,0.05293000,0.05294000,0.05294000,0.05293000,905.40000000,2,47.92998600,716.40000000,37.92621600
1673193135945,TRXBUSD,1673193120000,1673193179999,0.05293000,0.05294000,0.05294000,0.05293000,25827.40000000,5,1367.30066600,25638.40000000,1357.29689600
1673193138946,TRXBUSD,1673193120000,1673193179999,0.05293000,0.05294000,0.05294000,0.05293000,38646.60000000,7,2045.94911400,38457.60000000,2035.94534400
1673193152126,TRXBUSD,1673193120000,1673193179999,0.05293000,0.05292000,0.05294000,0.05292000,39648.60000000,8,2098.97495400,38457.60000000,2035.94534400
1673193163189,TRXBUSD,1673193120000,1673193179999,0.05293000,0.05292000,0.05294000,0.05292000,40536.20000000,9,2145.94674600,38457.60000000,2035.94534400
1673193175181,TRXBUSD,1673193120000,1673193179999,0.05293000,0.05292000,0.05294000,0.05292000,40926.40000000,10,2166.59613000,38847.80000000,2056.59472800
1673193180005,TRXBUSD,1673193120000,1673193179999,0.05293000,0.05292000,0.05294000,0.05292000,40926.40000000,10,2166.59613000,38847.80000000,2056.59472800
1673193182949,TRXBUSD,1673193180000,1673193239999,0.05292000,0.05292000,0.05292000,0.05292000,0.00000000,0,0.00000000,0.00000000,0.00000000
1673193188297,TRXBUSD,1673193180000,1673193239999,0.05292000,0.05292000,0.05292000,0.05292000,18956.50000000,1,1003.17798000,18956.50000000,1003.17798000
1673193190949,TRXBUSD,1673193180000,1673193239999,0.05292000,0.05293000,0.05293000,0.05292000,203469.70000000,23,10767.61940400,203469.70000000,10767.61940400
1673193208545,TRXBUSD,1673193180000,1673193239999,0.05292000,0.05296000,0.05296000,0.05292000,205639.90000000,24,10882.55319600,205639.90000000,10882.55319600
1673193211951,TRXBUSD,1673193180000,1673193239999,0.05292000,0.05296000,0.05296000,0.05292000,206999.00000000,27,10954.53113200,205639.90000000,10882.55319600
1673193221727,TRXBUSD,1673193180000,1673193239999,0.05292000,0.05297000,0.05297000,0.05292000,207189.70000000,28,10964.63251100,205830.60000000,10892.65457500
1673193224254,TRXBUSD,1673193180000,1673193239999,0.05292000,0.05296000,0.05297000,0.05292000,209189.70000000,29,11070.55251100,205830.60000000,10892.65457500
1673193226718,TRXBUSD,1673193180000,1673193239999,0.05292000,0.05296000,0.05297000,0.05292000,246335.70000000,33,13037.80467100,205830.60000000,10892.65457500
1673193228952,TRXBUSD,1673193180000,1673193239999,0.05292000,0.05294000,0.05297000,0.05292000,254107.00000000,37,13449.33869100,205830.60000000,10892.65457500
1673193234845,TRXBUSD,1673193180000,1673193239999,0.05292000,0.05294000,0.05297000,0.05292000,254516.70000000,38,13471.02820900,206240.30000000,10914.34409300
1673193237441,TRXBUSD,1673193180000,1673193239999,0.05292000,0.05294000,0.05297000,0.05292000,254829.40000000,40,13487.58064200,206362.50000000,10920.81336100
1673193239952,TRXBUSD,1673193180000,1673193239999,0.05292000,0.05294000,0.05297000,0.05292000,254920.70000000,41,13492.41406400,206453.80000000,10925.64678300
1673193240005,TRXBUSD,1673193180000,1673193239999,0.05292000,0.05294000,0.05297000,0.05292000,254920.70000000,41,13492.41406400,206453.80000000,10925.64678300
1673193262661,TRXBUSD,1673193240000,1673193299999,0.05294000,0.05294000,0.05294000,0.05294000,381.20000000,2,20.18072800,381.20000000,20.18072800
1673193264954,TRXBUSD,1673193240000,1673193299999,0.05294000,0.05294000,0.05294000,0.05294000,413.00000000,3,21.86422000,413.00000000,21.86422000
1673193274494,TRXBUSD,1673193240000,1673193299999,0.05294000,0.05294000,0.05294000,0.05294000,603.70000000,4,31.95987800,603.70000000,31.95987800
1673193276955,TRXBUSD,1673193240000,1673193299999,0.05294000,0.05294000,0.05294000,0.05294000,1019.10000000,6,53.95115400,1019.10000000,53.95115400
1673193289034,TRXBUSD,1673193240000,1673193299999,0.05294000,0.05294000,0.05294000,0.05294000,1110.20000000,7,58.77398800,1019.10000000,53.95115400
1673193291956,TRXBUSD,1673193240000,1673193299999,0.05294000,0.05294000,0.05294000,0.05294000,1613.20000000,8,85.40280800,1019.10000000,53.95115400
1673193299143,TRXBUSD,1673193240000,1673193299999,0.05294000,0.05294000,0.05294000,0.05294000,7566.00000000,9,400.54404000,1019.10000000,53.95115400
1673193300005,TRXBUSD,1673193240000,1673193299999,0.05294000,0.05294000,0.05294000,0.05294000,11268.40000000,11,596.54909600,1019.10000000,53.95115400
1673193302959,TRXBUSD,1673193300000,1673193359999,0.05294000,0.05294000,0.05294000,0.05294000,0.00000000,0,0.00000000,0.00000000,0.00000000
1673193316139,TRXBUSD,1673193300000,1673193359999,0.05295000,0.05295000,0.05295000,0.05295000,190.50000000,1,10.08697500,190.50000000,10.08697500
1673193318958,TRXBUSD,1673193300000,1673193359999,0.05295000,0.05295000,0.05295000,0.05295000,465.00000000,2,24.62175000,465.00000000,24.62175000
1673193321124,TRXBUSD,1673193300000,1673193359999,0.05295000,0.05295000,0.05295000,0.05295000,1965.00000000,3,104.04675000,1965.00000000,104.04675000
1673193332553,TRXBUSD,1673193300000,1673193359999,0.05295000,0.05296000,0.05296000,0.05295000,2155.70000000,4,114.14622200,2155.70000000,114.14622200
1673193335992,TRXBUSD,1673193300000,1673193359999,0.05295000,0.05295000,0.05296000,0.05295000,2346.20000000,5,124.23319700,2155.70000000,114.14622200
1673193342940,TRXBUSD,1673193300000,1673193359999,0.05295000,0.05296000,0.05296000,0.05295000,2536.90000000,6,134.33266900,2346.40000000,124.24569400
1673193350603,TRXBUSD,1673193300000,1673193359999,0.05295000,0.05295000,0.05296000,0.05295000,3083.40000000,7,163.26984400,2346.40000000,124.24569400
1673193352964,TRXBUSD,1673193300000,1673193359999,0.05295000,0.05299000,0.05300000,0.05295000,163337.00000000,46,8653.98796700,154674.40000000,8194.98627300
1673193355960,TRXBUSD,1673193300000,1673193359999,0.05295000,0.05300000,0.05300000,0.05295000,308401.90000000,64,16342.42766700,299739.30000000,15883.42597300
1673193360004,TRXBUSD,1673193300000,1673193359999,0.05295000,0.05300000,0.05300000,0.05295000,308401.90000000,64,16342.42766700,299739.30000000,15883.42597300
1673193362055,TRXBUSD,1673193360000,1673193419999,0.05299000,0.05299000,0.05299000,0.05299000,4602.30000000,1,243.87587700,0.00000000,0.00000000
1673193364175,TRXBUSD,1673193360000,1673193419999,0.05299000,0.05298000,0.05299000,0.05298000,105879.20000000,12,5610.15107900,37037.00000000,1962.22026000
1673193369673,TRXBUSD,1673193360000,1673193419999,0.05299000,0.05298000,0.05299000,0.05298000,110597.90000000,13,5860.14780500,37037.00000000,1962.22026000
1673193371961,TRXBUSD,1673193360000,1673193419999,0.05299000,0.05298000,0.05299000,0.05298000,124301.40000000,15,6586.15923500,37037.00000000,1962.22026000
1673193376280,TRXBUSD,1673193360000,1673193419999,0.05299000,0.05298000,0.05299000,0.05298000,150972.50000000,16,7999.19411300,63708.10000000,3375.25513800
1673193378387,TRXBUSD,1673193360000,1673193419999,0.05299000,0.05298000,0.05299000,0.05298000,264950.10000000,21,14037.72736100,82805.20000000,4387.01949600
1673193380962,TRXBUSD,1673193360000,1673193419999,0.05299000,0.05296000,0.05299000,0.05296000,267918.90000000,24,14195.00079500,82805.20000000,4387.01949600
1673193392875,TRXBUSD,1673193360000,1673193419999,0.05299000,0.05295000,0.05299000,0.05295000,268107.80000000,25,14205.00305000,82805.20000000,4387.01949600
1673193399703,TRXBUSD,1673193360000,1673193419999,0.05299000,0.05294000,0.05299000,0.05294000,268487.40000000,26,14225.09907400,82805.20000000,4387.01949600
1673193401963,TRXBUSD,1673193360000,1673193419999,0.05299000,0.05292000,0.05299000,0.05292000,285610.70000000,34,15131.58807600,83730.20000000,4435.97049600
1673193413448,TRXBUSD,1673193360000,1673193419999,0.05299000,0.05289000,0.05299000,0.05289000,286535.70000000,35,15180.51132600,84655.20000000,4484.89374600
1673193415965,TRXBUSD,1673193360000,1673193419999,0.05299000,0.05289000,0.05299000,0.05289000,289263.20000000,36,15324.76880100,87382.70000000,4629.15122100
1673193418420,TRXBUSD,1673193360000,1673193419999,0.05299000,0.05288000,0.05299000,0.05288000,289467.10000000,37,15335.55103300,87382.70000000,4629.15122100
1673193420005,TRXBUSD,1673193360000,1673193419999,0.05299000,0.05288000,0.05299000,0.05288000,306099.90000000,40,16215.09349700,87382.70000000,4629.15122100
1673193422967,TRXBUSD,1673193420000,1673193479999,0.05288000,0.05288000,0.05288000,0.05288000,0.00000000,0,0.00000000,0.00000000,0.00000000
1673193426965,TRXBUSD,1673193420000,1673193479999,0.05289000,0.05289000,0.05289000,0.05289000,12393.20000000,1,655.47634800,12393.20000000,655.47634800
1673193430360,TRXBUSD,1673193420000,1673193479999,0.05289000,0.05290000,0.05290000,0.05289000,13073.60000000,2,691.46950800,13073.60000000,691.46950800
1673193432966,TRXBUSD,1673193420000,1673193479999,0.05289000,0.05290000,0.05290000,0.05289000,23611.80000000,3,1248.94028800,23611.80000000,1248.94028800
1673193458549,TRXBUSD,1673193420000,1673193479999,0.05289000,0.05289000,0.05290000,0.05289000,46780.90000000,6,2474.58330100,23611.80000000,1248.94028800
1673193460967,TRXBUSD,1673193420000,1673193479999,0.05289000,0.05289000,0.05290000,0.05289000,47007.70000000,7,2486.57875300,23611.80000000,1248.94028800
1673193480005,TRXBUSD,1673193420000,1673193479999,0.05289000,0.05289000,0.05290000,0.05289000,47007.70000000,7,2486.57875300,23611.80000000,1248.94028800
1673193482970,TRXBUSD,1673193480000,1673193539999,0.05289000,0.05289000,0.05289000,0.05289000,0.00000000,0,0.00000000,0.00000000,0.00000000
1673193487060,TRXBUSD,1673193480000,1673193539999,0.05289000,0.05289000,0.05289000,0.05289000,527.40000000,1,27.89418600,527.40000000,27.89418600
1673193489970,TRXBUSD,1673193480000,1673193539999,0.05289000,0.05289000,0.05289000,0.05289000,2817.20000000,3,149.00170800,2474.00000000,130.84986000
1673193493970,TRXBUSD,1673193480000,1673193539999,0.05289000,0.05290000,0.05290000,0.05289000,3742.20000000,4,197.93420800,3399.00000000,179.78236000
1673193497716,TRXBUSD,1673193480000,1673193539999,0.05289000,0.05291000,0.05291000,0.05289000,12642.40000000,5,668.84379000,12299.20000000,650.69194200
1673193499970,TRXBUSD,1673193480000,1673193539999,0.05289000,0.05292000,0.05292000,0.05289000,14960.00000000,7,791.47288800,14616.80000000,773.32104000
1673193518926,TRXBUSD,1673193480000,1673193539999,0.05289000,0.05292000,0.05292000,0.05289000,45856.30000000,8,2426.50508400,45513.10000000,2408.35323600
1673193520972,TRXBUSD,1673193480000,1673193539999,0.05289000,0.05292000,0.05292000,0.05289000,52787.00000000,9,2793.27772800,52443.80000000,2775.12588000
1673193524136,TRXBUSD,1673193480000,1673193539999,0.05289000,0.05293000,0.05293000,0.05289000,53372.70000000,10,2824.27882900,53029.50000000,2806.12698100
1673193535041,TRXBUSD,1673193480000,1673193539999,0.05289000,0.05292000,0.05293000,0.05289000,53561.70000000,11,2834.28070900,53029.50000000,2806.12698100
1673193538404,TRXBUSD,1673193480000,1673193539999,0.05289000,0.05293000,0.05293000,0.05289000,54911.60000000,13,2905.73091600,54379.40000000,2877.57718800
1673193540004,TRXBUSD,1673193480000,1673193539999,0.05289000,0.05295000,0.05295000,0.05289000,64542.60000000,15,3415.63416600,64010.40000000,3387.48043800
1673193542399,TRXBUSD,1673193540000,1673193599999,0.05294000,0.05293000,0.05294000,0.05293000,20366.30000000,6,1078.03075900,16116.30000000,853.03575900
1673193555560,TRXBUSD,1673193540000,1673193599999,0.05294000,0.05293000,0.05294000,0.05293000,21046.20000000,7,1114.01786600,16116.30000000,853.03575900
1673193557975,TRXBUSD,1673193540000,1673193599999,0.05294000,0.05294000,0.05294000,0.05293000,37610.70000000,10,1990.81497100,19928.30000000,1054.84303900
1673193561420,TRXBUSD,1673193540000,1673193599999,0.05294000,0.05294000,0.05294000,0.05293000,49174.20000000,12,2602.98666100,31491.80000000,1667.01472900
1673193563975,TRXBUSD,1673193540000,1673193599999,0.05294000,0.05294000,0.05294000,0.05293000,52958.20000000,13,2803.31162100,35275.80000000,1867.33968900
1673193600013,TRXBUSD,1673193540000,1673193599999,0.05294000,0.05292000,0.05294000,0.05292000,65920.20000000,16,3489.38818300,35485.60000000,1878.44230500
1673193602985,TRXBUSD,1673193600000,1673193659999,0.05292000,0.05292000,0.05292000,0.05292000,0.00000000,0,0.00000000,0.00000000,0.00000000
1673193606216,TRXBUSD,1673193600000,1673193659999,0.05292000,0.05292000,0.05292000,0.05292000,1500.00000000,1,79.38000000,1500.00000000,79.38000000
1673193608978,TRXBUSD,1673193600000,1673193659999,0.05292000,0.05290000,0.05292000,0.05290000,136475.50000000,13,7219.75776100,48292.20000000,2554.73362000
1673193612687,TRXBUSD,1673193600000,1673193659999,0.05292000,0.05291000,0.05292000,0.05290000,138576.20000000,14,7330.90579800,50392.90000000,2665.88165700
1673193645721,TRXBUSD,1673193600000,1673193659999,0.05292000,0.05289000,0.05292000,0.05289000,139501.20000000,15,7379.82904800,51317.90000000,2714.80490700
1673193648942,TRXBUSD,1673193600000,1673193659999,0.05292000,0.05289000,0.05292000,0.05289000,143318.20000000,16,7581.71017800,55134.90000000,2916.68603700
1673193651981,TRXBUSD,1673193600000,1673193659999,0.05292000,0.05289000,0.05292000,0.05289000,154215.80000000,19,8158.08424200,66032.50000000,3493.06010100
1673193660005,TRXBUSD,1673193600000,1673193659999,0.05292000,0.05289000,0.05292000,0.05289000,154215.80000000,19,8158.08424200,66032.50000000,3493.06010100
1673193662983,TRXBUSD,1673193660000,1673193719999,0.05289000,0.05289000,0.05289000,0.05289000,12783.40000000,1,676.11402600,0.00000000,0.00000000
1673193674200,TRXBUSD,1673193660000,1673193719999,0.05289000,0.05289000,0.05289000,0.05289000,13085.70000000,2,692.10267300,0.00000000,0.00000000
1673193676738,TRXBUSD,1673193660000,1673193719999,0.05289000,0.05290000,0.05290000,0.05289000,14010.70000000,3,741.03517300,925.00000000,48.93250000
1673193680983,TRXBUSD,1673193660000,1673193719999,0.05289000,0.05290000,0.05290000,0.05289000,14935.70000000,4,789.96767300,1850.00000000,97.86500000
1673193683363,TRXBUSD,1673193660000,1673193719999,0.05289000,0.05290000,0.05290000,0.05289000,15397.10000000,5,814.37573300,2311.40000000,122.27306000
1673193701394,TRXBUSD,1673193660000,1673193719999,0.05289000,0.05290000,0.05290000,0.05289000,17664.80000000,6,934.33706300,4579.10000000,242.23439000
1673193717986,TRXBUSD,1673193660000,1673193719999,0.05289000,0.05288000,0.05290000,0.05288000,24790.70000000,11,1311.17830300,5034.60000000,266.32578500
1673193720004,TRXBUSD,1673193660000,1673193719999,0.05289000,0.05288000,0.05290000,0.05288000,24790.70000000,11,1311.17830300,5034.60000000,266.32578500
1673193722987,TRXBUSD,1673193720000,1673193779999,0.05288000,0.05288000,0.05288000,0.05288000,0.00000000,0,0.00000000,0.00000000,0.00000000
1673193728427,TRXBUSD,1673193720000,1673193779999,0.05289000,0.05289000,0.05289000,0.05289000,285.90000000,1,15.12125100,285.90000000,15.12125100
1673193730435,TRXBUSD,1673193720000,1673193779999,0.05289000,0.05290000,0.05290000,0.05289000,151194.40000000,4,7998.18090100,151194.40000000,7998.18090100
1673193732443,TRXBUSD,1673193720000,1673193779999,0.05289000,0.05295000,0.05295000,0.05289000,172649.40000000,14,9133.19191200,172649.40000000,9133.19191200
1673193734987,TRXBUSD,1673193720000,1673193779999,0.05289000,0.05294000,0.05295000,0.05289000,225550.20000000,25,11934.26570100,172649.40000000,9133.19191200
1673193741467,TRXBUSD,1673193720000,1673193779999,0.05289000,0.05292000,0.05295000,0.05289000,229329.10000000,26,12134.24508900,172649.40000000,9133.19191200
1673193743988,TRXBUSD,1673193720000,1673193779999,0.05289000,0.05292000,0.05295000,0.05289000,239354.40000000,28,12664.78396500,172649.40000000,9133.19191200
1673193747855,TRXBUSD,1673193720000,1673193779999,0.05289000,0.05291000,0.05295000,0.05289000,240279.40000000,29,12713.72571500,172649.40000000,9133.19191200
1673193750988,TRXBUSD,1673193720000,1673193779999,0.05289000,0.05290000,0.05295000,0.05289000,260264.70000000,33,13771.12763100,172649.40000000,9133.19191200
1673193753091,TRXBUSD,1673193720000,1673193779999,0.05289000,0.05289000,0.05295000,0.05289000,263735.50000000,34,13954.69824300,172649.40000000,9133.19191200
1673193755780,TRXBUSD,1673193720000,1673193779999,0.05289000,0.05288000,0.05295000,0.05288000,264343.50000000,35,13986.84928300,172649.40000000,9133.19191200
1673193757989,TRXBUSD,1673193720000,1673193779999,0.05289000,0.05288000,0.05295000,0.05288000,278728.80000000,36,14747.54394700,172649.40000000,9133.19191200
1673193762397,TRXBUSD,1673193720000,1673193779999,0.05289000,0.05288000,0.05295000,0.05288000,279013.10000000,37,14762.57773100,172933.70000000,9148.22569600
1673193910517,TRXBUSD,1673193900000,1673193959999,0.05279000,0.05279000,0.05279000,0.05274000,469645.40000000,56,24775.49599400,106462.80000000,5616.06299500
1673193912999,TRXBUSD,1673193900000,1673193959999,0.05279000,0.05279000,0.05279000,0.05274000,474276.20000000,57,25019.95592600,111093.60000000,5860.52292700
1673193916000,TRXBUSD,1673193900000,1673193959999,0.05279000,0.05280000,0.05282000,0.05274000,545098.60000000,70,28759.83216000,150539.50000000,7943.60393900
1673193918067,TRXBUSD,1673193900000,1673193959999,0.05279000,0.05277000,0.05282000,0.05274000,555117.50000000,72,29288.71606100,150539.50000000,7943.60393900
1673193925505,TRXBUSD,1673193900000,1673193959999,0.05279000,0.05279000,0.05282000,0.05274000,555652.90000000,73,29316.97982700,151074.90000000,7971.86770500
1673193949580,TRXBUSD,1673193900000,1673193959999,0.05279000,0.05281000,0.05282000,0.05274000,559205.40000000,74,29504.58735200,151074.90000000,7971.86770500
1673193960005,TRXBUSD,1673193900000,1673193959999,0.05279000,0.05281000,0.05282000,0.05274000,559205.40000000,74,29504.58735200,151074.90000000,7971.86770500
1673193963004,TRXBUSD,1673193960000,1673194019999,0.05281000,0.05281000,0.05281000,0.05281000,0.00000000,0,0.00000000,0.00000000,0.00000000
1673193967520,TRXBUSD,1673193960000,1673194019999,0.05280000,0.05280000,0.05280000,0.05280000,4734.00000000,1,249.95520000,0.00000000,0.00000000
1673193970003,TRXBUSD,1673193960000,1673194019999,0.05280000,0.05280000,0.05280000,0.05280000,14202.70000000,2,749.90256000,0.00000000,0.00000000
1673193980936,TRXBUSD,1673193960000,1673194019999,0.05280000,0.05279000,0.05280000,0.05279000,18278.10000000,3,965.04292600,0.00000000,0.00000000
1673193983004,TRXBUSD,1673193960000,1673194019999,0.05280000,0.05279000,0.05280000,0.05279000,33018.20000000,6,1743.17280500,0.00000000,0.00000000
1673193986005,TRXBUSD,1673193960000,1673194019999,0.05280000,0.05280000,0.05280000,0.05279000,33961.30000000,8,1792.96436000,943.10000000,49.79155500
1673193994073,TRXBUSD,1673193960000,1673194019999,0.05280000,0.05280000,0.05280000,0.05279000,37748.80000000,9,1992.94436000,943.10000000,49.79155500
1673193997005,TRXBUSD,1673193960000,1673194019999,0.05280000,0.05280000,0.05280000,0.05279000,42483.60000000,10,2242.94180000,943.10000000,49.79155500
1673193999554,TRXBUSD,1673193960000,1673194019999,0.05280000,0.05279000,0.05280000,0.05279000,43422.80000000,11,2292.52216800,1882.30000000,99.37192300
1673194004005,TRXBUSD,1673193960000,1673194019999,0.05280000,0.05279000,0.05280000,0.05279000,44205.30000000,12,2333.83034300,2664.80000000,140.68009800
1673194007006,TRXBUSD,1673193960000,1673194019999,0.05280000,0.05279000,0.05280000,0.05279000,49384.60000000,13,2607.24559000,7844.10000000,414.09534500
1673194018583,TRXBUSD,1673193960000,1673194019999,0.05280000,0.05278000,0.05280000,0.05278000,51765.20000000,14,2732.89365800,7844.10000000,414.09534500
1673194020004,TRXBUSD,1673193960000,1673194019999,0.05280000,0.05278000,0.05280000,0.05278000,51765.20000000,14,2732.89365800,7844.10000000,414.09534500
1673194022009,TRXBUSD,1673194020000,1673194079999,0.05278000,0.05278000,0.05278000,0.05278000,0.00000000,0,0.00000000,0.00000000,0.00000000
1673194042213,TRXBUSD,1673194020000,1673194079999,0.05278000,0.05278000,0.05278000,0.05278000,530.60000000,1,28.00506800,0.00000000,0.00000000
1673194045010,TRXBUSD,1673194020000,1673194079999,0.05278000,0.05278000,0.05278000,0.05278000,588.00000000,2,31.03464000,0.00000000,0.00000000
1673194051948,TRXBUSD,1673194020000,1673194079999,0.05278000,0.05278000,0.05278000,0.05278000,936.60000000,3,49.43374800,0.00000000,0.00000000
1673194057768,TRXBUSD,1673194020000,1673194079999,0.05278000,0.05278000,0.05278000,0.05278000,2598.80000000,4,137.16466400,0.00000000,0.00000000
1673194061011,TRXBUSD,1673194020000,1673194079999,0.05278000,0.05279000,0.05279000,0.05278000,2807.00000000,5,148.15554200,208.20000000,10.99087800
1673194065419,TRXBUSD,1673194020000,1673194079999,0.05278000,0.05278000,0.05279000,0.05278000,3055.40000000,6,161.26609400,208.20000000,10.99087800
1673194080004,TRXBUSD,1673194020000,1673194079999,0.05278000,0.05278000,0.05279000,0.05278000,3055.40000000,6,161.26609400,208.20000000,10.99087800
1673194082013,TRXBUSD,1673194080000,1673194139999,0.05278000,0.05278000,0.05278000,0.05278000,0.00000000,0,0.00000000,0.00000000,0.00000000
1673194099760,TRXBUSD,1673194080000,1673194139999,0.05280000,0.05280000,0.05280000,0.05280000,1524.00000000,1,80.46720000,1524.00000000,80.46720000
1673194102014,TRXBUSD,1673194080000,1673194139999,0.05280000,0.05280000,0.05280000,0.05280000,4228.80000000,2,223.28064000,4228.80000000,223.28064000
1673194107139,TRXBUSD,1673194080000,1673194139999,0.05280000,0.05281000,0.05281000,0.05280000,8175.50000000,3,431.70586700,8175.50000000,431.70586700
1673194110015,TRXBUSD,1673194080000,1673194139999,0.05280000,0.05282000,0.05282000,0.05280000,33789.50000000,8,1784.52004100,33789.50000000,1784.52004100
1673194125349,TRXBUSD,1673194080000,1673194139999,0.05280000,0.05283000,0.05283000,0.05280000,37611.20000000,9,1986.42045200,37611.20000000,1986.42045200
1673194128016,TRXBUSD,1673194080000,1673194139999,0.05280000,0.05283000,0.05283000,0.05280000,54848.50000000,10,2897.06701100,54848.50000000,2897.06701100
1673194150433,TRXBUSD,1673194140000,1673194199999,0.05285000,0.05285000,0.05285000,0.05285000,1795.50000000,2,94.89217500,1795.50000000,94.89217500
1673194165466,TRXBUSD,1673194140000,1673194199999,0.05285000,0.05285000,0.05285000,0.05285000,2363.10000000,3,124.88983500,2363.10000000,124.88983500
1673194179100,TRXBUSD,1673194140000,1673194199999,0.05285000,0.05283000,0.05285000,0.05283000,3120.00000000,4,164.87686200,2363.10000000,124.88983500
1673194200005,TRXBUSD,1673194140000,1673194199999,0.05285000,0.05280000,0.05285000,0.05280000,29822.70000000,7,1574.91057900,2363.10000000,124.88983500
1673194202023,TRXBUSD,1673194200000,1673194259999,0.05280000,0.05280000,0.05280000,0.05280000,0.00000000,0,0.00000000,0.00000000,0.00000000
1673194204631,TRXBUSD,1673194200000,1673194259999,0.05279000,0.05279000,0.05279000,0.05279000,1500.20000000,1,79.19555800,0.00000000,0.00000000
1673194218698,TRXBUSD,1673194200000,1673194259999,0.05279000,0.05280000,0.05280000,0.05279000,2340.50000000,2,123.56339800,0.00000000,0.00000000
1673194846944,TRXBUSD,1673194800000,1673194859999,0.05262000,0.05262000,0.05262000,0.05259000,179979.80000000,26,9466.95626100,80101.40000000,4213.12380000
1673194849066,TRXBUSD,1673194800000,1673194859999,0.05262000,0.05262000,0.05262000,0.05259000,201426.90000000,36,10595.50266300,101548.50000000,5341.67020200
1673194859319,TRXBUSD,1673194800000,1673194859999,0.05262000,0.05262000,0.05262000,0.05259000,203577.50000000,37,10708.66723500,103699.10000000,5454.83477400
1673194860005,TRXBUSD,1673194800000,1673194859999,0.05262000,0.05262000,0.05262000,0.05259000,208181.30000000,39,10950.91919100,108302.90000000,5697.08673000
1673194862068,TRXBUSD,1673194860000,1673194919999,0.05262000,0.05262000,0.05262000,0.05262000,0.00000000,0,0.00000000,0.00000000,0.00000000
1673281370858,TRXBUSD,1673281320000,1673281379999,0.05516000,0.05514000,0.05516000,0.05514000,17253.80000000,5,951.40808800,1952.30000000,107.65506200
1673281392799,TRXBUSD,1673281380000,1673281439999,0.05514000,0.05513000,0.05514000,0.05513000,732.20000000,2,40.36959000,340.40000000,18.76965600
1673281394989,TRXBUSD,1673281380000,1673281439999,0.05514000,0.05513000,0.05514000,0.05513000,7837.40000000,4,432.07926600,340.40000000,18.76965600
1673281398989,TRXBUSD,1673281380000,1673281439999,0.05514000,0.05514000,0.05514000,0.05513000,8200.70000000,5,452.11162800,703.70000000,38.80201800
1673281402911,TRXBUSD,1673281380000,1673281439999,0.05514000,0.05514000,0.05514000,0.05513000,16564.80000000,6,913.30810200,9067.80000000,499.99849200
1673281404990,TRXBUSD,1673281380000,1673281439999,0.05514000,0.05514000,0.05514000,0.05513000,21098.70000000,7,1163.30734800,13601.70000000,749.99773800
1673281409451,TRXBUSD,1673281380000,1673281439999,0.05514000,0.05514000,0.05514000,0.05513000,22326.60000000,8,1231.01375400,13601.70000000,749.99773800
1673281631547,TRXBUSD,1673281620000,1673281679999,0.05525000,0.05523000,0.05525000,0.05523000,32053.70000000,7,1770.78330000,6965.00000000,384.74208000
1673281643236,TRXBUSD,1673281620000,1673281679999,0.05525000,0.05525000,0.05525000,0.05523000,32414.80000000,8,1790.73407500,7326.10000000,404.69285500
1673281646246,TRXBUSD,1673281620000,1673281679999,0.05525000,0.05523000,0.05525000,0.05523000,32775.50000000,9,1810.65553600,7326.10000000,404.69285500
1673281650272,TRXBUSD,1673281620000,1673281679999,0.05525000,0.05524000,0.05525000,0.05523000,32962.70000000,10,1820.99646400,7513.30000000,415.03378300
1673281652806,TRXBUSD,1673281620000,1673281679999,0.05525000,0.05523000,0.05525000,0.05523000,33552.50000000,12,1853.57472100,7873.60000000,434.93675500
1673281657014,TRXBUSD,1673281620000,1673281679999,0.05525000,0.05523000,0.05525000,0.05523000,33912.40000000,13,1873.45199800,7873.60000000,434.93675500
1673281660543,TRXBUSD,1673281620000,1673281679999,0.05525000,0.05525000,0.05525000,0.05523000,34482.60000000,14,1904.95554800,8443.80000000,466.44030500
1673281664787,TRXBUSD,1673281620000,1673281679999,0.05525000,0.05525000,0.05525000,0.05523000,35006.60000000,15,1933.90654800,8967.80000000,495.39130500
1673281671382,TRXBUSD,1673281620000,1673281679999,0.05525000,0.05524000,0.05525000,0.05523000,47545.60000000,16,2626.56090800,8967.80000000,495.39130500
1673281674016,TRXBUSD,1673281620000,1673281679999,0.05525000,0.05525000,0.05525000,0.05523000,79150.40000000,21,4372.68668700,36630.50000000,2023.75548000
1673281678016,TRXBUSD,1673281620000,1673281679999,0.05525000,0.05525000,0.05525000,0.05523000,80062.30000000,22,4423.06916200,37542.40000000,2074.13795500
1673281680004,TRXBUSD,1673281620000,1673281679999,0.05525000,0.05525000,0.05525000,0.05523000,80062.30000000,22,4423.06916200,37542.40000000,2074.13795500
1673281682017,TRXBUSD,1673281680000,1673281739999,0.05525000,0.05525000,0.05525000,0.05525000,0.00000000,0,0.00000000,0.00000000,0.00000000
1673281684296,TRXBUSD,1673281680000,1673281739999,0.05524000,0.05524000,0.05524000,0.05524000,184.60000000,1,10.19730400,184.60000000,10.19730400
1673281688237,TRXBUSD,1673281680000,1673281739999,0.05524000,0.05522000,0.05524000,0.05522000,5904.80000000,2,326.06674800,184.60000000,10.19730400
1673281698592,TRXBUSD,1673281680000,1673281739999,0.05524000,0.05523000,0.05524000,0.05522000,6344.60000000,3,350.35690200,624.40000000,34.48745800
1673281705789,TRXBUSD,1673281680000,1673281739999,0.05524000,0.05521000,0.05524000,0.05521000,8210.40000000,4,453.36772000,624.40000000,34.48745800
1673281708018,TRXBUSD,1673281680000,1673281739999,0.05524000,0.05521000,0.05524000,0.05521000,8812.60000000,5,486.61518200,624.40000000,34.48745800
1673281736250,TRXBUSD,1673281680000,1673281739999,0.05524000,0.05519000,0.05524000,0.05519000,9364.40000000,6,517.06902400,624.40000000,34.48745800
1673281739020,TRXBUSD,1673281680000,1673281739999,0.05524000,0.05519000,0.05524000,0.05519000,16990.60000000,8,937.95900200,624.40000000,34.48745800
1673281740004,TRXBUSD,1673281680000,1673281739999,0.05524000,0.05519000,0.05524000,0.05519000,16990.60000000,8,937.95900200,624.40000000,34.48745800
1673281742021,TRXBUSD,1673281740000,1673281799999,0.05519000,0.05519000,0.05519000,0.05519000,0.00000000,0,0.00000000,0.00000000,0.00000000
1673281746020,TRXBUSD,1673281740000,1673281799999,0.05519000,0.05519000,0.05519000,0.05519000,1059.00000000,1,58.44621000,0.00000000,0.00000000
1673281749946,TRXBUSD,1673281740000,1673281799999,0.05519000,0.05521000,0.05521000,0.05519000,1811.80000000,3,100.00829800,0.00000000,0.00000000
1673281761090,TRXBUSD,1673281740000,1673281799999,0.05519000,0.05521000,0.05521000,0.05519000,3568.60000000,4,197.00122600,0.00000000,0.00000000
1673281764022,TRXBUSD,1673281740000,1673281799999,0.05519000,0.05521000,0.05521000,0.05519000,3930.80000000,5,216.99828800,0.00000000,0.00000000
1673281777214,TRXBUSD,1673281740000,1673281799999,0.05519000,0.05520000,0.05521000,0.05519000,4335.30000000,6,239.32668800,0.00000000,0.00000000
1673281789530,TRXBUSD,1673281740000,1673281799999,0.05519000,0.05521000,0.05521000,0.05519000,8863.40000000,7,489.32308900,4528.10000000,249.99640100
1673281794791,TRXBUSD,1673281740000,1673281799999,0.05519000,0.05522000,0.05522000,0.05519000,13122.50000000,8,724.51059100,8787.20000000,485.18390300
1673281797024,TRXBUSD,1673281740000,1673281799999,0.05519000,0.05522000,0.05522000,0.05519000,28648.10000000,12,1581.83422300,24312.80000000,1342.50753500
1673281800007,TRXBUSD,1673281740000,1673281799999,0.05519000,0.05522000,0.05522000,0.05519000,28648.10000000,12,1581.83422300,24312.80000000,1342.50753500
1673281802028,TRXBUSD,1673281800000,1673281859999,0.05522000,0.05524000,0.05524000,0.05522000,19969.70000000,7,1102.75458400,18119.70000000,1000.56983400
1673281815297,TRXBUSD,1673281800000,1673281859999,0.05522000,0.05525000,0.05525000,0.05522000,20332.00000000,8,1122.77165900,18482.00000000,1020.58690900
1673281824923,TRXBUSD,1673281800000,1673281859999,0.05522000,0.05525000,0.05525000,0.05522000,20794.60000000,9,1148.33030900,18944.60000000,1046.14555900
1673281833293,TRXBUSD,1673281800000,1673281859999,0.05522000,0.05525000,0.05525000,0.05522000,23600.90000000,10,1303.37838400,21750.90000000,1201.19363400
1673281835907,TRXBUSD,1673281800000,1673281859999,0.05522000,0.05526000,0.05526000,0.05522000,61143.40000000,26,3377.61065600,58378.70000000,3224.87958400
1673281842485,TRXBUSD,1673281800000,1673281859999,0.05522000,0.05527000,0.05527000,0.05522000,61951.20000000,27,3422.25776200,59186.50000000,3269.52669000
1673281846027,TRXBUSD,1673281800000,1673281859999,0.05522000,0.05526000,0.05527000,0.05522000,62137.10000000,28,3432.53059600,59186.50000000,3269.52669000
1673281857708,TRXBUSD,1673281800000,1673281859999,0.05522000,0.05527000,0.05527000,0.05522000,62589.60000000,29,3457.54027100,59639.00000000,3294.53636500
1673281860005,TRXBUSD,1673281800000,1673281859999,0.05522000,0.05528000,0.05528000,0.05522000,116416.00000000,36,6432.83626700,113465.40000000,6269.83236100
1673281862029,TRXBUSD,1673281860000,1673281919999,0.05528000,0.05528000,0.05528000,0.05528000,1869.80000000,1,103.36254400,1869.80000000,103.36254400
1673281864197,TRXBUSD,1673281860000,1673281919999,0.05528000,0.05530000,0.05530000,0.05528000,2261.30000000,2,125.01249400,2261.30000000,125.01249400
1673281866978,TRXBUSD,1673281860000,1673281919999,0.05528000,0.05530000,0.05531000,0.05528000,5092.40000000,6,281.57288500,2317.40000000,128.11538500
1673281874369,TRXBUSD,1673281860000,1673281919999,0.05528000,0.05530000,0.05531000,0.05528000,5547.30000000,7,306.72885500,2317.40000000,128.11538500
1673281880497,TRXBUSD,1673281860000,1673281919999,0.05528000,0.05527000,0.05531000,0.05527000,6472.30000000,8,357.85360500,2317.40000000,128.11538500
1673281892138,TRXBUSD,1673281860000,1673281919999,0.05528000,0.05527000,0.05531000,0.05527000,6924.60000000,9,382.85222600,2769.70000000,153.11400600
1673281895030,TRXBUSD,1673281860000,1673281919999,0.05528000,0.05527000,0.05531000,0.05527000,7564.50000000,10,418.21949900,3409.60000000,188.48127900
1673281903348,TRXBUSD,1673281860000,1673281919999,0.05528000,0.05526000,0.05531000,0.05526000,8164.50000000,11,451.37549900,3409.60000000,188.48127900
1673281908531,TRXBUSD,1673281860000,1673281919999,0.05528000,0.05528000,0.05531000,0.05526000,9089.50000000,12,502.50949900,3409.60000000,188.48127900
1673281912031,TRXBUSD,1673281860000,1673281919999,0.05528000,0.05528000,0.05531000,0.05526000,10014.50000000,13,553.64349900,3409.60000000,188.48127900
1673281915032,TRXBUSD,1673281860000,1673281919999,0.05528000,0.05528000,0.05531000,0.05526000,12271.50000000,14,678.41045900,3409.60000000,188.48127900
1673281920004,TRXBUSD,1673281860000,1673281919999,0.05528000,0.05528000,0.05531000,0.05526000,12271.50000000,14,678.41045900,3409.60000000,188.48127900
1673281922033,TRXBUSD,1673281920000,1673281979999,0.05528000,0.05528000,0.05528000,0.05528000,0.00000000,0,0.00000000,0.00000000,0.00000000
1673281926148,TRXBUSD,1673281920000,1673281979999,0.05530000,0.05530000,0.05530000,0.05530000,452.30000000,1,25.01219000,0.00000000,0.00000000
1673281929033,TRXBUSD,1673281920000,1673281979999,0.05530000,0.05531000,0.05531000,0.05530000,1264.00000000,3,69.90259000,339.00000000,18.75009000
1673281933033,TRXBUSD,1673281920000,1673281979999,0.05530000,0.05531000,0.05531000,0.05530000,2317.60000000,4,128.17720600,1392.60000000,77.02470600
1673281939796,TRXBUSD,1673281920000,1673281979999,0.05530000,0.05530000,0.05531000,0.05530000,2694.30000000,5,149.00871600,1769.30000000,97.85621600
1673281945154,TRXBUSD,1673281920000,1673281979999,0.05530000,0.05530000,0.05531000,0.05530000,3146.50000000,6,174.01537600,2221.50000000,122.86287600
1673281948034,TRXBUSD,1673281920000,1673281979999,0.05530000,0.05530000,0.05531000,0.05530000,7513.10000000,8,415.48835600,6588.10000000,364.33585600
1673281957620,TRXBUSD,1673281920000,1673281979999,0.05530000,0.05530000,0.05531000,0.05530000,7940.00000000,9,439.09592600,6588.10000000,364.33585600
1673281968360,TRXBUSD,1673281920000,1673281979999,0.05530000,0.05531000,0.05531000,0.05530000,8202.30000000,10,453.60373900,6850.40000000,378.84366900
1673281973465,TRXBUSD,1673281920000,1673281979999,0.05530000,0.05531000,0.05531000,0.05530000,17913.60000000,11,990.73574200,16561.70000000,915.97567200
1673281976036,TRXBUSD,1673281920000,1673281979999,0.05530000,0.05532000,0.05532000,0.05530000,35075.00000000,19,1939.93668900,33723.10000000,1865.17661900
1673281980005,TRXBUSD,1673281920000,1673281979999,0.05530000,0.05532000,0.05532000,0.05530000,35075.00000000,19,1939.93668900,33723.10000000,1865.17661900
1673281982038,TRXBUSD,1673281980000,1673282039999,0.05533000,0.05533000,0.05533000,0.05533000,2693.90000000,2,149.05348700,2693.90000000,149.05348700
1673281984223,TRXBUSD,1673281980000,1673282039999,0.05533000,0.05532000,0.05533000,0.05532000,5891.20000000,3,325.92812300,2693.90000000,149.05348700
1673281988036,TRXBUSD,1673281980000,1673282039999,0.05533000,0.05531000,0.05533000,0.05531000,82742.20000000,15,4577.30245600,3618.90000000,200.21523700
1673281990746,TRXBUSD,1673281980000,1673282039999,0.05533000,0.05530000,0.05533000,0.05530000,84242.20000000,16,4660.25245600,5118.90000000,283.16523700
1673281993562,TRXBUSD,1673281980000,1673282039999,0.05533000,0.05529000,0.05533000,0.05529000,89323.10000000,19,4941.17541700,5483.20000000,303.30738400
1673281996037,TRXBUSD,1673281980000,1673282039999,0.05533000,0.05529000,0.05533000,0.05529000,93388.70000000,21,5165.96244100,9548.80000000,528.09440800
1673281999037,TRXBUSD,1673281980000,1673282039999,0.05533000,0.05529000,0.05533000,0.05529000,97454.40000000,22,5390.75499400,13614.50000000,752.88696100
1673282011580,TRXBUSD,1673281980000,1673282039999,0.05533000,0.05530000,0.05533000,0.05529000,99039.40000000,23,5478.40549400,13614.50000000,752.88696100
1673282021157,TRXBUSD,1673281980000,1673282039999,0.05533000,0.05530000,0.05533000,0.05529000,110198.30000000,24,6095.49266400,13614.50000000,752.88696100
1673282024752,TRXBUSD,1673281980000,1673282039999,0.05533000,0.05531000,0.05533000,0.05529000,113816.90000000,25,6295.63743000,17233.10000000,953.03172700
1673282029896,TRXBUSD,1673281980000,1673282039999,0.05533000,0.05532000,0.05533000,0.05529000,117435.00000000,26,6495.79072200,20851.20000000,1153.18501900
1673282040004,TRXBUSD,1673281980000,1673282039999,0.05533000,0.05532000,0.05533000,0.05529000,117435.00000000,26,6495.79072200,20851.20000000,1153.18501900
1673282042041,TRXBUSD,1673282040000,1673282099999,0.05532000,0.05532000,0.05532000,0.05532000,0.00000000,0,0.00000000,0.00000000,0.00000000
1673282076182,TRXBUSD,1673282040000,1673282099999,0.05531000,0.05531000,0.05531000,0.05531000,484.00000000,1,26.77004000,484.00000000,26.77004000
1673282090677,TRXBUSD,1673282040000,1673282099999,0.05531000,0.05532000,0.05532000,0.05531000,16244.00000000,5,898.61324000,15882.50000000,878.61506000
1673282100005,TRXBUSD,1673282040000,1673282099999,0.05531000,0.05532000,0.05532000,0.05531000,16244.00000000,5,898.61324000,15882.50000000,878.61506000
1673282102046,TRXBUSD,1673282100000,1673282159999,0.05532000,0.05532000,0.05532000,0.05532000,0.00000000,0,0.00000000,0.00000000,0.00000000
1673282107384,TRXBUSD,1673282100000,1673282159999,0.05531000,0.05531000,0.05531000,0.05531000,361.50000000,1,19.99456500,361.50000000,19.99456500
1673282110045,TRXBUSD,1673282100000,1673282159999,0.05531000,0.05531000,0.05531000,0.05531000,1862.40000000,2,103.00934400,1862.40000000,103.00934400
1673282118023,TRXBUSD,1673282100000,1673282159999,0.05531000,0.05532000,0.05532000,0.05531000,2257.00000000,3,124.83861600,2257.00000000,124.83861600
1673282120154,TRXBUSD,1673282100000,1673282159999,0.05531000,0.05532000,0.05532000,0.05531000,4140.20000000,4,229.01724000,4140.20000000,229.01724000
1673282135140,TRXBUSD,1673282100000,1673282159999,0.05531000,0.05532000,0.05532000,0.05531000,5145.20000000,5,284.61384000,5145.20000000,284.61384000
1673282139222,TRXBUSD,1673282100000,1673282159999,0.05531000,0.05532000,0.05532000,0.05531000,5713.50000000,6,316.05219600,5713.50000000,316.05219600
1673282143196,TRXBUSD,1673282100000,1673282159999,0.05531000,0.05532000,0.05532000,0.05531000,7584.50000000,7,419.55591600,7584.50000000,419.55591600
1673282156543,TRXBUSD,1673282100000,1673282159999,0.05531000,0.05532000,0.05532000,0.05531000,7584.80000000,8,419.57251200,7584.80000000,419.57251200
1673282159048,TRXBUSD,1673282100000,1673282159999,0.05531000,0.05533000,0.05533000,0.05531000,22539.90000000,9,1247.03819500,22539.90000000,1247.03819500
1673282160005,TRXBUSD,1673282100000,1673282159999,0.05531000,0.05533000,0.05533000,0.05531000,22539.90000000,9,1247.03819500,22539.90000000,1247.03819500
1673282162050,TRXBUSD,1673282160000,1673282219999,0.05533000,0.05533000,0.05533000,0.05533000,0.00000000,0,0.00000000,0.00000000,0.00000000
1673282165058,TRXBUSD,1673282160000,1673282219999,0.05533000,0.05533000,0.05533000,0.05533000,1495.60000000,1,82.75154800,1495.60000000,82.75154800
1673282175710,TRXBUSD,1673282160000,1673282219999,0.05533000,0.05532000,0.05533000,0.05532000,6014.70000000,2,332.74816000,6014.70000000,332.74816000
1673282178050,TRXBUSD,1673282160000,1673282219999,0.05533000,0.05533000,0.05533000,0.05532000,44719.90000000,8,2473.92317300,26514.10000000,1466.77831700
1673282181050,TRXBUSD,1673282160000,1673282219999,0.05533000,0.05533000,0.05533000,0.05532000,45081.90000000,9,2493.95263300,26876.10000000,1486.80777700
1673282192296,TRXBUSD,1673282160000,1673282219999,0.05533000,0.05532000,0.05533000,0.05532000,46214.90000000,10,2556.63019300,26876.10000000,1486.80777700
1673282209542,TRXBUSD,1673282160000,1673282219999,0.05533000,0.05533000,0.05533000,0.05532000,49827.70000000,11,2756.52641700,30488.90000000,1686.70400100
1673282214052,TRXBUSD,1673282160000,1673282219999,0.05533000,0.05534000,0.05534000,0.05532000,54627.30000000,13,3022.09985200,35288.50000000,1952.27743600
1673282218052,TRXBUSD,1673282160000,1673282219999,0.05533000,0.05534000,0.05534000,0.05532000,55552.30000000,14,3073.28935200,36213.50000000,2003.46693600
1673282220004,TRXBUSD,1673282160000,1673282219999,0.05533000,0.05534000,0.05534000,0.05532000,56477.30000000,15,3124.47885200,37138.50000000,2054.65643600
1673282222053,TRXBUSD,1673282220000,1673282279999,0.05534000,0.05534000,0.05534000,0.05534000,833.00000000,1,46.09822000,833.00000000,46.09822000
1673282225054,TRXBUSD,1673282220000,1673282279999,0.05534000,0.05535000,0.05535000,0.05534000,3886.40000000,5,215.10390600,3886.40000000,215.10390600
1673282229053,TRXBUSD,1673282220000,1673282279999,0.05534000,0.05536000,0.05536000,0.05534000,4896.50000000,7,271.02304200,4896.50000000,271.02304200
1673282232053,TRXBUSD,1673282220000,1673282279999,0.05534000,0.05535000,0.05536000,0.05534000,6730.20000000,9,372.51833700,4896.50000000,271.02304200
1673282235798,TRXBUSD,1673282220000,1673282279999,0.05534000,0.05536000,0.05536000,0.05534000,43053.60000000,10,2383.38176100,41219.90000000,2281.88646600
1673282238054,TRXBUSD,1673282220000,1673282279999,0.05534000,0.05536000,0.05536000,0.05534000,79372.30000000,13,4393.98499300,77538.60000000,4292.48969800
1673282241054,TRXBUSD,1673282220000,1673282279999,0.05534000,0.05534000,0.05536000,0.05534000,107708.40000000,18,5962.41112600,86081.50000000,4765.42464200
1673282245786,TRXBUSD,1673282220000,1673282279999,0.05534000,0.05533000,0.05536000,0.05533000,113185.40000000,19,6265.45353600,86081.50000000,4765.42464200
1673282247872,TRXBUSD,1673282220000,1673282279999,0.05534000,0.05533000,0.05536000,0.05533000,113732.50000000,20,6295.72457900,86081.50000000,4765.42464200
1673282251054,TRXBUSD,1673282220000,1673282279999,0.05534000,0.05533000,0.05536000,0.05533000,114756.10000000,23,6352.36036700,86310.10000000,4778.07308000
1673282255055,TRXBUSD,1673282220000,1673282279999,0.05534000,0.05532000,0.05536000,0.05532000,116140.00000000,25,6428.91771500,86310.10000000,4778.07308000
1673282260898,TRXBUSD,1673282220000,1673282279999,0.05534000,0.05530000,0.05536000,0.05530000,117720.00000000,26,6516.29171500,86310.10000000,4778.07308000
1673282263370,TRXBUSD,1673282220000,1673282279999,0.05534000,0.05530000,0.05536000,0.05530000,117980.40000000,27,6530.69183500,86570.50000000,4792.47320000
1673282269608,TRXBUSD,1673282220000,1673282279999,0.05534000,0.05530000,0.05536000,0.05530000,119047.40000000,28,6589.69693500,87637.50000000,4851.47830000
1673282272791,TRXBUSD,1673282220000,1673282279999,0.05534000,0.05530000,0.05536000,0.05530000,120767.10000000,29,6684.79634500,89357.20000000,4946.57771000
1673282275056,TRXBUSD,1673282220000,1673282279999,0.05534000,0.05530000,0.05536000,0.05530000,120967.10000000,30,6695.85634500,89557.20000000,4957.63771000
1673282279056,TRXBUSD,1673282220000,1673282279999,0.05534000,0.05531000,0.05536000,0.05530000,121401.80000000,31,6719.89960200,89991.90000000,4981.68096700
1673282280004,TRXBUSD,1673282220000,1673282279999,0.05534000,0.05531000,0.05536000,0.05530000,121401.80000000,31,6719.89960200,89991.90000000,4981.68096700
1673282282057,TRXBUSD,1673282280000,1673282339999,0.05531000,0.05531000,0.05531000,0.05531000,0.00000000,0,0.00000000,0.00000000,0.00000000
1673282286243,TRXBUSD,1673282280000,1673282339999,0.05530000,0.05530000,0.05530000,0.05530000,18073.30000000,1,999.45349000,0.00000000,0.00000000
1673282288637,TRXBUSD,1673282280000,1673282339999,0.05530000,0.05528000,0.05530000,0.05528000,33477.70000000,5,1851.05982500,1698.50000000,93.91006500
1673282291057,TRXBUSD,1673282280000,1673282339999,0.05530000,0.05528000,0.05530000,0.05527000,83685.50000000,15,4626.34882100,32539.60000000,1798.80155200
1673282293321,TRXBUSD,1673282280000,1673282339999,0.05530000,0.05526000,0.05530000,0.05525000,89776.50000000,17,4962.91274100,35013.60000000,1935.49005200
1673282296242,TRXBUSD,1673282280000,1673282339999,0.05530000,0.05526000,0.05530000,0.05525000,93393.50000000,18,5162.78816100,35013.60000000,1935.49005200
1673282301109,TRXBUSD,1673282280000,1673282339999,0.05530000,0.05524000,0.05530000,0.05524000,93759.70000000,19,5183.01704900,35379.80000000,1955.71894000
1673282303466,TRXBUSD,1673282280000,1673282339999,0.05530000,0.05524000,0.05530000,0.05524000,94704.60000000,20,5235.21332500,36324.70000000,2007.91521600
1673282306058,TRXBUSD,1673282280000,1673282339999,0.05530000,0.05523000,0.05530000,0.05523000,95547.60000000,22,5281.77221500,36324.70000000,2007.91521600
1673282309242,TRXBUSD,1673282280000,1673282339999,0.05530000,0.05522000,0.05530000,0.05522000,99617.30000000,24,5506.50104900,36777.40000000,2032.91331000
1673282312058,TRXBUSD,1673282280000,1673282339999,0.05530000,0.05522000,0.05530000,0.05522000,124842.90000000,27,6899.45868100,62003.00000000,3425.87094200
1673282316117,TRXBUSD,1673282280000,1673282339999,0.05530000,0.05522000,0.05530000,0.05522000,127984.20000000,28,7072.92126700,65144.30000000,3599.33352800
1673282320134,TRXBUSD,1673282280000,1673282339999,0.05530000,0.05521000,0.05530000,0.05521000,128375.50000000,29,7094.52494000,65144.30000000,3599.33352800
1673282323060,TRXBUSD,1673282280000,1673282339999,0.05530000,0.05520000,0.05530000,0.05520000,132445.20000000,32,7319.17690700,65144.30000000,3599.33352800
1673282365894,TRXBUSD,1673282340000,1673282399999,0.05520000,0.05520000,0.05520000,0.05520000,714.00000000,1,39.41280000,714.00000000,39.41280000
1673282370063,TRXBUSD,1673282340000,1673282399999,0.05520000,0.05521000,0.05521000,0.05520000,26300.80000000,4,1451.92416000,26300.80000000,1451.92416000
1673282376332,TRXBUSD,1673282340000,1673282399999,0.05520000,0.05521000,0.05521000,0.05520000,27311.70000000,5,1507.73594900,26300.80000000,1451.92416000
1673282400005,TRXBUSD,1673282340000,1673282399999,0.05520000,0.05521000,0.05521000,0.05520000,27311.70000000,5,1507.73594900,26300.80000000,1451.92416000
1673282402066,TRXBUSD,1673282400000,1673282459999,0.05522000,0.05522000,0.05522000,0.05522000,398.00000000,1,21.97756000,398.00000000,21.97756000
1673282413914,TRXBUSD,1673282400000,1673282459999,0.05522000,0.05524000,0.05524000,0.05522000,4021.60000000,2,222.14522400,4021.60000000,222.14522400
1673282416066,TRXBUSD,1673282400000,1673282459999,0.05522000,0.05525000,0.05525000,0.05522000,34657.00000000,9,1914.68316800,28791.00000000,1590.58666800
1673282418927,TRXBUSD,1673282400000,1673282459999,0.05522000,0.05527000,0.05527000,0.05522000,39895.80000000,10,2204.23164400,34029.80000000,1880.13514400
1673282423066,TRXBUSD,1673282400000,1673282459999,0.05522000,0.05527000,0.05527000,0.05522000,41781.60000000,11,2308.45981000,35915.60000000,1984.36331000
1673282432055,TRXBUSD,1673282400000,1673282459999,0.05522000,0.05526000,0.05527000,0.05522000,42075.50000000,12,2324.70072400,36209.50000000,2000.60422400
1673282439240,TRXBUSD,1673282400000,1673282459999,0.05522000,0.05525000,0.05527000,0.05522000,51836.90000000,13,2864.01807400,36209.50000000,2000.60422400
1673282442067,TRXBUSD,1673282400000,1673282459999,0.05522000,0.05525000,0.05527000,0.05522000,51837.00000000,14,2864.02359900,36209.50000000,2000.60422400
1673282445580,TRXBUSD,1673282400000,1673282459999,0.05522000,0.05525000,0.05527000,0.05522000,52098.90000000,15,2878.49357400,36471.40000000,2015.07419900
1673282460004,TRXBUSD,1673282400000,1673282459999,0.05522000,0.05525000,0.05527000,0.05522000,52098.90000000,15,2878.49357400,36471.40000000,2015.07419900
1673282462014,TRXBUSD,1673282460000,1673282519999,0.05524000,0.05524000,0.05524000,0.05524000,31502.10000000,4,1740.17600400,25577.10000000,1412.87900400
1673282476045,TRXBUSD,1673282460000,1673282519999,0.05524000,0.05526000,0.05526000,0.05524000,31702.10000000,5,1751.22800400,25577.10000000,1412.87900400
1673282479070,TRXBUSD,1673282460000,1673282519999,0.05524000,0.05527000,0.05527000,0.05524000,32127.70000000,6,1774.75091600,26002.70000000,1436.40191600
1673282484517,TRXBUSD,1673282460000,1673282519999,0.05524000,0.05527000,0.05527000,0.05524000,50216.40000000,7,2774.51336500,44091.40000000,2436.16436500
1673282487071,TRXBUSD,1673282460000,1673282519999,0.05524000,0.05528000,0.05528000,0.05524000,64229.20000000,13,3549.09104700,49081.60000000,2711.97271900
1673282489244,TRXBUSD,1673282460000,1673282519999,0.05524000,0.05530000,0.05530000,0.05524000,78897.70000000,16,4360.20193000,63750.10000000,3523.08360200
1673282492071,TRXBUSD,1673282460000,1673282519999,0.05524000,0.05531000,0.05531000,0.05524000,85427.40000000,23,4721.34463700,65250.10000000,3606.03360200
1673282496071,TRXBUSD,1673282460000,1673282519999,0.05524000,0.05531000,0.05531000,0.05524000,86352.40000000,25,4772.50638700,65250.10000000,3606.03360200
1673282500071,TRXBUSD,1673282460000,1673282519999,0.05524000,0.05532000,0.05532000,0.05524000,87593.90000000,27,4841.18616700,66491.60000000,3674.71338200
1673282507102,TRXBUSD,1673282460000,1673282519999,0.05524000,0.05531000,0.05532000,0.05524000,90724.10000000,28,5014.31752900,66491.60000000,3674.71338200
1673282520005,TRXBUSD,1673282460000,1673282519999,0.05524000,0.05531000,0.05532000,0.05524000,90724.10000000,28,5014.31752900,66491.60000000,3674.71338200
1673282522075,TRXBUSD,1673282520000,1673282579999,0.05531000,0.05531000,0.05531000,0.05531000,0.00000000,0,0.00000000,0.00000000,0.00000000
1673282525388,TRXBUSD,1673282520000,1673282579999,0.05529000,0.05529000,0.05529000,0.05529000,1303.80000000,1,72.08710200,0.00000000,0.00000000
1673282529445,TRXBUSD,1673282520000,1673282579999,0.05529000,0.05530000,0.05530000,0.05529000,3822.30000000,2,211.36015200,2518.50000000,139.27305000
1673282532074,TRXBUSD,1673282520000,1673282579999,0.05529000,0.05531000,0.05531000,0.05529000,12923.00000000,5,714.71986900,11619.20000000,642.63276700
1673282541832,TRXBUSD,1673282520000,1673282579999,0.05529000,0.05531000,0.05531000,0.05529000,17443.40000000,6,964.74319300,16139.60000000,892.65609100
1673282544075,TRXBUSD,1673282520000,1673282579999,0.05529000,0.05531000,0.05531000,0.05529000,29908.90000000,11,1654.20999800,28605.10000000,1582.12289600
1673282546636,TRXBUSD,1673282520000,1673282579999,0.05529000,0.05531000,0.05531000,0.05529000,33419.20000000,12,1848.36469100,32115.40000000,1776.27758900
1673282549074,TRXBUSD,1673282520000,1673282579999,0.05529000,0.05531000,0.05531000,0.05529000,40656.80000000,16,2248.67634700,39353.00000000,2176.58924500
1673282552075,TRXBUSD,1673282520000,1673282579999,0.05529000,0.05533000,0.05533000,0.05529000,42920.70000000,19,2373.92858800,40682.30000000,2250.13941400
1673282555075,TRXBUSD,1673282520000,1673282579999,0.05529000,0.05533000,0.05533000,0.05529000,43956.20000000,21,2431.22280300,41717.80000000,2307.43362900
1673282571642,TRXBUSD,1673282520000,1673282579999,0.05529000,0.05534000,0.05534000,0.05529000,45577.60000000,22,2520.95107900,43339.20000000,2397.16190500
1673282573853,TRXBUSD,1673282520000,1673282579999,0.05529000,0.05535000,0.05535000,0.05529000,58558.00000000,27,3239.41621900,55867.70000000,3090.61438000
1673282576076,TRXBUSD,1673282520000,1673282579999,0.05529000,0.05535000,0.05535000,0.05529000,61617.20000000,29,3408.74293900,55867.70000000,3090.61438000
1673282578501,TRXBUSD,1673282520000,1673282579999,0.05529000,0.05535000,0.05535000,0.05529000,88943.10000000,37,4921.23150400,55867.70000000,3090.61438000
1673282580004,TRXBUSD,1673282520000,1673282579999,0.05529000,0.05535000,0.05535000,0.05529000,97976.50000000,40,5421.23019400,55867.70000000,3090.61438000
1673282582078,TRXBUSD,1673282580000,1673282639999,0.05535000,0.05535000,0.05535000,0.05535000,0.00000000,0,0.00000000,0.00000000,0.00000000
1673282586077,TRXBUSD,1673282580000,1673282639999,0.05535000,0.05535000,0.05535000,0.05535000,5649.10000000,1,312.67768500,5649.10000000,312.67768500
1673282588129,TRXBUSD,1673282580000,1673282639999,0.05535000,0.05535000,0.05535000,0.05535000,12736.40000000,3,704.95974000,5649.10000000,312.67768500
1673282591077,TRXBUSD,1673282580000,1673282639999,0.05535000,0.05536000,0.05536000,0.05535000,22737.10000000,8,1258.58160400,13961.00000000,772.82446900
1673282593878,TRXBUSD,1673282580000,1673282639999,0.05535000,0.05536000,0.05536000,0.05535000,25730.20000000,9,1424.27962000,13961.00000000,772.82446900
1673282596078,TRXBUSD,1673282580000,1673282639999,0.05535000,0.05536000,0.05536000,0.05535000,42960.40000000,16,2378.14349200,13961.00000000,772.82446900
1673282605559,TRXBUSD,1673282580000,1673282639999,0.05535000,0.05535000,0.05536000,0.05535000,43238.40000000,17,2393.53079200,14239.00000000,788.21176900
1673282608078,TRXBUSD,1673282580000,1673282639999,0.05535000,0.05535000,0.05536000,0.05535000,43614.60000000,18,2414.35346200,14615.20000000,809.03443900
1673282613277,TRXBUSD,1673282580000,1673282639999,0.05535000,0.05536000,0.05536000,0.05535000,44539.60000000,19,2465.56146200,14615.20000000,809.03443900
1673282617079,TRXBUSD,1673282580000,1673282639999,0.05535000,0.05536000,0.05536000,0.05535000,45464.60000000,20,2516.76946200,14615.20000000,809.03443900
1673282625243,TRXBUSD,1673282580000,1673282639999,0.05535000,0.05536000,0.05536000,0.05535000,46389.60000000,21,2567.97746200,14615.20000000,809.03443900
1673282629965,TRXBUSD,1673282580000,1673282639999,0.05535000,0.05537000,0.05537000,0.05535000,46780.60000000,22,2589.62713200,15006.20000000,830.68410900
1673282632080,TRXBUSD,1673282580000,1673282639999,0.05535000,0.05537000,0.05537000,0.05535000,47330.10000000,24,2620.05294700,15555.70000000,861.10992400
1673282640004,TRXBUSD,1673282580000,1673282639999,0.05535000,0.05537000,0.05537000,0.05535000,47330.10000000,24,2620.05294700,15555.70000000,861.10992400
1673282642082,TRXBUSD,1673282640000,1673282699999,0.05536000,0.05536000,0.05536000,0.05536000,30732.00000000,4,1701.32352000,0.00000000,0.00000000
1673282651830,TRXBUSD,1673282640000,1673282699999,0.05536000,0.05535000,0.05536000,0.05535000,31131.40000000,5,1723.43031000,0.00000000,0.00000000
1673282655082,TRXBUSD,1673282640000,1673282699999,0.05536000,0.05535000,0.05536000,0.05535000,31535.80000000,6,1745.81385000,0.00000000,0.00000000
1673282658378,TRXBUSD,1673282640000,1673282699999,0.05536000,0.05537000,0.05537000,0.05535000,37435.80000000,7,2072.49685000,0.00000000,0.00000000
1673282661080,TRXBUSD,1673282640000,1673282699999,0.05536000,0.05537000,0.05537000,0.05535000,39503.20000000,10,2186.96878800,0.00000000,0.00000000
1673282665303,TRXBUSD,1673282640000,1673282699999,0.05536000,0.05537000,0.05537000,0.05535000,46683.30000000,11,2584.53092500,0.00000000,0.00000000
1673282677856,TRXBUSD,1673282640000,1673282699999,0.05536000,0.05535000,0.05537000,0.05535000,47608.30000000,12,2635.72967500,0.00000000,0.00000000
1673282680339,TRXBUSD,1673282640000,1673282699999,0.05536000,0.05534000,0.05537000,0.05534000,77953.00000000,18,4315.23989000,0.00000000,0.00000000
1673282683083,TRXBUSD,1673282640000,1673282699999,0.05536000,0.05534000,0.05537000,0.05534000,80103.60000000,20,4434.25409400,0.00000000,0.00000000
1673282688866,TRXBUSD,1673282640000,1673282699999,0.05536000,0.05535000,0.05537000,0.05534000,83160.70000000,21,4603.46457900,0.00000000,0.00000000
1673282700006,TRXBUSD,1673282640000,1673282699999,0.05536000,0.05535000,0.05537000,0.05534000,83160.70000000,21,4603.46457900,0.00000000,0.00000000
1673282702088,TRXBUSD,1673282700000,1673282759999,0.05535000,0.05535000,0.05535000,0.05535000,0.00000000,0,0.00000000,0.00000000,0.00000000
1673282710358,TRXBUSD,1673282700000,1673282759999,0.05537000,0.05537000,0.05537000,0.05537000,201.20000000,1,11.14044400,0.00000000,0.00000000
1673282715473,TRXBUSD,1673282700000,1673282759999,0.05537000,0.05537000,0.05537000,0.05537000,563.20000000,2,31.18438400,0.00000000,0.00000000
1673282718086,TRXBUSD,1673282700000,1673282759999,0.05537000,0.05536000,0.05537000,0.05536000,1001.40000000,3,55.44313600,0.00000000,0.00000000
1673282722086,TRXBUSD,1673282700000,1673282759999,0.05537000,0.05537000,0.05537000,0.05536000,1723.80000000,4,95.44242400,722.40000000,39.99928800
1673282726656,TRXBUSD,1673282700000,1673282759999,0.05537000,0.05537000,0.05537000,0.05536000,10659.10000000,5,590.18998500,9657.70000000,534.74684900
1673282734675,TRXBUSD,1673282700000,1673282759999,0.05537000,0.05537000,0.05537000,0.05536000,20310.10000000,6,1124.56585500,19308.70000000,1069.12271900
1673282737087,TRXBUSD,1673282700000,1673282759999,0.05537000,0.05537000,0.05537000,0.05536000,21711.90000000,8,1202.18352100,20710.50000000,1146.74038500
1673282741498,TRXBUSD,1673282700000,1673282759999,0.05537000,0.05535000,0.05537000,0.05535000,33711.90000000,9,1866.38352100,20710.50000000,1146.74038500
1673282744088,TRXBUSD,1673282700000,1673282759999,0.05537000,0.05535000,0.05537000,0.05535000,44677.20000000,14,2473.31287600,22425.50000000,1241.66563500
1673282748089,TRXBUSD,1673282700000,1673282759999,0.05537000,0.05534000,0.05537000,0.05534000,57988.90000000,16,3209.98235400,22425.50000000,1241.66563500
1673282760004,TRXBUSD,1673282700000,1673282759999,0.05537000,0.05534000,0.05537000,0.05534000,57988.90000000,16,3209.98235400,22425.50000000,1241.66563500
1673282762090,TRXBUSD,1673282760000,1673282819999,0.05534000,0.05534000,0.05534000,0.05534000,0.00000000,0,0.00000000,0.00000000,0.00000000
1673282775956,TRXBUSD,1673282760000,1673282819999,0.05532000,0.05532000,0.05532000,0.05532000,1978.20000000,1,109.43402400,0.00000000,0.00000000
1673282778090,TRXBUSD,1673282760000,1673282819999,0.05532000,0.05532000,0.05532000,0.05532000,2954.80000000,2,163.45953600,0.00000000,0.00000000
1673282780376,TRXBUSD,1673282760000,1673282819999,0.05532000,0.05530000,0.05532000,0.05530000,6721.00000000,5,371.76534600,0.00000000,0.00000000
1673282783090,TRXBUSD,1673282760000,1673282819999,0.05532000,0.05530000,0.05532000,0.05530000,15555.80000000,10,860.32978600,0.00000000,0.00000000
1673282785223,TRXBUSD,1673282760000,1673282819999,0.05532000,0.05530000,0.05532000,0.05530000,35350.10000000,18,1954.95457600,0.00000000,0.00000000
1673282787367,TRXBUSD,1673282760000,1673282819999,0.05532000,0.05531000,0.05532000,0.05530000,44579.10000000,22,2465.34603000,0.00000000,0.00000000
1673282790091,TRXBUSD,1673282760000,1673282819999,0.05532000,0.05531000,0.05532000,0.05530000,49951.30000000,26,2762.48241200,0.00000000,0.00000000
1673282793091,TRXBUSD,1673282760000,1673282819999,0.05532000,0.05531000,0.05532000,0.05530000,57903.70000000,33,3202.34006600,1041.00000000,57.58812000
1673282797091,TRXBUSD,1673282760000,1673282819999,0.05532000,0.05531000,0.05532000,0.05530000,60039.00000000,35,3320.44350900,1041.00000000,57.58812000
1673282799785,TRXBUSD,1673282760000,1673282819999,0.05532000,0.05531000,0.05532000,0.05530000,69957.70000000,38,3869.04680600,1041.00000000,57.58812000
1673282802092,TRXBUSD,1673282760000,1673282819999,0.05532000,0.05531000,0.05532000,0.05530000,75748.50000000,40,4189.33595400,1041.00000000,57.58812000
1673282804592,TRXBUSD,1673282760000,1673282819999,0.05532000,0.05531000,0.05532000,0.05530000,76850.90000000,41,4250.30969800,1041.00000000,57.58812000
1673282806814,TRXBUSD,1673282760000,1673282819999,0.05532000,0.05531000,0.05532000,0.05530000,81334.80000000,45,4498.31420700,1041.00000000,57.58812000
1673282810188,TRXBUSD,1673282760000,1673282819999,0.05532000,0.05531000,0.05532000,0.05530000,85150.10000000,47,4709.33845000,1041.00000000,57.58812000
1673282813092,TRXBUSD,1673282760000,1673282819999,0.05532000,0.05531000,0.05532000,0.05530000,87237.40000000,48,4824.78701300,1041.00000000,57.58812000
1673282816081,TRXBUSD,1673282760000,1673282819999,0.05532000,0.05531000,0.05532000,0.05530000,92562.00000000,56,5119.24444300,1746.00000000,96.58167000
1673282819855,TRXBUSD,1673282760000,1673282819999,0.05532000,0.05530000,0.05532000,0.05530000,99173.60000000,60,5484.86940900,2094.60000000,115.86273600
1673282820004,TRXBUSD,1673282760000,1673282819999,0.05532000,0.05530000,0.05532000,0.05530000,99606.60000000,61,5508.81430900,2094.60000000,115.86273600
1673282822094,TRXBUSD,1673282820000,1673282879999,0.05530000,0.05530000,0.05530000,0.05530000,0.00000000,0,0.00000000,0.00000000,0.00000000
1673282824248,TRXBUSD,1673282820000,1673282879999,0.05530000,0.05531000,0.05531000,0.05530000,8852.40000000,6,489.54168800,396.80000000,21.94700800
1673282827093,TRXBUSD,1673282820000,1673282879999,0.05530000,0.05531000,0.05531000,0.05530000,11387.10000000,9,629.71511800,848.80000000,46.94712800
1673282833257,TRXBUSD,1673282820000,1673282879999,0.05530000,0.05531000,0.05531000,0.05530000,11839.50000000,10,654.73736200,848.80000000,46.94712800
1673282836003,TRXBUSD,1673282820000,1673282879999,0.05530000,0.05531000,0.05531000,0.05530000,25647.90000000,15,1418.47996600,1240.80000000,68.62864800
1673282844725,TRXBUSD,1673282820000,1673282879999,0.05530000,0.05530000,0.05531000,0.05530000,29266.00000000,16,1618.56089600,1240.80000000,68.62864800
1673282846834,TRXBUSD,1673282820000,1673282879999,0.05530000,0.05529000,0.05531000,0.05529000,37599.50000000,20,2079.32011100,1240.80000000,68.62864800
1673282849567,TRXBUSD,1673282820000,1673282879999,0.05530000,0.05529000,0.05531000,0.05529000,42715.30000000,27,2362.17269300,1240.80000000,68.62864800
1673282852034,TRXBUSD,1673282820000,1673282879999,0.05530000,0.05529000,0.05531000,0.05529000,59033.90000000,33,3264.42808700,1240.80000000,68.62864800
1673282855095,TRXBUSD,1673282820000,1673282879999,0.05530000,0.05529000,0.05531000,0.05529000,76363.00000000,38,4222.55402600,1240.80000000,68.62864800
1673282857847,TRXBUSD,1673282820000,1673282879999,0.05530000,0.05528000,0.05531000,0.05528000,76652.50000000,39,4238.55758600,1240.80000000,68.62864800
1673282860095,TRXBUSD,1673282820000,1673282879999,0.05530000,0.05528000,0.05531000,0.05528000,77144.20000000,40,4265.73876200,1240.80000000,68.62864800
1673282876539,TRXBUSD,1673282820000,1673282879999,0.05530000,0.05530000,0.05531000,0.05528000,77362.10000000,41,4277.78863200,1240.80000000,68.62864800
1673282880005,TRXBUSD,1673282820000,1673282879999,0.05530000,0.05530000,0.05531000,0.05528000,77362.10000000,41,4277.78863200,1240.80000000,68.62864800
1673282882100,TRXBUSD,1673282880000,1673282939999,0.05530000,0.05530000,0.05530000,0.05530000,0.00000000,0,0.00000000,0.00000000,0.00000000
1673282898555,TRXBUSD,1673282880000,1673282939999,0.05533000,0.05533000,0.05533000,0.05533000,365.10000000,1,20.20098300,365.10000000,20.20098300
1673282905187,TRXBUSD,1673282880000,1673282939999,0.05533000,0.05532000,0.05533000,0.05532000,3474.50000000,2,192.21299100,365.10000000,20.20098300
1673282908099,TRXBUSD,1673282880000,1673282939999,0.05533000,0.05532000,0.05533000,0.05532000,9836.90000000,5,544.18095900,365.10000000,20.20098300
1673282911099,TRXBUSD,1673282880000,1673282939999,0.05533000,0.05532000,0.05533000,0.05532000,13602.30000000,7,752.48288700,365.10000000,20.20098300
1673282914099,TRXBUSD,1673282880000,1673282939999,0.05533000,0.05532000,0.05533000,0.05532000,22219.80000000,11,1229.20298700,365.10000000,20.20098300
1673282916713,TRXBUSD,1673282880000,1673282939999,0.05533000,0.05532000,0.05533000,0.05532000,23884.20000000,13,1321.27759500,365.10000000,20.20098300
1673282919100,TRXBUSD,1673282880000,1673282939999,0.05533000,0.05532000,0.05533000,0.05532000,28826.90000000,18,1594.70775900,365.10000000,20.20098300
1673282922005,TRXBUSD,1673282880000,1673282939999,0.05533000,0.05530000,0.05533000,0.05530000,43701.30000000,26,2417.44123000,365.10000000,20.20098300
1673282924100,TRXBUSD,1673282880000,1673282939999,0.05533000,0.05530000,0.05533000,0.05530000,46563.00000000,27,2575.69324000,365.10000000,20.20098300
1673282940004,TRXBUSD,1673282880000,1673282939999,0.05533000,0.05530000,0.05533000,0.05530000,46563.00000000,27,2575.69324000,365.10000000,20.20098300
1673282942102,TRXBUSD,1673282940000,1673282999999,0.05530000,0.05530000,0.05530000,0.05530000,0.00000000,0,0.00000000,0.00000000,0.00000000
1673282946316,TRXBUSD,1673282940000,1673282999999,0.05532000,0.05532000,0.05532000,0.05532000,452.00000000,1,25.00464000,452.00000000,25.00464000
1673282949102,TRXBUSD,1673282940000,1673282999999,0.05532000,0.05533000,0.05533000,0.05532000,37043.90000000,5,2049.39323100,37043.90000000,2049.39323100
1673282958079,TRXBUSD,1673282940000,1673282999999,0.05532000,0.05534000,0.05534000,0.05532000,39009.70000000,6,2158.18060300,39009.70000000,2158.18060300
1673282970741,TRXBUSD,1673282940000,1673282999999,0.05532000,0.05536000,0.05536000,0.05532000,39884.90000000,7,2206.63167500,39884.90000000,2206.63167500
1673282973103,TRXBUSD,1673282940000,1673282999999,0.05532000,0.05536000,0.05536000,0.05532000,41795.40000000,9,2312.39695500,41795.40000000,2312.39695500
1673282985905,TRXBUSD,1673282940000,1673282999999,0.05532000,0.05536000,0.05536000,0.05532000,45410.50000000,10,2512.52889100,45410.50000000,2512.52889100
1673282988104,TRXBUSD,1673282940000,1673282999999,0.05532000,0.05536000,0.05536000,0.05532000,63374.20000000,14,3506.99932300,56256.10000000,3112.94130700
1673282990454,TRXBUSD,1673282940000,1673282999999,0.05532000,0.05536000,0.05536000,0.05532000,68144.80000000,18,3771.09973900,56256.10000000,3112.94130700
1673282992554,TRXBUSD,1673282940000,1673282999999,0.05532000,0.05536000,0.05536000,0.05532000,73741.30000000,22,4080.92197900,56256.10000000,3112.94130700
1673282995041,TRXBUSD,1673282940000,1673282999999,0.05532000,0.05548000,0.05550000,0.05532000,648003.90000000,119,35916.70633600,500522.50000000,27738.90614100
1673282997086,TRXBUSD,1673282940000,1673282999999,0.05532000,0.05555000,0.05556000,0.05532000,858718.20000000,171,47617.60240800,648021.70000000,35928.66379500
1673282999105,TRXBUSD,1673282940000,1673282999999,0.05532000,0.05568000,0.05568000,0.05532000,1166607.80000000,256,64743.85272500,897855.70000000,49825.77286400
1673283000005,TRXBUSD,1673282940000,1673282999999,0.05532000,0.05566000,0.05568000,0.05532000,1168179.40000000,258,64831.32798100,897855.70000000,49825.77286400
1673283002107,TRXBUSD,1673283000000,1673283059999,0.05566000,0.05568000,0.05568000,0.05558000,192221.30000000,45,10692.00632600,111107.10000000,6179.54118000
1673283004108,TRXBUSD,1673283000000,1673283059999,0.05566000,0.05573000,0.05574000,0.05558000,268436.10000000,74,14938.58190100,158655.00000000,8828.87105100
1673283006261,TRXBUSD,1673283000000,1673283059999,0.05566000,0.05578000,0.05584000,0.05558000,407294.20000000,137,22689.23907000,232649.20000000,12958.66631100
1673283008784,TRXBUSD,1673283000000,1673283059999,0.05566000,0.05577000,0.05584000,0.05558000,458051.30000000,146,25520.19676600,263651.70000000,14687.73018600
1673283011106,TRXBUSD,1673283000000,1673283059999,0.05566000,0.05573000,0.05584000,0.05558000,476644.00000000,153,26556.69923800,277751.70000000,15473.80518600
1673283013252,TRXBUSD,1673283000000,1673283059999,0.05566000,0.05569000,0.05584000,0.05558000,477419.60000000,155,26599.89627900,278139.40000000,15495.40007600
1673283015918,TRXBUSD,1673283000000,1673283059999,0.05566000,0.05563000,0.05584000,0.05558000,539853.20000000,170,30073.77355800,279039.70000000,15545.49276800
1673283019464,TRXBUSD,1673283000000,1673283059999,0.05566000,0.05562000,0.05584000,0.05558000,553283.50000000,175,30820.63507400,279293.00000000,15559.58131400
1673283021510,TRXBUSD,1673283000000,1673283059999,0.05566000,0.05564000,0.05584000,0.05558000,573732.10000000,180,31958.01751000,297820.80000000,16590.11510200
1673283024107,TRXBUSD,1673283000000,1673283059999,0.05566000,0.05565000,0.05584000,0.05558000,625406.30000000,185,34833.17855700,349495.00000000,19465.27614900
1673283028108,TRXBUSD,1673283000000,1673283059999,0.05566000,0.05569000,0.05584000,0.05558000,639903.10000000,189,35640.37638700,363991.80000000,20272.47397900
1673283030359,TRXBUSD,1673283000000,1673283059999,0.05566000,0.05569000,0.05584000,0.05558000,648541.60000000,192,36121.45445200,363991.80000000,20272.47397900
1673283032441,TRXBUSD,1673283000000,1673283059999,0.05566000,0.05565000,0.05584000,0.05558000,660231.40000000,196,36772.29798600,363991.80000000,20272.47397900
1673283035107,TRXBUSD,1673283000000,1673283059999,0.05566000,0.05565000,0.05584000,0.05558000,674124.50000000,197,37545.44900100,363991.80000000,20272.47397900
1673283039316,TRXBUSD,1673283000000,1673283059999,0.05566000,0.05563000,0.05584000,0.05558000,677239.20000000,198,37718.71976200,367106.50000000,20445.74474000
1673283042108,TRXBUSD,1673283000000,1673283059999,0.05566000,0.05562000,0.05584000,0.05558000,680738.60000000,201,37913.35639000,369877.60000000,20599.87332200
1673283044951,TRXBUSD,1673283000000,1673283059999,0.05566000,0.05561000,0.05584000,0.05558000,680938.60000000,202,37924.47839000,369877.60000000,20599.87332200
1673283047108,TRXBUSD,1673283000000,1673283059999,0.05566000,0.05561000,0.05584000,0.05558000,684119.40000000,203,38101.36267800,369877.60000000,20599.87332200
1673283049718,TRXBUSD,1673283000000,1673283059999,0.05566000,0.05561000,0.05584000,0.05558000,684616.50000000,204,38129.00640900,369877.60000000,20599.87332200
1673283055058,TRXBUSD,1673283000000,1673283059999,0.05566000,0.05560000,0.05584000,0.05558000,684833.90000000,205,38141.09384900,369877.60000000,20599.87332200
1673283057109,TRXBUSD,1673283000000,1673283059999,0.05566000,0.05559000,0.05584000,0.05558000,757054.20000000,217,42156.20971000,372085.60000000,20722.61604200
1673283060005,TRXBUSD,1673283000000,1673283059999,0.05566000,0.05559000,0.05584000,0.05558000,757054.20000000,217,42156.20971000,372085.60000000,20722.61604200
1673283062111,TRXBUSD,1673283060000,1673283119999,0.05559000,0.05557000,0.05559000,0.05557000,69348.40000000,9,3854.49061000,39806.80000000,2212.86001200
1673283064813,TRXBUSD,1673283060000,1673283119999,0.05559000,0.05556000,0.05559000,0.05556000,75569.90000000,14,4200.22087400,40346.50000000,2242.85653800
1673283066840,TRXBUSD,1673283060000,1673283119999,0.05559000,0.05550000,0.05559000,0.05550000,121512.70000000,27,6752.28401500,44874.50000000,2494.16053800
1673283070110,TRXBUSD,1673283060000,1673283119999,0.05559000,0.05550000,0.05559000,0.05549000,161369.60000000,33,8964.15059200,65594.10000000,3644.09833800
1673283074110,TRXBUSD,1673283060000,1673283119999,0.05559000,0.05553000,0.05559000,0.05549000,164973.50000000,34,9164.27515900,69198.00000000,3844.22290500
1673283078110,TRXBUSD,1673283060000,1673283119999,0.05559000,0.05554000,0.05559000,0.05549000,165291.00000000,35,9181.90910900,69515.50000000,3861.85685500
1673283081110,TRXBUSD,1673283060000,1673283119999,0.05559000,0.05553000,0.05559000,0.05549000,165590.90000000,36,9198.56255600,69815.40000000,3878.51030200
1673283083779,TRXBUSD,1673283060000,1673283119999,0.05559000,0.05553000,0.05559000,0.05549000,181463.10000000,37,10079.94582200,85687.60000000,4759.89356800
1673283098064,TRXBUSD,1673283060000,1673283119999,0.05559000,0.05550000,0.05559000,0.05549000,181662.70000000,38,10091.02362200,85687.60000000,4759.89356800
1673283101346,TRXBUSD,1673283060000,1673283119999,0.05559000,0.05550000,0.05559000,0.05549000,183464.50000000,39,10191.02352200,85687.60000000,4759.89356800
1673283104112,TRXBUSD,1673283060000,1673283119999,0.05559000,0.05550000,0.05559000,0.05549000,187392.10000000,41,10409.00532200,85687.60000000,4759.89356800
1673283108845,TRXBUSD,1673283060000,1673283119999,0.05559000,0.05550000,0.05559000,0.05549000,187608.30000000,42,10421.00442200,85903.80000000,4771.89266800
1673283113399,TRXBUSD,1673283060000,1673283119999,0.05559000,0.05549000,0.05559000,0.05549000,188058.90000000,43,10446.00821600,86354.40000000,4796.89646200
1673283116113,TRXBUSD,1673283060000,1673283119999,0.05559000,0.05549000,0.05559000,0.05549000,204436.80000000,45,11354.81788700,102732.30000000,5705.70613300
1673283120004,TRXBUSD,1673283060000,1673283119999,0.05559000,0.05549000,0.05559000,0.05549000,204436.80000000,45,11354.81788700,102732.30000000,5705.70613300
