1673192280005,TRXBNB,1673192220000,1673192279999,0.00020030,0.00020030,0.00020030,0.00020030,0.00000000,0,0.00000000,0.00000000,0.00000000
1673192282886,TRXBNB,1673192280000,1673192339999,0.00020030,0.00020030,0.00020030,0.00020030,0.00000000,0,0.00000000,0.00000000,0.00000000
1673192294887,TRXBNB,1673192280000,1673192339999,0.00020020,0.00020020,0.00020020,0.00020020,5925.00000000,2,1.18618500,0.00000000,0.00000000
1673192300051,TRXBNB,1673192280000,1673192339999,0.00020020,0.00020030,0.00020030,0.00020020,6326.00000000,3,1.26650530,401.00000000,0.08032030
1673192340005,TRXBNB,1673192280000,1673192339999,0.00020020,0.00020030,0.00020030,0.00020020,6326.00000000,3,1.26650530,401.00000000,0.08032030
1673192342890,TRXBNB,1673192340000,1673192399999,0.00020030,0.00020030,0.00020030,0.00020030,0.00000000,0,0.00000000,0.00000000,0.00000000
1673192383789,TRXBNB,1673192340000,1673192399999,0.00020010,0.00020010,0.00020010,0.00020010,464.00000000,1,0.09284640,0.00000000,0.00000000
1673192400005,TRXBNB,1673192340000,1673192399999,0.00020010,0.00020010,0.00020010,0.00020010,464.00000000,1,0.09284640,0.00000000,0.00000000
1673192402894,TRXBNB,1673192400000,1673192459999,0.00020010,0.00020010,0.00020010,0.00020010,0.00000000,0,0.00000000,0.00000000,0.00000000
1673192460005,TRXBNB,1673192400000,1673192459999,0.00020010,0.00020010,0.00020010,0.00020010,0.00000000,0,0.00000000,0.00000000,0.00000000
1673192462899,TRXBNB,1673192460000,1673192519999,0.00020010,0.00020010,0.00020010,0.00020010,0.00000000,0,0.00000000,0.00000000,0.00000000
1673192488256,TRXBNB,1673192460000,1673192519999,0.00020020,0.00020020,0.00020020,0.00020020,250.00000000,1,0.05005000,250.00000000,0.05005000
1673192520005,TRXBNB,1673192460000,1673192519999,0.00020020,0.00020020,0.00020020,0.00020020,250.00000000,1,0.05005000,250.00000000,0.05005000
1673192522903,TRXBNB,1673192520000,1673192579999,0.00020020,0.00020020,0.00020020,0.00020020,0.00000000,0,0.00000000,0.00000000,0.00000000
1673192580004,TRXBNB,1673192520000,1673192579999,0.00020020,0.00020020,0.00020020,0.00020020,0.00000000,0,0.00000000,0.00000000,0.00000000
1673192582907,TRXBNB,1673192580000,1673192639999,0.00020020,0.00020020,0.00020020,0.00020020,0.00000000,0,0.00000000,0.00000000,0.00000000
1673192621790,TRXBNB,1673192580000,1673192639999,0.00020010,0.00020010,0.00020010,0.00020010,925.00000000,1,0.18509250,0.00000000,0.00000000
1673192623910,TRXBNB,1673192580000,1673192639999,0.00020010,0.00020000,0.00020010,0.00020000,4745.00000000,4,0.94938200,0.00000000,0.00000000
1673192626910,TRXBNB,1673192580000,1673192639999,0.00020010,0.00019970,0.00020010,0.00019970,38260.00000000,11,7.64900080,1553.00000000,0.31060000
1673192631558,TRXBNB,1673192580000,1673192639999,0.00020010,0.00019990,0.00020010,0.00019970,38760.00000000,12,7.74895080,2053.00000000,0.41055000
1673192640004,TRXBNB,1673192580000,1673192639999,0.00020010,0.00019990,0.00020010,0.00019970,38760.00000000,12,7.74895080,2053.00000000,0.41055000
1673192642911,TRXBNB,1673192640000,1673192699999,0.00019990,0.00019990,0.00019990,0.00019990,0.00000000,0,0.00000000,0.00000000,0.00000000
1673192649086,TRXBNB,1673192640000,1673192699999,0.00019980,0.00019980,0.00019980,0.00019980,5000.00000000,1,0.99900000,0.00000000,0.00000000
1673192651912,TRXBNB,1673192640000,1673192699999,0.00019980,0.00019980,0.00019980,0.00019980,10108.00000000,3,2.01957840,4183.00000000,0.83576340
1673192668617,TRXBNB,1673192640000,1673192699999,0.00019980,0.00019970,0.00019980,0.00019970,11033.00000000,4,2.20430090,4183.00000000,0.83576340
1673192671913,TRXBNB,1673192640000,1673192699999,0.00019980,0.00019960,0.00019980,0.00019960,17596.00000000,6,3.51427570,4183.00000000,0.83576340
1673192702916,TRXBNB,1673192700000,1673192759999,0.00019960,0.00019960,0.00019960,0.00019960,0.00000000,0,0.00000000,0.00000000,0.00000000
1673192760004,TRXBNB,1673192700000,1673192759999,0.00019980,0.00019960,0.00019980,0.00019960,1425.00000000,2,0.28453000,500.00000000,0.09990000
1673192762104,TRXBNB,1673192760000,1673192819999,0.00019950,0.00019940,0.00019950,0.00019940,15380.00000000,3,3.06736450,0.00000000,0.00000000
1673192764150,TRXBNB,1673192760000,1673192819999,0.00019950,0.00019900,0.00019950,0.00019900,53256.00000000,13,10.61872760,4199.00000000,0.83728060
1673192766155,TRXBNB,1673192760000,1673192819999,0.00019950,0.00019850,0.00019950,0.00019850,85839.00000000,21,17.09598730,26403.00000000,5.25365620
1673192768532,TRXBNB,1673192760000,1673192819999,0.00019950,0.00019880,0.00019950,0.00019800,92602.00000000,29,18.43853230,28820.00000000,5.73403580
1673192770618,TRXBNB,1673192760000,1673192819999,0.00019950,0.00019850,0.00019950,0.00019800,104152.00000000,34,20.73040730,31445.00000000,6.25509830
1673192773628,TRXBNB,1673192760000,1673192819999,0.00019950,0.00019850,0.00019950,0.00019800,105077.00000000,35,20.91401980,31445.00000000,6.25509830
1673192790306,TRXBNB,1673192760000,1673192819999,0.00019950,0.00019860,0.00019950,0.00019800,156185.00000000,40,31.06420340,51696.00000000,10.27789670
1673192793324,TRXBNB,1673192760000,1673192819999,0.00019950,0.00019860,0.00019950,0.00019800,158579.00000000,41,31.53965180,54090.00000000,10.75334510
1673192800461,TRXBNB,1673192760000,1673192819999,0.00019950,0.00019850,0.00019950,0.00019800,159504.00000000,42,31.72326430,54090.00000000,10.75334510
1673192809064,TRXBNB,1673192760000,1673192819999,0.00019950,0.00019850,0.00019950,0.00019800,160429.00000000,43,31.90687680,54090.00000000,10.75334510
1673192811689,TRXBNB,1673192760000,1673192819999,0.00019950,0.00019840,0.00019950,0.00019800,166036.00000000,45,33.01930560,54090.00000000,10.75334510
1673192813923,TRXBNB,1673192760000,1673192819999,0.00019950,0.00019840,0.00019950,0.00019800,204516.00000000,47,40.65373760,54090.00000000,10.75334510
1673192820004,TRXBNB,1673192760000,1673192819999,0.00019950,0.00019840,0.00019950,0.00019800,204516.00000000,47,40.65373760,54090.00000000,10.75334510
1673192822924,TRXBNB,1673192820000,1673192879999,0.00019840,0.00019840,0.00019840,0.00019840,0.00000000,0,0.00000000,0.00000000,0.00000000
1673192826346,TRXBNB,1673192820000,1673192879999,0.00019860,0.00019870,0.00019870,0.00019860,1850.00000000,2,0.36750250,1850.00000000,0.36750250
1673192829924,TRXBNB,1673192820000,1673192879999,0.00019860,0.00019870,0.00019870,0.00019860,2775.00000000,3,0.55130000,2775.00000000,0.55130000
1673192840198,TRXBNB,1673192820000,1673192879999,0.00019860,0.00019870,0.00019870,0.00019860,3278.00000000,4,0.65124610,3278.00000000,0.65124610
1673192844621,TRXBNB,1673192820000,1673192879999,0.00019860,0.00019870,0.00019870,0.00019860,4203.00000000,5,0.83504360,4203.00000000,0.83504360
1673192847925,TRXBNB,1673192820000,1673192879999,0.00019860,0.00019870,0.00019870,0.00019860,5128.00000000,6,1.01884110,5128.00000000,1.01884110
1673192850557,TRXBNB,1673192820000,1673192879999,0.00019860,0.00019880,0.00019880,0.00019860,11169.00000000,7,2.21979190,11169.00000000,2.21979190
1673192852926,TRXBNB,1673192820000,1673192879999,0.00019860,0.00019870,0.00019880,0.00019860,18169.00000000,10,3.61126330,16883.00000000,3.35573510
1673192879111,TRXBNB,1673192820000,1673192879999,0.00019860,0.00019890,0.00019890,0.00019860,18469.00000000,11,3.67093330,16883.00000000,3.35573510
1673192880005,TRXBNB,1673192820000,1673192879999,0.00019860,0.00019870,0.00019890,0.00019860,47763.00000000,13,9.49210350,43915.00000000,8.72699350
1673192882928,TRXBNB,1673192880000,1673192939999,0.00019860,0.00019860,0.00019860,0.00019860,955.00000000,2,0.18966300,0.00000000,0.00000000
1673192890081,TRXBNB,1673192880000,1673192939999,0.00019860,0.00019870,0.00019870,0.00019860,5667.00000000,3,1.12593740,4712.00000000,0.93627440
1673192892929,TRXBNB,1673192880000,1673192939999,0.00019860,0.00019870,0.00019870,0.00019860,10769.00000000,4,2.13970480,9814.00000000,1.95004180
1673192928170,TRXBNB,1673192880000,1673192939999,0.00019860,0.00019860,0.00019870,0.00019860,11658.00000000,5,2.31626020,9814.00000000,1.95004180
1673192936472,TRXBNB,1673192880000,1673192939999,0.00019860,0.00019860,0.00019870,0.00019860,12583.00000000,6,2.49996520,9814.00000000,1.95004180
1673192939932,TRXBNB,1673192880000,1673192939999,0.00019860,0.00019860,0.00019870,0.00019860,13508.00000000,7,2.68367020,9814.00000000,1.95004180
1673192940004,TRXBNB,1673192880000,1673192939999,0.00019860,0.00019860,0.00019870,0.00019860,13508.00000000,7,2.68367020,9814.00000000,1.95004180
1673192942932,TRXBNB,1673192940000,1673192999999,0.00019860,0.00019860,0.00019860,0.00019860,0.00000000,0,0.00000000,0.00000000,0.00000000
1673192953469,TRXBNB,1673192940000,1673192999999,0.00019850,0.00019850,0.00019850,0.00019850,676.00000000,1,0.13418600,0.00000000,0.00000000
1673192963165,TRXBNB,1673192940000,1673192999999,0.00019850,0.00019870,0.00019870,0.00019850,3483.00000000,2,0.69193690,2807.00000000,0.55775090
1673192966162,TRXBNB,1673192940000,1673192999999,0.00019850,0.00019850,0.00019870,0.00019850,8483.00000000,3,1.68443690,2807.00000000,0.55775090
1673192968934,TRXBNB,1673192940000,1673192999999,0.00019850,0.00019850,0.00019870,0.00019850,9408.00000000,4,1.86804940,2807.00000000,0.55775090
1673192975339,TRXBNB,1673192940000,1673192999999,0.00019850,0.00019870,0.00019870,0.00019850,10333.00000000,5,2.05184690,3732.00000000,0.74154840
1673193000005,TRXBNB,1673192940000,1673192999999,0.00019850,0.00019870,0.00019870,0.00019850,10333.00000000,5,2.05184690,3732.00000000,0.74154840
1673193002936,TRXBNB,1673193000000,1673193059999,0.00019870,0.00019870,0.00019870,0.00019870,0.00000000,0,0.00000000,0.00000000,0.00000000
1673193046639,TRXBNB,1673193000000,1673193059999,0.00019860,0.00019860,0.00019860,0.00019860,300.00000000,1,0.05958000,0.00000000,0.00000000
1673193048939,TRXBNB,1673193000000,1673193059999,0.00019860,0.00019850,0.00019860,0.00019850,1367.00000000,3,0.27139370,0.00000000,0.00000000
1673193051990,TRXBNB,1673193000000,1673193059999,0.00019860,0.00019850,0.00019860,0.00019850,5216.00000000,4,1.03542020,3849.00000000,0.76402650
1673193060005,TRXBNB,1673193000000,1673193059999,0.00019860,0.00019850,0.00019860,0.00019850,5216.00000000,4,1.03542020,3849.00000000,0.76402650
1673193062940,TRXBNB,1673193060000,1673193119999,0.00019850,0.00019850,0.00019850,0.00019850,0.00000000,0,0.00000000,0.00000000,0.00000000
1673193065875,TRXBNB,1673193060000,1673193119999,0.00019860,0.00019860,0.00019860,0.00019860,755.00000000,1,0.14994300,755.00000000,0.14994300
1673193074242,TRXBNB,1673193060000,1673193119999,0.00019860,0.00019840,0.00019860,0.00019840,1055.00000000,2,0.20946300,755.00000000,0.14994300
1673193076677,TRXBNB,1673193060000,1673193119999,0.00019860,0.00019820,0.00019860,0.00019820,9730.00000000,7,1.93006550,755.00000000,0.14994300
1673193078941,TRXBNB,1673193060000,1673193119999,0.00019860,0.00019810,0.00019860,0.00019810,49635.00000000,10,9.83892420,3878.00000000,0.76860930
1673193113810,TRXBNB,1673193060000,1673193119999,0.00019860,0.00019820,0.00019860,0.00019810,53929.00000000,12,10.68976360,5858.00000000,1.16104530
1673193120004,TRXBNB,1673193060000,1673193119999,0.00019860,0.00019820,0.00019860,0.00019810,53929.00000000,12,10.68976360,5858.00000000,1.16104530
1673193122944,TRXBNB,1673193120000,1673193179999,0.00019820,0.00019820,0.00019820,0.00019820,0.00000000,0,0.00000000,0.00000000,0.00000000
1673193130917,TRXBNB,1673193120000,1673193179999,0.00019840,0.00019840,0.00019840,0.00019840,500.00000000,1,0.09920000,500.00000000,0.09920000
1673193180004,TRXBNB,1673193120000,1673193179999,0.00019840,0.00019840,0.00019840,0.00019840,500.00000000,1,0.09920000,500.00000000,0.09920000
1673193182948,TRXBNB,1673193180000,1673193239999,0.00019840,0.00019840,0.00019840,0.00019840,0.00000000,0,0.00000000,0.00000000,0.00000000
1673193227276,TRXBNB,1673193180000,1673193239999,0.00019810,0.00019810,0.00019810,0.00019810,925.00000000,1,0.18324250,0.00000000,0.00000000
1673193229763,TRXBNB,1673193180000,1673193239999,0.00019810,0.00019800,0.00019810,0.00019800,6850.00000000,3,1.35689250,0.00000000,0.00000000
1673193233839,TRXBNB,1673193180000,1673193239999,0.00019810,0.00019810,0.00019810,0.00019800,10698.00000000,5,2.11908880,2923.00000000,0.57904630
1673193240005,TRXBNB,1673193180000,1673193239999,0.00019810,0.00019810,0.00019810,0.00019800,10698.00000000,5,2.11908880,2923.00000000,0.57904630
1673193251104,TRXBNB,1673193240000,1673193299999,0.00019800,0.00019800,0.00019800,0.00019800,925.00000000,1,0.18315000,0.00000000,0.00000000
1673193253953,TRXBNB,1673193240000,1673193299999,0.00019800,0.00019800,0.00019800,0.00019800,2947.00000000,2,0.58350600,0.00000000,0.00000000
1673193257953,TRXBNB,1673193240000,1673193299999,0.00019800,0.00019790,0.00019800,0.00019790,8872.00000000,4,1.75606350,0.00000000,0.00000000
1673193300005,TRXBNB,1673193240000,1673193299999,0.00019800,0.00019790,0.00019800,0.00019790,8872.00000000,4,1.75606350,0.00000000,0.00000000
1673193302957,TRXBNB,1673193300000,1673193359999,0.00019790,0.00019790,0.00019790,0.00019790,0.00000000,0,0.00000000,0.00000000,0.00000000
1673193360004,TRXBNB,1673193300000,1673193359999,0.00019790,0.00019790,0.00019790,0.00019790,0.00000000,0,0.00000000,0.00000000,0.00000000
1673193362961,TRXBNB,1673193360000,1673193419999,0.00019790,0.00019790,0.00019790,0.00019790,0.00000000,0,0.00000000,0.00000000,0.00000000
1673193420005,TRXBNB,1673193360000,1673193419999,0.00019790,0.00019790,0.00019790,0.00019790,0.00000000,0,0.00000000,0.00000000,0.00000000
1673193422965,TRXBNB,1673193420000,1673193479999,0.00019790,0.00019790,0.00019790,0.00019790,0.00000000,0,0.00000000,0.00000000,0.00000000
1673193432844,TRXBNB,1673193420000,1673193479999,0.00019800,0.00019800,0.00019800,0.00019800,2000.00000000,1,0.39600000,0.00000000,0.00000000
1673193480004,TRXBNB,1673193420000,1673193479999,0.00019800,0.00019800,0.00019800,0.00019800,2000.00000000,1,0.39600000,0.00000000,0.00000000
1673193482969,TRXBNB,1673193480000,1673193539999,0.00019800,0.00019800,0.00019800,0.00019800,0.00000000,0,0.00000000,0.00000000,0.00000000
1673193515319,TRXBNB,1673193480000,1673193539999,0.00019820,0.00019820,0.00019820,0.00019820,925.00000000,1,0.18333500,925.00000000,0.18333500
1673193517971,TRXBNB,1673193480000,1673193539999,0.00019820,0.00019820,0.00019820,0.00019820,6075.00000000,3,1.20406500,6075.00000000,1.20406500
1673193540004,TRXBNB,1673193480000,1673193539999,0.00019820,0.00019820,0.00019820,0.00019820,6075.00000000,3,1.20406500,6075.00000000,1.20406500
1673193542973,TRXBNB,1673193540000,1673193599999,0.00019820,0.00019820,0.00019820,0.00019820,0.00000000,0,0.00000000,0.00000000,0.00000000
1673193600010,TRXBNB,1673193540000,1673193599999,0.00019820,0.00019820,0.00019820,0.00019820,0.00000000,0,0.00000000,0.00000000,0.00000000
1673193602978,TRXBNB,1673193600000,1673193659999,0.00019820,0.00019820,0.00019820,0.00019820,0.00000000,0,0.00000000,0.00000000,0.00000000
1673193623108,TRXBNB,1673193600000,1673193659999,0.00019810,0.00019810,0.00019810,0.00019810,300.00000000,1,0.05943000,0.00000000,0.00000000
1673193625979,TRXBNB,1673193600000,1673193659999,0.00019810,0.00019810,0.00019810,0.00019810,302.00000000,2,0.05982620,0.00000000,0.00000000
1673193636169,TRXBNB,1673193600000,1673193659999,0.00019810,0.00019820,0.00019820,0.00019810,15121.00000000,3,2.99695200,14819.00000000,2.93712580
1673193638980,TRXBNB,1673193600000,1673193659999,0.00019810,0.00019820,0.00019820,0.00019810,36148.00000000,8,7.16450340,35846.00000000,7.10467720
1673193660004,TRXBNB,1673193600000,1673193659999,0.00019810,0.00019820,0.00019820,0.00019810,36148.00000000,8,7.16450340,35846.00000000,7.10467720
1673193662982,TRXBNB,1673193660000,1673193719999,0.00019820,0.00019820,0.00019820,0.00019820,0.00000000,0,0.00000000,0.00000000,0.00000000
1673193668440,TRXBNB,1673193660000,1673193719999,0.00019820,0.00019820,0.00019820,0.00019820,343.00000000,1,0.06798260,343.00000000,0.06798260
1673193673952,TRXBNB,1673193660000,1673193719999,0.00019820,0.00019820,0.00019820,0.00019820,3829.00000000,2,0.75890780,343.00000000,0.06798260
1673193720004,TRXBNB,1673193660000,1673193719999,0.00019820,0.00019820,0.00019820,0.00019820,3829.00000000,2,0.75890780,343.00000000,0.06798260
1673193722986,TRXBNB,1673193720000,1673193779999,0.00019820,0.00019820,0.00019820,0.00019820,0.00000000,0,0.00000000,0.00000000,0.00000000
1673193725986,TRXBNB,1673193720000,1673193779999,0.00019830,0.00019830,0.00019830,0.00019830,2498.00000000,1,0.49535340,2498.00000000,0.49535340
1673193730709,TRXBNB,1673193720000,1673193779999,0.00019830,0.00019830,0.00019830,0.00019830,15567.00000000,2,3.08693610,15567.00000000,3.08693610
1673193732986,TRXBNB,1673193720000,1673193779999,0.00019830,0.00019830,0.00019830,0.00019830,20899.00000000,4,4.14427170,20899.00000000,4.14427170
1673193741425,TRXBNB,1673193720000,1673193779999,0.00019830,0.00019840,0.00019840,0.00019830,21824.00000000,5,4.32779170,21824.00000000,4.32779170
1673193743987,TRXBNB,1673193720000,1673193779999,0.00019830,0.00019840,0.00019840,0.00019830,25255.00000000,6,5.00850210,25255.00000000,5.00850210
1673193747821,TRXBNB,1673193720000,1673193779999,0.00019830,0.00019850,0.00019850,0.00019830,26180.00000000,7,5.19211460,26180.00000000,5.19211460
1673193752369,TRXBNB,1673193720000,1673193779999,0.00019830,0.00019830,0.00019850,0.00019830,26617.00000000,8,5.27877170,26180.00000000,5.19211460
1673193960004,TRXBNB,1673193900000,1673193959999,0.00019870,0.00019870,0.00019870,0.00019870,0.00000000,0,0.00000000,0.00000000,0.00000000
1673193963003,TRXBNB,1673193960000,1673194019999,0.00019870,0.00019870,0.00019870,0.00019870,0.00000000,0,0.00000000,0.00000000,0.00000000
1673194020004,TRXBNB,1673193960000,1673194019999,0.00019870,0.00019870,0.00019870,0.00019870,0.00000000,0,0.00000000,0.00000000,0.00000000
1673194022008,TRXBNB,1673194020000,1673194079999,0.00019870,0.00019870,0.00019870,0.00019870,0.00000000,0,0.00000000,0.00000000,0.00000000
1673194080004,TRXBNB,1673194020000,1673194079999,0.00019870,0.00019870,0.00019870,0.00019870,0.00000000,0,0.00000000,0.00000000,0.00000000
1673194082012,TRXBNB,1673194080000,1673194139999,0.00019870,0.00019870,0.00019870,0.00019870,0.00000000,0,0.00000000,0.00000000,0.00000000
1673194099667,TRXBNB,1673194080000,1673194139999,0.00019870,0.00019870,0.00019870,0.00019870,503.00000000,1,0.09994610,503.00000000,0.09994610
1673194157749,TRXBNB,1673194140000,1673194199999,0.00019860,0.00019860,0.00019860,0.00019860,505.00000000,1,0.10029300,0.00000000,0.00000000
1673194198229,TRXBNB,1673194140000,1673194199999,0.00019860,0.00019860,0.00019860,0.00019860,862.00000000,2,0.17119320,0.00000000,0.00000000
1673194200004,TRXBNB,1673194140000,1673194199999,0.00019860,0.00019860,0.00019860,0.00019860,862.00000000,2,0.17119320,0.00000000,0.00000000
1673194202021,TRXBNB,1673194200000,1673194259999,0.00019860,0.00019860,0.00019860,0.00019860,0.00000000,0,0.00000000,0.00000000,0.00000000
1673194207602,TRXBNB,1673194200000,1673194259999,0.00019870,0.00019870,0.00019870,0.00019870,925.00000000,1,0.18379750,925.00000000,0.18379750
1673194210021,TRXBNB,1673194200000,1673194259999,0.00019870,0.00019870,0.00019870,0.00019870,3801.00000000,2,0.75525870,3801.00000000,0.75525870
1673194860005,TRXBNB,1673194800000,1673194859999,0.00019860,0.00019840,0.00019860,0.00019840,39033.00000000,7,7.74826730,2816.00000000,0.55925760
1673194862067,TRXBNB,1673194860000,1673194919999,0.00019840,0.00019840,0.00019840,0.00019840,0.00000000,0,0.00000000,0.00000000,0.00000000
1673281649296,TRXBNB,1673281620000,1673281679999,0.00019690,0.00019690,0.00019690,0.00019690,925.00000000,1,0.18213250,0.00000000,0.00000000
1673281655748,TRXBNB,1673281620000,1673281679999,0.00019690,0.00019690,0.00019690,0.00019690,1850.00000000,2,0.36426500,0.00000000,0.00000000
1673281658014,TRXBNB,1673281620000,1673281679999,0.00019690,0.00019690,0.00019690,0.00019680,3631.00000000,4,0.71485830,0.00000000,0.00000000
1673281672529,TRXBNB,1673281620000,1673281679999,0.00019690,0.00019680,0.00019690,0.00019680,8631.00000000,5,1.69885830,0.00000000,0.00000000
1673281675015,TRXBNB,1673281620000,1673281679999,0.00019690,0.00019680,0.00019690,0.00019680,12334.00000000,7,2.42760870,2778.00000000,0.54671040
1673281680004,TRXBNB,1673281620000,1673281679999,0.00019690,0.00019680,0.00019690,0.00019680,12334.00000000,7,2.42760870,2778.00000000,0.54671040
1673281682016,TRXBNB,1673281680000,1673281739999,0.00019680,0.00019680,0.00019680,0.00019680,0.00000000,0,0.00000000,0.00000000,0.00000000
1673281740004,TRXBNB,1673281680000,1673281739999,0.00019680,0.00019680,0.00019680,0.00019680,0.00000000,0,0.00000000,0.00000000,0.00000000
1673281742020,TRXBNB,1673281740000,1673281799999,0.00019680,0.00019680,0.00019680,0.00019680,0.00000000,0,0.00000000,0.00000000,0.00000000
1673281800006,TRXBNB,1673281740000,1673281799999,0.00019680,0.00019680,0.00019680,0.00019680,0.00000000,0,0.00000000,0.00000000,0.00000000
1673281802024,TRXBNB,1673281800000,1673281859999,0.00019680,0.00019680,0.00019680,0.00019680,0.00000000,0,0.00000000,0.00000000,0.00000000
1673281860004,TRXBNB,1673281800000,1673281859999,0.00019680,0.00019680,0.00019680,0.00019680,0.00000000,0,0.00000000,0.00000000,0.00000000
1673281862028,TRXBNB,1673281860000,1673281919999,0.00019680,0.00019680,0.00019680,0.00019680,0.00000000,0,0.00000000,0.00000000,0.00000000
1673281899110,TRXBNB,1673281860000,1673281919999,0.00019690,0.00019690,0.00019690,0.00019690,500.00000000,1,0.09845000,500.00000000,0.09845000
1673281902030,TRXBNB,1673281860000,1673281919999,0.00019690,0.00019690,0.00019690,0.00019690,906.00000000,2,0.17839140,906.00000000,0.17839140
1673281904108,TRXBNB,1673281860000,1673281919999,0.00019690,0.00019690,0.00019690,0.00019690,1163.00000000,3,0.22899470,1163.00000000,0.22899470
1673281920004,TRXBNB,1673281860000,1673281919999,0.00019690,0.00019690,0.00019690,0.00019690,1163.00000000,3,0.22899470,1163.00000000,0.22899470
1673281922032,TRXBNB,1673281920000,1673281979999,0.00019690,0.00019690,0.00019690,0.00019690,0.00000000,0,0.00000000,0.00000000,0.00000000
1673281947215,TRXBNB,1673281920000,1673281979999,0.00019670,0.00019670,0.00019670,0.00019670,717.00000000,1,0.14103390,0.00000000,0.00000000
1673281980005,TRXBNB,1673281920000,1673281979999,0.00019670,0.00019670,0.00019670,0.00019670,717.00000000,1,0.14103390,0.00000000,0.00000000
1673281982036,TRXBNB,1673281980000,1673282039999,0.00019670,0.00019670,0.00019670,0.00019670,0.00000000,0,0.00000000,0.00000000,0.00000000
1673282028091,TRXBNB,1673281980000,1673282039999,0.00019660,0.00019660,0.00019660,0.00019660,300.00000000,1,0.05898000,0.00000000,0.00000000
1673282031039,TRXBNB,1673281980000,1673282039999,0.00019660,0.00019660,0.00019660,0.00019660,14036.00000000,6,2.75947760,8111.00000000,1.59462260
1673282040004,TRXBNB,1673281980000,1673282039999,0.00019660,0.00019660,0.00019660,0.00019660,14036.00000000,6,2.75947760,8111.00000000,1.59462260
1673282042040,TRXBNB,1673282040000,1673282099999,0.00019660,0.00019660,0.00019660,0.00019660,0.00000000,0,0.00000000,0.00000000,0.00000000
1673282100005,TRXBNB,1673282040000,1673282099999,0.00019660,0.00019660,0.00019660,0.00019660,0.00000000,0,0.00000000,0.00000000,0.00000000
1673282102044,TRXBNB,1673282100000,1673282159999,0.00019660,0.00019660,0.00019660,0.00019660,0.00000000,0,0.00000000,0.00000000,0.00000000
1673282144386,TRXBNB,1673282100000,1673282159999,0.00019650,0.00019650,0.00019650,0.00019650,376.00000000,1,0.07388400,0.00000000,0.00000000
1673282149266,TRXBNB,1673282100000,1673282159999,0.00019650,0.00019650,0.00019650,0.00019650,1301.00000000,2,0.25564650,0.00000000,0.00000000
1673282160004,TRXBNB,1673282100000,1673282159999,0.00019650,0.00019650,0.00019650,0.00019650,1301.00000000,2,0.25564650,0.00000000,0.00000000
1673282162048,TRXBNB,1673282160000,1673282219999,0.00019650,0.00019650,0.00019650,0.00019650,0.00000000,0,0.00000000,0.00000000,0.00000000
1673282220004,TRXBNB,1673282160000,1673282219999,0.00019650,0.00019650,0.00019650,0.00019650,0.00000000,0,0.00000000,0.00000000,0.00000000
1673282222052,TRXBNB,1673282220000,1673282279999,0.00019660,0.00019660,0.00019660,0.00019660,372.00000000,1,0.07313520,372.00000000,0.07313520
1673282264876,TRXBNB,1673282220000,1673282279999,0.00019660,0.00019660,0.00019660,0.00019660,1508.00000000,2,0.29647280,1508.00000000,0.29647280
1673282280004,TRXBNB,1673282220000,1673282279999,0.00019660,0.00019660,0.00019660,0.00019660,1508.00000000,2,0.29647280,1508.00000000,0.29647280
1673282282056,TRXBNB,1673282280000,1673282339999,0.00019660,0.00019660,0.00019660,0.00019660,0.00000000,0,0.00000000,0.00000000,0.00000000
1673282400004,TRXBNB,1673282340000,1673282399999,0.00019660,0.00019660,0.00019660,0.00019660,3973.00000000,2,0.78109180,3626.00000000,0.71287160
1673282402064,TRXBNB,1673282400000,1673282459999,0.00019660,0.00019660,0.00019660,0.00019660,0.00000000,0,0.00000000,0.00000000,0.00000000
1673282404560,TRXBNB,1673282400000,1673282459999,0.00019640,0.00019660,0.00019660,0.00019640,1310.00000000,2,0.25743780,769.00000000,0.15118540
1673282460004,TRXBNB,1673282400000,1673282459999,0.00019640,0.00019660,0.00019660,0.00019640,1310.00000000,2,0.25743780,769.00000000,0.15118540
1673282462004,TRXBNB,1673282460000,1673282519999,0.00019670,0.00019670,0.00019670,0.00019670,5000.00000000,1,0.98350000,5000.00000000,0.98350000
1673282464068,TRXBNB,1673282460000,1673282519999,0.00019670,0.00019670,0.00019670,0.00019670,5925.00000000,2,1.16544750,5925.00000000,1.16544750
1673282489519,TRXBNB,1673282460000,1673282519999,0.00019670,0.00019680,0.00019680,0.00019670,6850.00000000,3,1.34748750,6850.00000000,1.34748750
1673282511637,TRXBNB,1673282460000,1673282519999,0.00019670,0.00019680,0.00019680,0.00019670,7187.00000000,4,1.41380910,7187.00000000,1.41380910
1673282520004,TRXBNB,1673282460000,1673282519999,0.00019670,0.00019680,0.00019680,0.00019670,7187.00000000,4,1.41380910,7187.00000000,1.41380910
1673282522073,TRXBNB,1673282520000,1673282579999,0.00019680,0.00019680,0.00019680,0.00019680,0.00000000,0,0.00000000,0.00000000,0.00000000
1673282580004,TRXBNB,1673282520000,1673282579999,0.00019680,0.00019680,0.00019680,0.00019680,0.00000000,0,0.00000000,0.00000000,0.00000000
1673282582076,TRXBNB,1673282580000,1673282639999,0.00019680,0.00019680,0.00019680,0.00019680,0.00000000,0,0.00000000,0.00000000,0.00000000
1673282592819,TRXBNB,1673282580000,1673282639999,0.00019680,0.00019680,0.00019680,0.00019680,925.00000000,1,0.18204000,925.00000000,0.18204000
1673282597434,TRXBNB,1673282580000,1673282639999,0.00019680,0.00019680,0.00019680,0.00019680,1850.00000000,2,0.36408000,1850.00000000,0.36408000
1673282640004,TRXBNB,1673282580000,1673282639999,0.00019680,0.00019680,0.00019680,0.00019680,1850.00000000,2,0.36408000,1850.00000000,0.36408000
1673282642081,TRXBNB,1673282640000,1673282699999,0.00019680,0.00019680,0.00019680,0.00019680,0.00000000,0,0.00000000,0.00000000,0.00000000
1673282672310,TRXBNB,1673282640000,1673282699999,0.00019680,0.00019680,0.00019680,0.00019680,925.00000000,1,0.18204000,925.00000000,0.18204000
1673282700005,TRXBNB,1673282640000,1673282699999,0.00019680,0.00019680,0.00019680,0.00019680,925.00000000,1,0.18204000,925.00000000,0.18204000
1673282702085,TRXBNB,1673282700000,1673282759999,0.00019680,0.00019680,0.00019680,0.00019680,0.00000000,0,0.00000000,0.00000000,0.00000000
1673282760004,TRXBNB,1673282700000,1673282759999,0.00019680,0.00019680,0.00019680,0.00019680,0.00000000,0,0.00000000,0.00000000,0.00000000
1673282762089,TRXBNB,1673282760000,1673282819999,0.00019680,0.00019680,0.00019680,0.00019680,0.00000000,0,0.00000000,0.00000000,0.00000000
1673282820004,TRXBNB,1673282760000,1673282819999,0.00019680,0.00019680,0.00019680,0.00019680,0.00000000,0,0.00000000,0.00000000,0.00000000
1673282822093,TRXBNB,1673282820000,1673282879999,0.00019680,0.00019680,0.00019680,0.00019680,0.00000000,0,0.00000000,0.00000000,0.00000000
1673282880004,TRXBNB,1673282820000,1673282879999,0.00019680,0.00019680,0.00019680,0.00019680,0.00000000,0,0.00000000,0.00000000,0.00000000
1673282882097,TRXBNB,1673282880000,1673282939999,0.00019680,0.00019680,0.00019680,0.00019680,0.00000000,0,0.00000000,0.00000000,0.00000000
1673282940004,TRXBNB,1673282880000,1673282939999,0.00019680,0.00019680,0.00019680,0.00019680,0.00000000,0,0.00000000,0.00000000,0.00000000
1673282942101,TRXBNB,1673282940000,1673282999999,0.00019680,0.00019680,0.00019680,0.00019680,0.00000000,0,0.00000000,0.00000000,0.00000000
1673282962648,TRXBNB,1673282940000,1673282999999,0.00019670,0.00019670,0.00019670,0.00019670,559.00000000,1,0.10995530,559.00000000,0.10995530
1673282971916,TRXBNB,1673282940000,1673282999999,0.00019670,0.00019650,0.00019670,0.00019650,5512.00000000,2,1.08321980,559.00000000,0.10995530
1673282992733,TRXBNB,1673282940000,1673282999999,0.00019670,0.00019660,0.00019670,0.00019650,35507.00000000,3,6.98023680,30554.00000000,6.00697230
1673282995062,TRXBNB,1673282940000,1673282999999,0.00019670,0.00019690,0.00019690,0.00019650,64206.00000000,8,12.62803750,37579.00000000,7.38932980
1673282997099,TRXBNB,1673282940000,1673282999999,0.00019670,0.00019710,0.00019710,0.00019650,71544.00000000,12,14.07386820,44917.00000000,8.83516050
1673282999105,TRXBNB,1673282940000,1673282999999,0.00019670,0.00019750,0.00019750,0.00019650,105357.00000000,19,20.74081720,78730.00000000,15.50210950
1673283000004,TRXBNB,1673282940000,1673282999999,0.00019670,0.00019750,0.00019750,0.00019650,105357.00000000,19,20.74081720,78730.00000000,15.50210950
1673283002105,TRXBNB,1673283000000,1673283059999,0.00019750,0.00019750,0.00019750,0.00019750,925.00000000,2,0.18268750,925.00000000,0.18268750
1673283004167,TRXBNB,1673283000000,1673283059999,0.00019750,0.00019760,0.00019760,0.00019750,9527.00000000,7,1.88235020,9527.00000000,1.88235020
1673283007105,TRXBNB,1673283000000,1673283059999,0.00019750,0.00019800,0.00019800,0.00019750,23433.00000000,14,4.63379600,23433.00000000,4.63379600
1673283010344,TRXBNB,1673283000000,1673283059999,0.00019750,0.00019750,0.00019800,0.00019750,24358.00000000,15,4.81648350,23433.00000000,4.63379600
1673283013276,TRXBNB,1673283000000,1673283059999,0.00019750,0.00019740,0.00019800,0.00019740,31283.00000000,17,6.18357100,23433.00000000,4.63379600
1673283016106,TRXBNB,1673283000000,1673283059999,0.00019750,0.00019730,0.00019800,0.00019730,42052.00000000,21,8.30888720,23433.00000000,4.63379600
1673283028456,TRXBNB,1673283000000,1673283059999,0.00019750,0.00019740,0.00019800,0.00019730,42352.00000000,22,8.36810720,23733.00000000,4.69301600
1673283039262,TRXBNB,1673283000000,1673283059999,0.00019750,0.00019710,0.00019800,0.00019710,42883.00000000,23,8.47276730,23733.00000000,4.69301600
1673283055059,TRXBNB,1673283000000,1673283059999,0.00019750,0.00019710,0.00019800,0.00019710,47828.00000000,24,9.44742680,23733.00000000,4.69301600
1673283057108,TRXBNB,1673283000000,1673283059999,0.00019750,0.00019710,0.00019800,0.00019700,74757.00000000,29,14.75275270,25937.00000000,5.12742440
1673283060004,TRXBNB,1673283000000,1673283059999,0.00019750,0.00019710,0.00019800,0.00019700,74757.00000000,29,14.75275270,25937.00000000,5.12742440
1673283062109,TRXBNB,1673283060000,1673283119999,0.00019710,0.00019710,0.00019710,0.00019710,0.00000000,0,0.00000000,0.00000000,0.00000000
1673283065919,TRXBNB,1673283060000,1673283119999,0.00019680,0.00019680,0.00019680,0.00019680,284.00000000,1,0.05589120,0.00000000,0.00000000
1673283068109,TRXBNB,1673283060000,1673283119999,0.00019680,0.00019680,0.00019680,0.00019680,1503.00000000,3,0.29579040,0.00000000,0.00000000
1673283071909,TRXBNB,1673283060000,1673283119999,0.00019680,0.00019680,0.00019680,0.00019680,3006.00000000,4,0.59158080,1503.00000000,0.29579040
1673283085422,TRXBNB,1673283060000,1673283119999,0.00019680,0.00019690,0.00019690,0.00019680,3506.00000000,5,0.69003080,2003.00000000,0.39424040
1673283098820,TRXBNB,1673283060000,1673283119999,0.00019680,0.00019700,0.00019700,0.00019680,4431.00000000,6,0.87225580,2928.00000000,0.57646540
1673283101111,TRXBNB,1673283060000,1673283119999,0.00019680,0.00019710,0.00019710,0.00019680,5206.00000000,7,1.02500830,3703.00000000,0.72921790
1673283113916,TRXBNB,1673283060000,1673283119999,0.00019680,0.00019690,0.00019710,0.00019680,6583.00000000,8,1.29613960,5080.00000000,1.00034920
1673283120004,TRXBNB,1673283060000,1673283119999,0.00019680,0.00019690,0.00019710,0.00019680,6583.00000000,8,1.29613960,5080.00000000,1.00034920
