1673192280004,LTCBTC,1673192220000,1673192279999,0.00450900,0.00450900,0.00450900,0.00450900,0.70900000,1,0.00319688,0.00000000,0.00000000
1673192282888,LTCBTC,1673192280000,1673192339999,0.00450900,0.00450900,0.00450900,0.00450900,0.00000000,0,0.00000000,0.00000000,0.00000000
1673192294119,LTCBTC,1673192280000,1673192339999,0.00450700,0.00450600,0.00450700,0.00450600,24.76100000,6,0.11159471,10.62300000,0.04787784
1673192296887,LTCBTC,1673192280000,1673192339999,0.00450700,0.00450600,0.00450700,0.00450600,27.34900000,12,0.12325621,10.62300000,0.04787784
1673192305593,LTCBTC,1673192280000,1673192339999,0.00450700,0.00450400,0.00450700,0.00450400,29.11400000,13,0.13120577,12.38800000,0.05582740
1673192307888,LTCBTC,1673192280000,1673192339999,0.00450700,0.00450400,0.00450700,0.00450400,31.62100000,15,0.14249729,14.89500000,0.06711892
1673192310530,LTCBTC,1673192280000,1673192339999,0.00450700,0.00450400,0.00450700,0.00450400,32.13300000,16,0.14480333,15.40700000,0.06942496
1673192318250,LTCBTC,1673192280000,1673192339999,0.00450700,0.00450500,0.00450700,0.00450400,32.56400000,17,0.14674498,15.83800000,0.07136661
1673192321889,LTCBTC,1673192280000,1673192339999,0.00450700,0.00450400,0.00450700,0.00450400,33.67800000,18,0.15176243,16.95200000,0.07638406
1673192326989,LTCBTC,1673192280000,1673192339999,0.00450700,0.00450500,0.00450700,0.00450400,33.98500000,19,0.15314546,17.25900000,0.07776709
1673192331282,LTCBTC,1673192280000,1673192339999,0.00450700,0.00450500,0.00450700,0.00450400,34.06800000,20,0.15351937,17.34200000,0.07814100
1673192336212,LTCBTC,1673192280000,1673192339999,0.00450700,0.00450500,0.00450700,0.00450400,35.26700000,21,0.15892086,18.54100000,0.08354249
1673192340004,LTCBTC,1673192280000,1673192339999,0.00450700,0.00450500,0.00450700,0.00450400,35.26700000,21,0.15892086,18.54100000,0.08354249
1673192342895,LTCBTC,1673192340000,1673192399999,0.00450500,0.00450500,0.00450500,0.00450500,0.00000000,0,0.00000000,0.00000000,0.00000000
1673192358802,LTCBTC,1673192340000,1673192399999,0.00450500,0.00450500,0.00450500,0.00450500,4.28200000,1,0.01929041,0.00000000,0.00000000
1673192360892,LTCBTC,1673192340000,1673192399999,0.00450500,0.00450500,0.00450500,0.00450500,7.44300000,4,0.03353070,0.00000000,0.00000000
1673192387533,LTCBTC,1673192340000,1673192399999,0.00450500,0.00450400,0.00450500,0.00450400,8.49400000,5,0.03826440,0.00000000,0.00000000
1673192400004,LTCBTC,1673192340000,1673192399999,0.00450500,0.00450400,0.00450500,0.00450400,8.49400000,5,0.03826440,0.00000000,0.00000000
1673192402899,LTCBTC,1673192400000,1673192459999,0.00450400,0.00450400,0.00450400,0.00450400,0.00000000,0,0.00000000,0.00000000,0.00000000
1673192439265,LTCBTC,1673192400000,1673192459999,0.00450500,0.00450500,0.00450500,0.00450500,0.27200000,1,0.00122536,0.27200000,0.00122536
1673192443897,LTCBTC,1673192400000,1673192459999,0.00450500,0.00450500,0.00450500,0.00450500,0.30500000,2,0.00137402,0.30500000,0.00137402
1673192448361,LTCBTC,1673192400000,1673192459999,0.00450500,0.00450500,0.00450500,0.00450500,1.29700000,3,0.00584298,1.29700000,0.00584298
1673192459865,LTCBTC,1673192400000,1673192459999,0.00450500,0.00450400,0.00450500,0.00450400,2.06200000,4,0.00928854,1.29700000,0.00584298
1673192460004,LTCBTC,1673192400000,1673192459999,0.00450500,0.00450400,0.00450500,0.00450400,2.06200000,4,0.00928854,1.29700000,0.00584298
1673192462535,LTCBTC,1673192460000,1673192519999,0.00450400,0.00450400,0.00450400,0.00450400,1.29200000,1,0.00581916,0.00000000,0.00000000
1673192464838,LTCBTC,1673192460000,1673192519999,0.00450400,0.00450300,0.00450400,0.00450300,1.51400000,2,0.00681882,0.00000000,0.00000000
1673192466899,LTCBTC,1673192460000,1673192519999,0.00450400,0.00450300,0.00450400,0.00450300,7.54200000,4,0.03396290,0.00000000,0.00000000
1673192489028,LTCBTC,1673192460000,1673192519999,0.00450400,0.00450300,0.00450400,0.00450300,7.67300000,5,0.03455279,0.13100000,0.00058989
1673192520004,LTCBTC,1673192460000,1673192519999,0.00450400,0.00450300,0.00450400,0.00450300,7.67300000,5,0.03455279,0.13100000,0.00058989
1673192522908,LTCBTC,1673192520000,1673192579999,0.00450300,0.00450300,0.00450300,0.00450300,0.00000000,0,0.00000000,0.00000000,0.00000000
1673192543356,LTCBTC,1673192520000,1673192579999,0.00450200,0.00450200,0.00450200,0.00450200,5.68100000,1,0.02557586,0.00000000,0.00000000
1673192545905,LTCBTC,1673192520000,1673192579999,0.00450200,0.00450200,0.00450200,0.00450200,14.70700000,5,0.06621089,0.00000000,0.00000000
1673192580004,LTCBTC,1673192520000,1673192579999,0.00450200,0.00450200,0.00450200,0.00450200,14.70700000,5,0.06621089,0.00000000,0.00000000
1673192582910,LTCBTC,1673192580000,1673192639999,0.00450100,0.00450100,0.00450100,0.00450000,2.32800000,6,0.01047617,0.06000000,0.00027006
1673192586908,LTCBTC,1673192580000,1673192639999,0.00450100,0.00450100,0.00450100,0.00450000,18.97600000,12,0.08540880,16.70800000,0.07520269
1673192589908,LTCBTC,1673192580000,1673192639999,0.00450100,0.00450200,0.00450200,0.00450000,19.62100000,13,0.08831259,17.35300000,0.07810648
1673192609570,LTCBTC,1673192580000,1673192639999,0.00450100,0.00450100,0.00450200,0.00450000,19.76400000,14,0.08895623,17.35300000,0.07810648
1673192620067,LTCBTC,1673192580000,1673192639999,0.00450100,0.00450100,0.00450200,0.00450000,19.79700000,15,0.08910476,17.35300000,0.07810648
1673192630801,LTCBTC,1673192580000,1673192639999,0.00450100,0.00450300,0.00450300,0.00450000,23.24600000,16,0.10463560,17.35300000,0.07810648
1673192640004,LTCBTC,1673192580000,1673192639999,0.00450100,0.00450300,0.00450300,0.00450000,23.24600000,16,0.10463560,17.35300000,0.07810648
1673192642914,LTCBTC,1673192640000,1673192699999,0.00450300,0.00450300,0.00450300,0.00450300,0.00000000,0,0.00000000,0.00000000,0.00000000
1673192648711,LTCBTC,1673192640000,1673192699999,0.00450200,0.00450200,0.00450200,0.00450200,1.54100000,1,0.00693758,1.54100000,0.00693758
1673192650912,LTCBTC,1673192640000,1673192699999,0.00450200,0.00450200,0.00450200,0.00450200,1.92900000,2,0.00868435,1.92900000,0.00868435
1673192653913,LTCBTC,1673192640000,1673192699999,0.00450200,0.00450100,0.00450200,0.00450100,28.18000000,6,0.12684009,1.92900000,0.00868435
1673192665518,LTCBTC,1673192640000,1673192699999,0.00450200,0.00450200,0.00450200,0.00450100,30.68600000,7,0.13812210,4.43500000,0.01996636
1673192667913,LTCBTC,1673192640000,1673192699999,0.00450200,0.00450300,0.00450300,0.00450100,32.55700000,8,0.14654721,6.30600000,0.02839147
1673192675189,LTCBTC,1673192640000,1673192699999,0.00450200,0.00450300,0.00450300,0.00450100,34.60100000,9,0.15575134,8.35000000,0.03759560
1673192683596,LTCBTC,1673192640000,1673192699999,0.00450200,0.00450400,0.00450400,0.00450100,35.80100000,10,0.16115614,9.55000000,0.04300040
1673192685915,LTCBTC,1673192640000,1673192699999,0.00450200,0.00450400,0.00450400,0.00450100,40.67000000,12,0.18308610,14.41900000,0.06493036
1673192690931,LTCBTC,1673192640000,1673192699999,0.00450200,0.00450300,0.00450400,0.00450100,48.52900000,13,0.21847517,14.41900000,0.06493036
1673192702924,LTCBTC,1673192700000,1673192759999,0.00450300,0.00450300,0.00450300,0.00450300,0.00000000,0,0.00000000,0.00000000,0.00000000
1673192760004,LTCBTC,1673192700000,1673192759999,0.00450300,0.00450300,0.00450300,0.00450300,4.31400000,2,0.01942594,0.00000000,0.00000000
1673192762922,LTCBTC,1673192760000,1673192819999,0.00450300,0.00450300,0.00450300,0.00450300,0.00000000,0,0.00000000,0.00000000,0.00000000
1673192769326,LTCBTC,1673192760000,1673192819999,0.00450600,0.00450600,0.00450600,0.00450600,0.30000000,1,0.00135180,0.30000000,0.00135180
1673192784922,LTCBTC,1673192760000,1673192819999,0.00450600,0.00450400,0.00450600,0.00450400,1.74100000,3,0.00784250,0.30000000,0.00135180
1673192787036,LTCBTC,1673192760000,1673192819999,0.00450600,0.00450600,0.00450600,0.00450400,2.94100000,4,0.01324970,1.50000000,0.00675900
1673192790922,LTCBTC,1673192760000,1673192819999,0.00450600,0.00450800,0.00450800,0.00450400,2.97500000,5,0.01340297,1.53400000,0.00691227
1673192800706,LTCBTC,1673192760000,1673192819999,0.00450600,0.00450800,0.00450800,0.00450400,3.19600000,6,0.01439923,1.75500000,0.00790853
1673192802923,LTCBTC,1673192760000,1673192819999,0.00450600,0.00450800,0.00450800,0.00450400,4.39600000,7,0.01980883,2.95500000,0.01331813
1673192808474,LTCBTC,1673192760000,1673192819999,0.00450600,0.00450800,0.00450800,0.00450400,5.79600000,8,0.02612003,2.95500000,0.01331813
1673192810924,LTCBTC,1673192760000,1673192819999,0.00450600,0.00450800,0.00450800,0.00450400,27.59600000,13,0.12439442,2.95500000,0.01331813
1673192820004,LTCBTC,1673192760000,1673192819999,0.00450600,0.00450800,0.00450800,0.00450400,27.59600000,13,0.12439442,2.95500000,0.01331813
1673192822927,LTCBTC,1673192820000,1673192879999,0.00450800,0.00450800,0.00450800,0.00450800,0.00000000,0,0.00000000,0.00000000,0.00000000
1673192832586,LTCBTC,1673192820000,1673192879999,0.00450600,0.00450600,0.00450600,0.00450600,0.17700000,1,0.00079756,0.17700000,0.00079756
1673192837694,LTCBTC,1673192820000,1673192879999,0.00450600,0.00450400,0.00450600,0.00450400,0.23700000,2,0.00106780,0.17700000,0.00079756
1673192840280,LTCBTC,1673192820000,1673192879999,0.00450600,0.00450100,0.00450600,0.00450100,3.25900000,7,0.01467284,1.47700000,0.00665016
1673192842664,LTCBTC,1673192820000,1673192879999,0.00450600,0.00450000,0.00450600,0.00450000,4.25900000,8,0.01917284,1.47700000,0.00665016
1673192844798,LTCBTC,1673192820000,1673192879999,0.00450600,0.00450100,0.00450600,0.00450000,10.45100000,9,0.04704303,7.66900000,0.03452035
1673192846926,LTCBTC,1673192820000,1673192879999,0.00450600,0.00450100,0.00450600,0.00450000,13.56700000,10,0.06106814,10.78500000,0.04854546
1673192851084,LTCBTC,1673192820000,1673192879999,0.00450600,0.00450200,0.00450600,0.00450000,13.78900000,11,0.06206758,10.78500000,0.04854546
1673192853926,LTCBTC,1673192820000,1673192879999,0.00450600,0.00450200,0.00450600,0.00450000,15.75700000,14,0.07092750,11.50900000,0.05180490
1673192860033,LTCBTC,1673192820000,1673192879999,0.00450600,0.00450100,0.00450600,0.00450000,17.12800000,15,0.07709837,11.50900000,0.05180490
1673192870121,LTCBTC,1673192820000,1673192879999,0.00450600,0.00450200,0.00450600,0.00450000,17.32500000,16,0.07798526,11.70600000,0.05269179
1673192880004,LTCBTC,1673192820000,1673192879999,0.00450600,0.00450200,0.00450600,0.00450000,17.32500000,16,0.07798526,11.70600000,0.05269179
1673192882932,LTCBTC,1673192880000,1673192939999,0.00450200,0.00450200,0.00450200,0.00450200,0.00000000,0,0.00000000,0.00000000,0.00000000
1673192889393,LTCBTC,1673192880000,1673192939999,0.00450100,0.00450100,0.00450100,0.00450100,1.20000000,1,0.00540120,0.00000000,0.00000000
1673192891929,LTCBTC,1673192880000,1673192939999,0.00450100,0.00450100,0.00450100,0.00450100,3.92700000,3,0.01767542,0.00000000,0.00000000
1673192901554,LTCBTC,1673192880000,1673192939999,0.00450100,0.00450100,0.00450100,0.00450100,4.45000000,4,0.02002944,0.52300000,0.00235402
1673192922884,LTCBTC,1673192880000,1673192939999,0.00450100,0.00450100,0.00450100,0.00450000,10.26000000,8,0.04617829,5.33300000,0.02400287
1673192924933,LTCBTC,1673192880000,1673192939999,0.00450100,0.00450100,0.00450100,0.00450000,31.92700000,13,0.14370143,16.02700000,0.07213655
1673192927931,LTCBTC,1673192880000,1673192939999,0.00450100,0.00450200,0.00450200,0.00450000,31.99200000,14,0.14399406,16.09200000,0.07242918
1673192939882,LTCBTC,1673192880000,1673192939999,0.00450100,0.00450000,0.00450200,0.00450000,32.82400000,15,0.14773806,16.92400000,0.07617318
1673192940004,LTCBTC,1673192880000,1673192939999,0.00450100,0.00450000,0.00450200,0.00450000,32.82400000,15,0.14773806,16.92400000,0.07617318
1673192942934,LTCBTC,1673192940000,1673192999999,0.00450000,0.00450000,0.00450000,0.00450000,0.00000000,0,0.00000000,0.00000000,0.00000000
1673192953667,LTCBTC,1673192940000,1673192999999,0.00450100,0.00450100,0.00450100,0.00450100,2.61600000,1,0.01177461,0.00000000,0.00000000
1673192956698,LTCBTC,1673192940000,1673192999999,0.00450100,0.00450200,0.00450200,0.00450100,6.61700000,3,0.02978397,0.86700000,0.00390323
1673192962071,LTCBTC,1673192940000,1673192999999,0.00450100,0.00450000,0.00450200,0.00450000,7.61700000,4,0.03428397,0.86700000,0.00390323
1673192973542,LTCBTC,1673192940000,1673192999999,0.00450100,0.00450200,0.00450200,0.00450000,12.61700000,5,0.05679397,5.86700000,0.02641323
1673192976936,LTCBTC,1673192940000,1673192999999,0.00450100,0.00450100,0.00450300,0.00450000,22.53800000,8,0.10145871,9.35500000,0.04211661
1673192979343,LTCBTC,1673192940000,1673192999999,0.00450100,0.00450100,0.00450300,0.00450000,24.07500000,9,0.10837674,9.35500000,0.04211661
1673193000004,LTCBTC,1673192940000,1673192999999,0.00450100,0.00450100,0.00450300,0.00450000,24.07500000,9,0.10837674,9.35500000,0.04211661
1673193002940,LTCBTC,1673193000000,1673193059999,0.00450100,0.00450100,0.00450100,0.00450100,0.00000000,0,0.00000000,0.00000000,0.00000000
1673193007573,LTCBTC,1673193000000,1673193059999,0.00450100,0.00450100,0.00450100,0.00450100,0.30600000,1,0.00137730,0.30600000,0.00137730
1673193016487,LTCBTC,1673193000000,1673193059999,0.00450100,0.00450000,0.00450100,0.00450000,1.33500000,2,0.00600780,0.30600000,0.00137730
1673193020361,LTCBTC,1673193000000,1673193059999,0.00450100,0.00450200,0.00450200,0.00450000,3.55600000,3,0.01600674,2.52700000,0.01137624
1673193022938,LTCBTC,1673193000000,1673193059999,0.00450100,0.00450000,0.00450200,0.00450000,8.90500000,6,0.04008593,6.87600000,0.03095543
1673193038589,LTCBTC,1673193000000,1673193059999,0.00450100,0.00450000,0.00450200,0.00450000,9.40200000,7,0.04232243,7.37300000,0.03319193
1673193040939,LTCBTC,1673193000000,1673193059999,0.00450100,0.00450000,0.00450200,0.00450000,18.21100000,9,0.08196293,16.18200000,0.07283243
1673193058713,LTCBTC,1673193000000,1673193059999,0.00450100,0.00449900,0.00450200,0.00449900,18.51100000,10,0.08331263,16.18200000,0.07283243
1673193060005,LTCBTC,1673193000000,1673193059999,0.00450100,0.00449800,0.00450200,0.00449800,18.81100000,13,0.08466202,16.18200000,0.07283243
1673193062945,LTCBTC,1673193060000,1673193119999,0.00449800,0.00449800,0.00449800,0.00449800,0.05400000,1,0.00024289,0.05400000,0.00024289
1673193066941,LTCBTC,1673193060000,1673193119999,0.00449800,0.00449800,0.00449800,0.00449800,13.19000000,4,0.05932860,13.19000000,0.05932860
1673193070941,LTCBTC,1673193060000,1673193119999,0.00449800,0.00450000,0.00450000,0.00449800,13.32200000,5,0.05992260,13.32200000,0.05992260
1673193074042,LTCBTC,1673193060000,1673193119999,0.00449800,0.00450000,0.00450000,0.00449800,14.03900000,6,0.06314910,14.03900000,0.06314910
1673193076942,LTCBTC,1673193060000,1673193119999,0.00449800,0.00450000,0.00450000,0.00449800,23.04100000,8,0.10365810,14.32200000,0.06442260
1673193082063,LTCBTC,1673193060000,1673193119999,0.00449800,0.00450000,0.00450000,0.00449800,24.04100000,9,0.10815810,14.32200000,0.06442260
1673193090564,LTCBTC,1673193060000,1673193119999,0.00449800,0.00450100,0.00450100,0.00449800,24.34100000,10,0.10950840,14.62200000,0.06577290
1673193092943,LTCBTC,1673193060000,1673193119999,0.00449800,0.00450200,0.00450200,0.00449800,25.83200000,11,0.11622088,16.11300000,0.07248538
1673193103756,LTCBTC,1673193060000,1673193119999,0.00449800,0.00450500,0.00450500,0.00449800,34.61000000,16,0.15576536,16.31400000,0.07339048
1673193105849,LTCBTC,1673193060000,1673193119999,0.00449800,0.00450300,0.00450500,0.00449800,41.39600000,17,0.18632271,23.10000000,0.10394783
1673193107944,LTCBTC,1673193060000,1673193119999,0.00449800,0.00450500,0.00450500,0.00449800,47.50500000,19,0.21383440,27.77200000,0.12498584
1673193110574,LTCBTC,1673193060000,1673193119999,0.00449800,0.00450600,0.00450600,0.00449800,47.72600000,20,0.21483022,27.99300000,0.12598166
1673193112944,LTCBTC,1673193060000,1673193119999,0.00449800,0.00450700,0.00450800,0.00449800,65.57400000,26,0.29528458,29.19300000,0.13138886
1673193116620,LTCBTC,1673193060000,1673193119999,0.00449800,0.00450700,0.00450800,0.00449800,65.79500000,27,0.29628062,29.41400000,0.13238490
1673193118944,LTCBTC,1673193060000,1673193119999,0.00449800,0.00450800,0.00450800,0.00449800,68.01600000,31,0.30629077,30.73800000,0.13835228
1673193120004,LTCBTC,1673193060000,1673193119999,0.00449800,0.00450800,0.00450800,0.00449800,68.01600000,31,0.30629077,30.73800000,0.13835228
1673193122947,LTCBTC,1673193120000,1673193179999,0.00450800,0.00450800,0.00450800,0.00450800,0.00000000,0,0.00000000,0.00000000,0.00000000
1673193130792,LTCBTC,1673193120000,1673193179999,0.00450600,0.00450600,0.00450600,0.00450600,1.46000000,1,0.00657876,0.00000000,0.00000000
1673193133946,LTCBTC,1673193120000,1673193179999,0.00450600,0.00450400,0.00450600,0.00450300,23.02600000,8,0.10372415,6.16100000,0.02774914
1673193136946,LTCBTC,1673193120000,1673193179999,0.00450600,0.00450400,0.00450600,0.00450300,23.62600000,9,0.10642655,6.16100000,0.02774914
1673193142066,LTCBTC,1673193120000,1673193179999,0.00450600,0.00450400,0.00450600,0.00450300,24.62600000,10,0.11093055,6.16100000,0.02774914
1673193145946,LTCBTC,1673193120000,1673193179999,0.00450600,0.00450400,0.00450600,0.00450300,24.85800000,11,0.11197547,6.16100000,0.02774914
1673193149946,LTCBTC,1673193120000,1673193179999,0.00450600,0.00450400,0.00450600,0.00450300,26.85600000,12,0.12097446,6.16100000,0.02774914
1673193165100,LTCBTC,1673193120000,1673193179999,0.00450600,0.00450300,0.00450600,0.00450300,32.93700000,13,0.14835720,12.24200000,0.05513188
1673193167947,LTCBTC,1673193120000,1673193179999,0.00450600,0.00450400,0.00450600,0.00450300,41.71500000,17,0.18788810,20.42000000,0.09196038
1673193175924,LTCBTC,1673193120000,1673193179999,0.00450600,0.00450500,0.00450600,0.00450300,42.31500000,18,0.19059110,20.42000000,0.09196038
1673193180004,LTCBTC,1673193120000,1673193179999,0.00450600,0.00450500,0.00450600,0.00450300,42.31500000,18,0.19059110,20.42000000,0.09196038
1673193182951,LTCBTC,1673193180000,1673193239999,0.00450500,0.00450500,0.00450500,0.00450500,0.00000000,0,0.00000000,0.00000000,0.00000000
1673193191145,LTCBTC,1673193180000,1673193239999,0.00450600,0.00450600,0.00450600,0.00450600,0.30000000,1,0.00135180,0.00000000,0.00000000
1673193193585,LTCBTC,1673193180000,1673193239999,0.00450600,0.00450500,0.00450600,0.00450500,0.60800000,2,0.00273934,0.00000000,0.00000000
1673193202065,LTCBTC,1673193180000,1673193239999,0.00450600,0.00450500,0.00450600,0.00450500,1.60800000,3,0.00724434,0.00000000,0.00000000
1673193204950,LTCBTC,1673193180000,1673193239999,0.00450600,0.00450600,0.00450600,0.00450500,2.47000000,4,0.01112851,0.86200000,0.00388417
1673193211078,LTCBTC,1673193180000,1673193239999,0.00450600,0.00450700,0.00450700,0.00450500,2.76000000,5,0.01243554,1.15200000,0.00519120
1673193217539,LTCBTC,1673193180000,1673193239999,0.00450600,0.00450700,0.00450700,0.00450500,3.82100000,6,0.01721746,2.21300000,0.00997312
1673193226856,LTCBTC,1673193180000,1673193239999,0.00450600,0.00450700,0.00450700,0.00450500,14.99000000,7,0.06755614,2.21300000,0.00997312
1673193228952,LTCBTC,1673193180000,1673193239999,0.00450600,0.00450600,0.00450700,0.00450500,16.16700000,8,0.07285970,2.21300000,0.00997312
1673193231329,LTCBTC,1673193180000,1673193239999,0.00450600,0.00450800,0.00450800,0.00450500,22.30900000,10,0.10054191,2.21300000,0.00997312
1673193234257,LTCBTC,1673193180000,1673193239999,0.00450600,0.00450700,0.00450800,0.00450500,22.71400000,11,0.10236724,2.21300000,0.00997312
1673193236952,LTCBTC,1673193180000,1673193239999,0.00450600,0.00450700,0.00450800,0.00450500,22.95900000,12,0.10347145,2.21300000,0.00997312
1673193240004,LTCBTC,1673193180000,1673193239999,0.00450600,0.00450700,0.00450800,0.00450500,22.95900000,12,0.10347145,2.21300000,0.00997312
1673193252027,LTCBTC,1673193240000,1673193299999,0.00450800,0.00450800,0.00450800,0.00450800,6.21800000,1,0.02803074,0.00000000,0.00000000
1673193254954,LTCBTC,1673193240000,1673193299999,0.00450800,0.00450800,0.00450800,0.00450800,11.89700000,2,0.05363167,0.00000000,0.00000000
1673193262062,LTCBTC,1673193240000,1673193299999,0.00450800,0.00450800,0.00450800,0.00450800,12.89700000,3,0.05813967,0.00000000,0.00000000
1673193265421,LTCBTC,1673193240000,1673193299999,0.00450800,0.00450800,0.00450800,0.00450800,18.30800000,4,0.08253245,0.00000000,0.00000000
1673193268955,LTCBTC,1673193240000,1673193299999,0.00450800,0.00450800,0.00450800,0.00450800,19.95800000,5,0.08997065,0.00000000,0.00000000
1673193272955,LTCBTC,1673193240000,1673193299999,0.00450800,0.00450800,0.00450800,0.00450800,31.04900000,7,0.13996887,11.09100000,0.04999822
1673193277182,LTCBTC,1673193240000,1673193299999,0.00450800,0.00450800,0.00450800,0.00450800,32.26400000,8,0.14544609,12.30600000,0.05547544
1673193300004,LTCBTC,1673193240000,1673193299999,0.00450800,0.00450800,0.00450800,0.00450800,32.26400000,8,0.14544609,12.30600000,0.05547544
1673193302960,LTCBTC,1673193300000,1673193359999,0.00450800,0.00450800,0.00450800,0.00450800,0.00000000,0,0.00000000,0.00000000,0.00000000
1673193305957,LTCBTC,1673193300000,1673193359999,0.00450600,0.00450600,0.00450600,0.00450600,17.37100000,6,0.07827369,17.37100000,0.07827369
1673193319897,LTCBTC,1673193300000,1673193359999,0.00450600,0.00450800,0.00450800,0.00450600,22.92900000,7,0.10332915,22.92900000,0.10332915
1673193322677,LTCBTC,1673193300000,1673193359999,0.00450600,0.00450800,0.00450800,0.00450600,23.92900000,8,0.10783715,22.92900000,0.10332915
1673193336178,LTCBTC,1673193300000,1673193359999,0.00450600,0.00450900,0.00450900,0.00450600,24.92900000,9,0.11234615,23.92900000,0.10783815
1673193338959,LTCBTC,1673193300000,1673193359999,0.00450600,0.00451100,0.00451100,0.00450600,42.12900000,21,0.18991241,40.59600000,0.18300058
1673193342505,LTCBTC,1673193300000,1673193359999,0.00450600,0.00451100,0.00451100,0.00450600,42.79600000,22,0.19292124,40.59600000,0.18300058
1673193344960,LTCBTC,1673193300000,1673193359999,0.00450600,0.00451100,0.00451100,0.00450600,43.29600000,23,0.19517674,40.59600000,0.18300058
1673193347600,LTCBTC,1673193300000,1673193359999,0.00450600,0.00451200,0.00451200,0.00450600,68.39800000,34,0.30843694,65.69800000,0.29626078
1673193349960,LTCBTC,1673193300000,1673193359999,0.00450600,0.00451200,0.00451200,0.00450600,71.96600000,37,0.32453575,69.26600000,0.31235959
1673193353044,LTCBTC,1673193300000,1673193359999,0.00450600,0.00451200,0.00451200,0.00450600,73.49700000,40,0.33144361,70.46600000,0.31777399
1673193356531,LTCBTC,1673193300000,1673193359999,0.00450600,0.00451300,0.00451300,0.00450600,73.58600000,41,0.33184526,70.55500000,0.31817564
1673193358961,LTCBTC,1673193300000,1673193359999,0.00450600,0.00451700,0.00452100,0.00450600,258.33500000,123,1.16642849,216.24000000,0.97626487
1673193360004,LTCBTC,1673193300000,1673193359999,0.00450600,0.00451700,0.00452100,0.00450600,265.39200000,128,1.19829813,216.48800000,0.97738507
1673193362900,LTCBTC,1673193360000,1673193419999,0.00451500,0.00451500,0.00451500,0.00451500,0.09800000,1,0.00044247,0.00000000,0.00000000
1673193364905,LTCBTC,1673193360000,1673193419999,0.00451500,0.00451500,0.00451500,0.00451500,0.16000000,2,0.00072240,0.00000000,0.00000000
1673193368061,LTCBTC,1673193360000,1673193419999,0.00451500,0.00451600,0.00451600,0.00451500,0.29700000,3,0.00134109,0.13700000,0.00061869
1673193370962,LTCBTC,1673193360000,1673193419999,0.00451500,0.00451500,0.00451600,0.00451500,0.39700000,4,0.00179259,0.23700000,0.00107019
1673193373494,LTCBTC,1673193360000,1673193419999,0.00451500,0.00451500,0.00451600,0.00451500,1.69400000,6,0.00764854,1.40000000,0.00632113
1673193375962,LTCBTC,1673193360000,1673193419999,0.00451500,0.00451500,0.00451600,0.00451500,2.30400000,7,0.01040269,1.40000000,0.00632113
1673193382070,LTCBTC,1673193360000,1673193419999,0.00451500,0.00451500,0.00451600,0.00451500,3.30400000,8,0.01491769,1.40000000,0.00632113
1673193385963,LTCBTC,1673193360000,1673193419999,0.00451500,0.00451400,0.00451600,0.00451400,15.68500000,10,0.07081412,1.40000000,0.00632113
1673193394669,LTCBTC,1673193360000,1673193419999,0.00451500,0.00451500,0.00451600,0.00451400,21.11600000,11,0.09533508,1.40000000,0.00632113
1673193397964,LTCBTC,1673193360000,1673193419999,0.00451500,0.00451500,0.00451600,0.00451400,36.97500000,15,0.16693846,17.25900000,0.07792451
1673193400095,LTCBTC,1673193360000,1673193419999,0.00451500,0.00451600,0.00451600,0.00451400,37.02400000,16,0.16715974,17.25900000,0.07792451
1673193403964,LTCBTC,1673193360000,1673193419999,0.00451500,0.00451700,0.00451700,0.00451400,38.14600000,17,0.17222781,17.25900000,0.07792451
1673193406351,LTCBTC,1673193360000,1673193419999,0.00451500,0.00451600,0.00451700,0.00451400,49.58700000,20,0.22390343,17.25900000,0.07792451
1673193408964,LTCBTC,1673193360000,1673193419999,0.00451500,0.00451600,0.00451700,0.00451400,66.55200000,23,0.30051736,33.78500000,0.15255592
1673193415660,LTCBTC,1673193360000,1673193419999,0.00451500,0.00451400,0.00451700,0.00451400,68.30500000,24,0.30843040,33.78500000,0.15255592
1673193417910,LTCBTC,1673193360000,1673193419999,0.00451500,0.00451200,0.00451700,0.00451000,94.24000000,38,0.42543566,41.99900000,0.18960954
1673193419965,LTCBTC,1673193360000,1673193419999,0.00451500,0.00451200,0.00451700,0.00451000,107.10600000,41,0.48348456,41.99900000,0.18960954
1673193420004,LTCBTC,1673193360000,1673193419999,0.00451500,0.00451200,0.00451700,0.00451000,107.10600000,41,0.48348456,41.99900000,0.18960954
1673193422969,LTCBTC,1673193420000,1673193479999,0.00451200,0.00451200,0.00451200,0.00451200,0.00000000,0,0.00000000,0.00000000,0.00000000
1673193462242,LTCBTC,1673193420000,1673193479999,0.00451100,0.00451100,0.00451100,0.00451100,1.45500000,2,0.00656350,0.00000000,0.00000000
1673193480004,LTCBTC,1673193420000,1673193479999,0.00451100,0.00451100,0.00451100,0.00451100,1.45500000,2,0.00656350,0.00000000,0.00000000
1673193482971,LTCBTC,1673193480000,1673193539999,0.00451100,0.00451100,0.00451100,0.00451100,0.00000000,0,0.00000000,0.00000000,0.00000000
1673193486969,LTCBTC,1673193480000,1673193539999,0.00451000,0.00451000,0.00451000,0.00451000,0.02900000,1,0.00013079,0.02900000,0.00013079
1673193489970,LTCBTC,1673193480000,1673193539999,0.00451000,0.00450900,0.00451000,0.00450900,0.68800000,3,0.00310221,0.02900000,0.00013079
1673193493971,LTCBTC,1673193480000,1673193539999,0.00451000,0.00451200,0.00451200,0.00450900,2.19100000,5,0.00988374,1.53200000,0.00691232
1673193499349,LTCBTC,1673193480000,1673193539999,0.00451000,0.00451200,0.00451200,0.00450900,2.39400000,6,0.01079967,1.73500000,0.00782825
1673193516865,LTCBTC,1673193480000,1673193539999,0.00451000,0.00451200,0.00451200,0.00450900,5.36300000,7,0.02419579,4.70400000,0.02122437
1673193518941,LTCBTC,1673193480000,1673193539999,0.00451000,0.00451300,0.00451300,0.00450900,6.56300000,8,0.02961139,5.90400000,0.02663997
1673193520973,LTCBTC,1673193480000,1673193539999,0.00451000,0.00451300,0.00451300,0.00450900,9.10700000,10,0.04109246,8.44800000,0.03812104
1673193528443,LTCBTC,1673193480000,1673193539999,0.00451000,0.00451400,0.00451400,0.00450900,10.51700000,11,0.04745720,8.44800000,0.03812104
1673193536274,LTCBTC,1673193480000,1673193539999,0.00451000,0.00451500,0.00451500,0.00450900,11.51700000,12,0.05197220,9.44800000,0.04263604
1673193538389,LTCBTC,1673193480000,1673193539999,0.00451000,0.00451400,0.00451500,0.00450900,11.63800000,13,0.05251839,9.44800000,0.04263604
1673193540004,LTCBTC,1673193480000,1673193539999,0.00451000,0.00451200,0.00451500,0.00450900,14.86400000,15,0.06708023,9.44800000,0.04263604
1673193542225,LTCBTC,1673193540000,1673193599999,0.00451100,0.00451000,0.00451100,0.00451000,1.72100000,3,0.00776313,0.00000000,0.00000000
1673193550085,LTCBTC,1673193540000,1673193599999,0.00451100,0.00451100,0.00451100,0.00451000,6.15400000,4,0.02776039,0.00000000,0.00000000
1673193552974,LTCBTC,1673193540000,1673193599999,0.00451100,0.00451200,0.00451200,0.00451000,7.15400000,5,0.03227239,1.00000000,0.00451200
1673193560898,LTCBTC,1673193540000,1673193599999,0.00451100,0.00451100,0.00451200,0.00451000,7.20100000,6,0.03248440,1.00000000,0.00451200
1673193584093,LTCBTC,1673193540000,1673193599999,0.00451100,0.00451200,0.00451200,0.00451000,11.77000000,10,0.05309888,2.68000000,0.01209216
1673193586102,LTCBTC,1673193540000,1673193599999,0.00451100,0.00451200,0.00451200,0.00451000,12.47000000,11,0.05625728,3.38000000,0.01525056
1673193588977,LTCBTC,1673193540000,1673193599999,0.00451100,0.00451300,0.00451300,0.00451000,17.10200000,15,0.07716148,8.01200000,0.03615476
1673193600007,LTCBTC,1673193540000,1673193599999,0.00451100,0.00451300,0.00451300,0.00451000,17.10200000,15,0.07716148,8.01200000,0.03615476
1673193602991,LTCBTC,1673193600000,1673193659999,0.00451300,0.00451300,0.00451300,0.00451300,0.00000000,0,0.00000000,0.00000000,0.00000000
1673193605400,LTCBTC,1673193600000,1673193659999,0.00451300,0.00451200,0.00451300,0.00451200,50.32400000,6,0.22707053,0.00000000,0.00000000
1673193609700,LTCBTC,1673193600000,1673193659999,0.00451300,0.00451300,0.00451300,0.00451200,51.32800000,8,0.23160158,0.28400000,0.00128169
1673193612565,LTCBTC,1673193600000,1673193659999,0.00451300,0.00451500,0.00451500,0.00451200,51.38000000,9,0.23183636,0.33600000,0.00151647
1673193615803,LTCBTC,1673193600000,1673193659999,0.00451300,0.00451400,0.00451500,0.00451200,57.03200000,11,0.25734948,0.33600000,0.00151647
1673193617979,LTCBTC,1673193600000,1673193659999,0.00451300,0.00451600,0.00451600,0.00451200,76.93300000,19,0.34719284,6.15200000,0.02778015
1673193620873,LTCBTC,1673193600000,1673193659999,0.00451300,0.00451600,0.00451600,0.00451200,81.36200000,20,0.36719420,10.58100000,0.04778151
1673193622987,LTCBTC,1673193600000,1673193659999,0.00451300,0.00451400,0.00451600,0.00451200,82.82900000,21,0.37381623,10.58100000,0.04778151
1673193626060,LTCBTC,1673193600000,1673193659999,0.00451300,0.00451600,0.00451600,0.00451200,83.46200000,22,0.37667485,11.21400000,0.05064013
1673193628980,LTCBTC,1673193600000,1673193659999,0.00451300,0.00451600,0.00451600,0.00451200,89.33100000,23,0.40317925,17.08300000,0.07714453
1673193631798,LTCBTC,1673193600000,1673193659999,0.00451300,0.00451600,0.00451700,0.00451200,95.66300000,29,0.43178005,22.58300000,0.10198802
1673193638832,LTCBTC,1673193600000,1673193659999,0.00451300,0.00451600,0.00451700,0.00451200,96.08400000,30,0.43368128,22.58300000,0.10198802
1673193640962,LTCBTC,1673193600000,1673193659999,0.00451300,0.00451700,0.00451700,0.00451200,97.28400000,31,0.43910168,23.78300000,0.10740842
1673193642981,LTCBTC,1673193600000,1673193659999,0.00451300,0.00452000,0.00452000,0.00451200,163.48800000,54,0.73824387,88.07600000,0.39791452
1673193646180,LTCBTC,1673193600000,1673193659999,0.00451300,0.00452100,0.00452100,0.00451200,166.14200000,55,0.75024260,90.73000000,0.40991325
1673193648590,LTCBTC,1673193600000,1673193659999,0.00451300,0.00452500,0.00452500,0.00451200,205.68900000,98,0.92913651,115.83900000,0.52348093
1673193650812,LTCBTC,1673193600000,1673193659999,0.00451300,0.00452900,0.00452900,0.00451200,267.79600000,148,1.21022935,147.83700000,0.66832585
1673193652981,LTCBTC,1673193600000,1673193659999,0.00451300,0.00452400,0.00452900,0.00451200,303.80500000,161,1.37324270,156.15600000,0.70598860
1673193655092,LTCBTC,1673193600000,1673193659999,0.00451300,0.00452300,0.00452900,0.00451200,311.99600000,164,1.41029028,156.15600000,0.70598860
1673193657331,LTCBTC,1673193600000,1673193659999,0.00451300,0.00452400,0.00452900,0.00451200,312.02100000,165,1.41040338,156.15600000,0.70598860
1673193659982,LTCBTC,1673193600000,1673193659999,0.00451300,0.00452400,0.00452900,0.00451200,313.90900000,166,1.41894469,156.15600000,0.70598860
1673193660004,LTCBTC,1673193600000,1673193659999,0.00451300,0.00452400,0.00452900,0.00451200,313.90900000,166,1.41894469,156.15600000,0.70598860
1673193662349,LTCBTC,1673193660000,1673193719999,0.00452500,0.00452600,0.00452600,0.00452500,0.26600000,2,0.00120382,0.17700000,0.00080110
1673193665982,LTCBTC,1673193660000,1673193719999,0.00452500,0.00452400,0.00452600,0.00452400,7.99300000,5,0.03616075,0.17700000,0.00080110
1673193669018,LTCBTC,1673193660000,1673193719999,0.00452500,0.00452300,0.00452600,0.00452300,8.69200000,6,0.03932232,0.17700000,0.00080110
1673193671983,LTCBTC,1673193660000,1673193719999,0.00452500,0.00452300,0.00452600,0.00452300,10.42900000,9,0.04717876,0.49300000,0.00223036
1673193675482,LTCBTC,1673193660000,1673193719999,0.00452500,0.00452300,0.00452600,0.00452300,11.68300000,10,0.05285060,1.74700000,0.00790220
1673193690485,LTCBTC,1673193660000,1673193719999,0.00452500,0.00452200,0.00452600,0.00452200,12.33300000,11,0.05578990,2.39700000,0.01084150
1673193701415,LTCBTC,1673193660000,1673193719999,0.00452500,0.00452300,0.00452600,0.00452200,18.15400000,12,0.08211828,8.21800000,0.03716988
1673193703985,LTCBTC,1673193660000,1673193719999,0.00452500,0.00452500,0.00452600,0.00452200,28.96700000,19,0.13103109,18.98200000,0.08586097
1673193717986,LTCBTC,1673193660000,1673193719999,0.00452500,0.00452800,0.00452900,0.00452200,34.41400000,29,0.15569145,24.22600000,0.10960238
1673193720003,LTCBTC,1673193660000,1673193719999,0.00452500,0.00453500,0.00453500,0.00452200,122.00900000,110,0.55279203,78.98100000,0.35777358
1673193722494,LTCBTC,1673193720000,1673193779999,0.00453400,0.00453400,0.00453400,0.00453300,52.97200000,12,0.24014521,13.73000000,0.06223808
1673193724828,LTCBTC,1673193720000,1673193779999,0.00453400,0.00453500,0.00453500,0.00453300,78.10400000,22,0.35411122,36.45400000,0.16528758
1673193726986,LTCBTC,1673193720000,1673193779999,0.00453400,0.00453600,0.00453600,0.00453300,103.43500000,43,0.46901151,60.37700000,0.27380222
1673193729202,LTCBTC,1673193720000,1673193779999,0.00453400,0.00454000,0.00454000,0.00453300,127.69600000,81,0.57911084,78.96000000,0.35812932
1673193731423,LTCBTC,1673193720000,1673193779999,0.00453400,0.00454100,0.00454100,0.00453300,227.26000000,112,1.03113143,178.52400000,0.81014991
1673193733522,LTCBTC,1673193720000,1673193779999,0.00453400,0.00454100,0.00454200,0.00453300,256.82100000,133,1.16536796,192.78300000,0.87490010
1673193735582,LTCBTC,1673193720000,1673193779999,0.00453400,0.00453700,0.00454200,0.00453300,268.58400000,137,1.21876924,193.26800000,0.87710171
1673193737873,LTCBTC,1673193720000,1673193779999,0.00453400,0.00453700,0.00454200,0.00453300,273.61200000,139,1.24158127,198.26800000,0.89978671
1673193739988,LTCBTC,1673193720000,1673193779999,0.00453400,0.00453700,0.00454200,0.00453300,275.88800000,141,1.25190747,200.54400000,0.91011291
1673193742828,LTCBTC,1673193720000,1673193779999,0.00453400,0.00453800,0.00454200,0.00453300,275.92000000,142,1.25205268,200.57600000,0.91025812
1673193744836,LTCBTC,1673193720000,1673193779999,0.00453400,0.00453700,0.00454200,0.00453300,278.44500000,143,1.26350860,203.10100000,0.92171404
1673193746988,LTCBTC,1673193720000,1673193779999,0.00453400,0.00453900,0.00454200,0.00453300,307.72200000,167,1.39634561,230.45000000,1.04579994
1673193749988,LTCBTC,1673193720000,1673193779999,0.00453400,0.00453800,0.00454200,0.00453300,315.43600000,174,1.43135458,230.65300000,1.04672156
1673193752237,LTCBTC,1673193720000,1673193779999,0.00453400,0.00453800,0.00454200,0.00453300,315.94500000,175,1.43366442,231.16200000,1.04903140
1673193754357,LTCBTC,1673193720000,1673193779999,0.00453400,0.00453700,0.00454200,0.00453300,338.50700000,178,1.53602821,246.16200000,1.11708640
1673193756989,LTCBTC,1673193720000,1673193779999,0.00453400,0.00454100,0.00454200,0.00453300,410.62500000,189,1.86332608,318.28000000,1.44438427
1673193759989,LTCBTC,1673193720000,1673193779999,0.00453400,0.00453900,0.00454200,0.00453300,414.48400000,193,1.88084206,318.28000000,1.44438427
1673193762120,LTCBTC,1673193720000,1673193779999,0.00453400,0.00453900,0.00454200,0.00453300,421.69700000,194,1.91358186,318.28000000,1.44438427
1673193764643,LTCBTC,1673193720000,1673193779999,0.00453400,0.00454000,0.00454200,0.00453300,427.98700000,198,1.94213846,318.31400000,1.44453863
1673193911000,LTCBTC,1673193900000,1673193959999,0.00451400,0.00451200,0.00451400,0.00451200,28.14500000,6,0.12702443,11.03100000,0.04977186
1673193940035,LTCBTC,1673193900000,1673193959999,0.00451400,0.00451400,0.00451400,0.00451200,28.44500000,7,0.12837863,11.33100000,0.05112606
1673193943002,LTCBTC,1673193900000,1673193959999,0.00451400,0.00451500,0.00451500,0.00451200,28.53300000,8,0.12877595,11.41900000,0.05152338
1673193950700,LTCBTC,1673193900000,1673193959999,0.00451400,0.00451700,0.00451700,0.00451200,28.75400000,9,0.12977420,11.64000000,0.05252163
1673193953002,LTCBTC,1673193900000,1673193959999,0.00451400,0.00451800,0.00451900,0.00451200,45.63700000,17,0.20605272,27.81300000,0.12559231
1673193960004,LTCBTC,1673193900000,1673193959999,0.00451400,0.00451800,0.00451900,0.00451200,45.63700000,17,0.20605272,27.81300000,0.12559231
1673193963006,LTCBTC,1673193960000,1673194019999,0.00451600,0.00451600,0.00451600,0.00451600,0.04300000,1,0.00019418,0.04300000,0.00019418
1673193971262,LTCBTC,1673193960000,1673194019999,0.00451600,0.00451600,0.00451600,0.00451600,0.09700000,2,0.00043804,0.09700000,0.00043804
1673193974003,LTCBTC,1673193960000,1673194019999,0.00451600,0.00451500,0.00451600,0.00451500,3.30100000,3,0.01490410,0.09700000,0.00043804
1673193976572,LTCBTC,1673193960000,1673194019999,0.00451600,0.00451200,0.00451600,0.00451200,16.35400000,4,0.07379923,0.09700000,0.00043804
1673193979004,LTCBTC,1673193960000,1673194019999,0.00451600,0.00451100,0.00451600,0.00451100,18.43700000,12,0.08319626,0.09700000,0.00043804
1673193981867,LTCBTC,1673193960000,1673194019999,0.00451600,0.00451200,0.00451600,0.00451100,23.71500000,13,0.10701059,5.37500000,0.02425237
1673193984005,LTCBTC,1673193960000,1673194019999,0.00451600,0.00451200,0.00451600,0.00451100,25.93300000,15,0.11701820,7.59300000,0.03425998
1673193987005,LTCBTC,1673193960000,1673194019999,0.00451600,0.00451400,0.00451600,0.00451100,31.53700000,18,0.14230934,7.89300000,0.03561418
1673194000267,LTCBTC,1673193960000,1673194019999,0.00451600,0.00451000,0.00451600,0.00451000,31.83700000,19,0.14366234,7.89300000,0.03561418
1673194003006,LTCBTC,1673193960000,1673194019999,0.00451600,0.00451000,0.00451600,0.00451000,33.03700000,20,0.14907434,7.89300000,0.03561418
1673194010843,LTCBTC,1673193960000,1673194019999,0.00451600,0.00450900,0.00451600,0.00450900,38.68900000,21,0.17455920,7.89300000,0.03561418
1673194013006,LTCBTC,1673193960000,1673194019999,0.00451600,0.00450800,0.00451600,0.00450700,49.07000000,28,0.22136535,7.95300000,0.03588466
1673194020003,LTCBTC,1673193960000,1673194019999,0.00451600,0.00450800,0.00451600,0.00450700,49.07000000,28,0.22136535,7.95300000,0.03588466
1673194022010,LTCBTC,1673194020000,1673194079999,0.00450700,0.00450500,0.00450700,0.00450500,3.08000000,5,0.01387840,0.00000000,0.00000000
1673194024872,LTCBTC,1673194020000,1673194079999,0.00450700,0.00450400,0.00450700,0.00450400,6.52000000,10,0.02937245,1.94700000,0.00876959
1673194032146,LTCBTC,1673194020000,1673194079999,0.00450700,0.00450500,0.00450700,0.00450400,7.08700000,11,0.03192678,2.51400000,0.01132392
1673194035009,LTCBTC,1673194020000,1673194079999,0.00450700,0.00450300,0.00450700,0.00450300,11.67300000,17,0.05258813,6.05300000,0.02727065
1673194039010,LTCBTC,1673194020000,1673194079999,0.00450700,0.00450500,0.00450700,0.00450300,18.22100000,18,0.08208687,12.60100000,0.05676939
1673194042010,LTCBTC,1673194020000,1673194079999,0.00450700,0.00450400,0.00450700,0.00450300,18.49600000,19,0.08332547,12.60100000,0.05676939
1673194057641,LTCBTC,1673194020000,1673194079999,0.00450700,0.00450600,0.00450700,0.00450300,24.02400000,20,0.10823463,12.60100000,0.05676939
1673194060011,LTCBTC,1673194020000,1673194079999,0.00450700,0.00450300,0.00450700,0.00450300,60.06400000,24,0.27057284,12.60100000,0.05676939
1673194063323,LTCBTC,1673194020000,1673194079999,0.00450700,0.00450500,0.00450700,0.00450300,63.79300000,25,0.28737198,16.33000000,0.07356853
1673194066011,LTCBTC,1673194020000,1673194079999,0.00450700,0.00450500,0.00450700,0.00450300,67.12800000,26,0.30239615,19.66500000,0.08859270
1673194080003,LTCBTC,1673194020000,1673194079999,0.00450700,0.00450500,0.00450700,0.00450300,67.12800000,26,0.30239615,19.66500000,0.08859270
1673194082015,LTCBTC,1673194080000,1673194139999,0.00450500,0.00450500,0.00450500,0.00450500,0.00000000,0,0.00000000,0.00000000,0.00000000
1673194087254,LTCBTC,1673194080000,1673194139999,0.00450800,0.00450800,0.00450800,0.00450800,1.20000000,1,0.00540960,1.20000000,0.00540960
1673194090014,LTCBTC,1673194080000,1673194139999,0.00450800,0.00450900,0.00450900,0.00450800,17.66200000,8,0.07962097,16.95900000,0.07645115
1673194102961,LTCBTC,1673194080000,1673194139999,0.00450800,0.00450800,0.00450900,0.00450800,27.66200000,9,0.12470097,16.95900000,0.07645115
1673194105014,LTCBTC,1673194080000,1673194139999,0.00450800,0.00451000,0.00451000,0.00450700,90.40900000,19,0.40755360,40.26700000,0.18154394
1673194109472,LTCBTC,1673194080000,1673194139999,0.00450800,0.00451100,0.00451100,0.00450700,91.60900000,20,0.41296680,41.46700000,0.18695714
1673194112015,LTCBTC,1673194080000,1673194139999,0.00450800,0.00451100,0.00451100,0.00450700,92.13000000,22,0.41531703,41.98800000,0.18930737
1673194127940,LTCBTC,1673194080000,1673194139999,0.00450800,0.00451100,0.00451100,0.00450700,97.78200000,23,0.44081320,47.64000000,0.21480354
1673194130016,LTCBTC,1673194080000,1673194139999,0.00450800,0.00451100,0.00451100,0.00450700,98.66800000,24,0.44480994,48.52600000,0.21880028
1673194153338,LTCBTC,1673194140000,1673194199999,0.00451000,0.00451000,0.00451000,0.00451000,0.43300000,1,0.00195283,0.43300000,0.00195283
1673194177744,LTCBTC,1673194140000,1673194199999,0.00451000,0.00451000,0.00451000,0.00451000,0.45800000,2,0.00206558,0.45800000,0.00206558
1673194182020,LTCBTC,1673194140000,1673194199999,0.00451000,0.00450900,0.00451000,0.00450900,11.81200000,6,0.05326075,0.45800000,0.00206558
1673194199321,LTCBTC,1673194140000,1673194199999,0.00451000,0.00450800,0.00451000,0.00450800,12.31300000,7,0.05551925,0.95900000,0.00432408
1673194200003,LTCBTC,1673194140000,1673194199999,0.00451000,0.00450800,0.00451000,0.00450800,12.31300000,7,0.05551925,0.95900000,0.00432408
1673194202025,LTCBTC,1673194200000,1673194259999,0.00450800,0.00450800,0.00450800,0.00450800,0.00000000,0,0.00000000,0.00000000,0.00000000
1673194214500,LTCBTC,1673194200000,1673194259999,0.00450800,0.00450800,0.00450800,0.00450800,0.13500000,1,0.00060858,0.13500000,0.00060858
1673194219300,LTCBTC,1673194200000,1673194259999,0.00450800,0.00450700,0.00450800,0.00450700,1.33500000,2,0.00601698,0.13500000,0.00060858
1673194845530,LTCBTC,1673194800000,1673194859999,0.00448400,0.00448400,0.00448400,0.00448000,47.49600000,45,0.21285874,21.16800000,0.09487072
1673194860004,LTCBTC,1673194800000,1673194859999,0.00448400,0.00448400,0.00448400,0.00448000,47.49600000,45,0.21285874,21.16800000,0.09487072
1673194862070,LTCBTC,1673194860000,1673194919999,0.00448400,0.00448400,0.00448400,0.00448400,0.00000000,0,0.00000000,0.00000000,0.00000000
1673194871257,LTCBTC,1673194860000,1673194919999,0.00448700,0.00448700,0.00448700,0.00448700,1.20000000,1,0.00538440,1.20000000,0.00538440
1673281363988,LTCBTC,1673281320000,1673281379999,0.00478000,0.00477300,0.00478000,0.00477200,143.15000000,110,0.68367955,36.99900000,0.17672023
1673281366988,LTCBTC,1673281320000,1673281379999,0.00478000,0.00477600,0.00478000,0.00477200,143.36000000,111,0.68468251,37.20900000,0.17772319
1673281369039,LTCBTC,1673281320000,1673281379999,0.00478000,0.00477500,0.00478000,0.00477200,147.89800000,112,0.70635146,41.74700000,0.19939214
1673281371988,LTCBTC,1673281320000,1673281379999,0.00478000,0.00477500,0.00478000,0.00477200,160.62600000,117,0.76712765,54.47500000,0.26016833
1673281374988,LTCBTC,1673281320000,1673281379999,0.00478000,0.00477800,0.00478000,0.00477200,162.84200000,121,0.77771222,56.04100000,0.26764785
1673281392653,LTCBTC,1673281380000,1673281439999,0.00477400,0.00477400,0.00477400,0.00477400,2.94800000,1,0.01407375,0.00000000,0.00000000
1673281394989,LTCBTC,1673281380000,1673281439999,0.00477400,0.00477300,0.00477400,0.00477300,9.59300000,5,0.04579595,1.01700000,0.00485413
1673281401066,LTCBTC,1673281380000,1673281439999,0.00477400,0.00477200,0.00477400,0.00477200,9.89300000,6,0.04722755,1.01700000,0.00485413
1673281403990,LTCBTC,1673281380000,1673281439999,0.00477400,0.00477200,0.00477400,0.00477100,23.24500000,11,0.11094311,1.26800000,0.00605189
1673281633019,LTCBTC,1673281620000,1673281679999,0.00478700,0.00478200,0.00478700,0.00478200,77.97400000,32,0.37316878,53.30300000,0.25512485
1673281636013,LTCBTC,1673281620000,1673281679999,0.00478700,0.00478500,0.00478700,0.00478200,91.51200000,40,0.43793343,66.07700000,0.31623376
1673281638257,LTCBTC,1673281620000,1673281679999,0.00478700,0.00478600,0.00478700,0.00478200,102.32900000,44,0.48969815,67.27700000,0.32197696
1673281640653,LTCBTC,1673281620000,1673281679999,0.00478700,0.00478700,0.00478700,0.00478200,107.79800000,51,0.51587417,68.68500000,0.32871704
1673281644014,LTCBTC,1673281620000,1673281679999,0.00478700,0.00478700,0.00478700,0.00478200,111.86400000,53,0.53533810,68.68500000,0.32871704
1673281648099,LTCBTC,1673281620000,1673281679999,0.00478700,0.00478600,0.00478700,0.00478200,111.95000000,54,0.53574969,68.68500000,0.32871704
1673281658764,LTCBTC,1673281620000,1673281679999,0.00478700,0.00478800,0.00478800,0.00478200,112.15800000,55,0.53674559,68.89300000,0.32971294
1673281660959,LTCBTC,1673281620000,1673281679999,0.00478700,0.00478800,0.00478800,0.00478200,147.87200000,59,0.70774421,104.60700000,0.50071156
1673281663265,LTCBTC,1673281620000,1673281679999,0.00478700,0.00478800,0.00478800,0.00478200,188.99700000,68,0.90465068,142.85100000,0.68382381
1673281667022,LTCBTC,1673281620000,1673281679999,0.00478700,0.00478900,0.00478900,0.00478200,189.62300000,69,0.90764859,143.47700000,0.68682172
1673281670016,LTCBTC,1673281620000,1673281679999,0.00478700,0.00478900,0.00478900,0.00478200,191.03100000,71,0.91439150,144.88500000,0.69356463
1673281674452,LTCBTC,1673281620000,1673281679999,0.00478700,0.00478900,0.00478900,0.00478200,195.36100000,72,0.93512787,149.21500000,0.71430100
1673281677016,LTCBTC,1673281620000,1673281679999,0.00478700,0.00478900,0.00478900,0.00478200,195.58900000,73,0.93621976,149.44300000,0.71539289
1673281680003,LTCBTC,1673281620000,1673281679999,0.00478700,0.00478800,0.00478900,0.00478200,199.45700000,75,0.95473973,153.31100000,0.73391286
1673281682018,LTCBTC,1673281680000,1673281739999,0.00478800,0.00478800,0.00478800,0.00478800,0.00000000,0,0.00000000,0.00000000,0.00000000
1673281685016,LTCBTC,1673281680000,1673281739999,0.00478900,0.00478800,0.00478900,0.00478800,4.39600000,2,0.02105065,1.79000000,0.00857052
1673281688017,LTCBTC,1673281680000,1673281739999,0.00478900,0.00478800,0.00478900,0.00478800,18.09900000,9,0.08666059,15.49300000,0.07418046
1673281701203,LTCBTC,1673281680000,1673281739999,0.00478900,0.00478600,0.00478900,0.00478600,18.39900000,10,0.08809639,15.49300000,0.07418046
1673281705758,LTCBTC,1673281680000,1673281739999,0.00478900,0.00478400,0.00478900,0.00478400,19.59900000,11,0.09383719,15.49300000,0.07418046
1673281708018,LTCBTC,1673281680000,1673281739999,0.00478900,0.00478400,0.00478900,0.00478400,20.20400000,14,0.09673150,15.88900000,0.07607492
1673281711063,LTCBTC,1673281680000,1673281739999,0.00478900,0.00478200,0.00478900,0.00478200,21.43000000,16,0.10259543,15.88900000,0.07607492
1673281714018,LTCBTC,1673281680000,1673281739999,0.00478900,0.00478100,0.00478900,0.00478100,30.96400000,21,0.14818499,15.88900000,0.07607492
1673281720272,LTCBTC,1673281680000,1673281739999,0.00478900,0.00478300,0.00478900,0.00478100,38.48800000,22,0.18417228,15.88900000,0.07607492
1673281723019,LTCBTC,1673281680000,1673281739999,0.00478900,0.00478300,0.00478900,0.00478100,40.77100000,23,0.19509186,15.88900000,0.07607492
1673281740003,LTCBTC,1673281680000,1673281739999,0.00478900,0.00478300,0.00478900,0.00478100,40.77100000,23,0.19509186,15.88900000,0.07607492
1673281742022,LTCBTC,1673281740000,1673281799999,0.00478300,0.00478300,0.00478300,0.00478300,0.00000000,0,0.00000000,0.00000000,0.00000000
1673281746052,LTCBTC,1673281740000,1673281799999,0.00478300,0.00478300,0.00478300,0.00478300,0.24300000,1,0.00116226,0.24300000,0.00116226
1673281748088,LTCBTC,1673281740000,1673281799999,0.00478300,0.00478200,0.00478300,0.00478200,2.32600000,3,0.01112420,1.28800000,0.00616049
1673281786574,LTCBTC,1673281740000,1673281799999,0.00478300,0.00478200,0.00478300,0.00478200,3.32600000,4,0.01590620,2.28800000,0.01094249
1673281789446,LTCBTC,1673281740000,1673281799999,0.00478300,0.00478200,0.00478300,0.00478200,3.84700000,5,0.01839762,2.80900000,0.01343391
1673281792278,LTCBTC,1673281740000,1673281799999,0.00478300,0.00478200,0.00478300,0.00478200,13.23200000,8,0.06327668,2.80900000,0.01343391
1673281796024,LTCBTC,1673281740000,1673281799999,0.00478300,0.00478200,0.00478300,0.00478200,14.52600000,9,0.06946458,2.80900000,0.01343391
1673281798310,LTCBTC,1673281740000,1673281799999,0.00478300,0.00478200,0.00478300,0.00478200,14.70900000,10,0.07033968,2.99200000,0.01430901
1673281800004,LTCBTC,1673281740000,1673281799999,0.00478300,0.00478100,0.00478300,0.00478100,29.40900000,17,0.14062034,2.99200000,0.01430901
1673281802033,LTCBTC,1673281800000,1673281859999,0.00478100,0.00478100,0.00478100,0.00478100,7.39700000,3,0.03536504,0.00000000,0.00000000
1673281804770,LTCBTC,1673281800000,1673281859999,0.00478100,0.00478000,0.00478100,0.00478000,8.89000000,5,0.04250158,0.00000000,0.00000000
1673281807658,LTCBTC,1673281800000,1673281859999,0.00478100,0.00478000,0.00478100,0.00477900,31.11800000,16,0.14874788,16.46000000,0.07867880
1673281810025,LTCBTC,1673281800000,1673281859999,0.00478100,0.00478100,0.00478100,0.00477900,40.00800000,19,0.19124960,17.66000000,0.08441480
1673281813025,LTCBTC,1673281800000,1673281859999,0.00478100,0.00478100,0.00478100,0.00477900,50.67800000,23,0.24226285,28.33000000,0.13542805
1673281820288,LTCBTC,1673281800000,1673281859999,0.00478100,0.00478000,0.00478100,0.00477900,55.84300000,24,0.26695155,28.33000000,0.13542805
1673281823026,LTCBTC,1673281800000,1673281859999,0.00478100,0.00478000,0.00478100,0.00477900,65.95300000,29,0.31527735,28.33000000,0.13542805
1673281827026,LTCBTC,1673281800000,1673281859999,0.00478100,0.00478100,0.00478100,0.00477900,74.66900000,32,0.35694853,37.04600000,0.17709923
1673281829214,LTCBTC,1673281800000,1673281859999,0.00478100,0.00478000,0.00478100,0.00477900,93.03900000,40,0.44475500,39.61000000,0.18935515
1673281833027,LTCBTC,1673281800000,1673281859999,0.00478100,0.00478100,0.00478100,0.00477900,93.28700000,41,0.44594068,39.85800000,0.19054083
1673281835055,LTCBTC,1673281800000,1673281859999,0.00478100,0.00478100,0.00478100,0.00477900,114.83700000,47,0.54895595,51.56300000,0.24649700
1673281838027,LTCBTC,1673281800000,1673281859999,0.00478100,0.00478100,0.00478100,0.00477900,169.97200000,58,0.81255107,101.41400000,0.48483460
1673281841027,LTCBTC,1673281800000,1673281859999,0.00478100,0.00478100,0.00478200,0.00477900,170.53700000,60,0.81525235,101.44000000,0.48495893
1673281843584,LTCBTC,1673281800000,1673281859999,0.00478100,0.00478200,0.00478200,0.00477900,197.93100000,74,0.94621434,116.15200000,0.55529799
1673281846169,LTCBTC,1673281800000,1673281859999,0.00478100,0.00478200,0.00478200,0.00477900,198.25300000,75,0.94775414,116.47400000,0.55683779
1673281848539,LTCBTC,1673281800000,1673281859999,0.00478100,0.00478100,0.00478300,0.00477900,205.64700000,79,0.98311246,117.88300000,0.56357562
1673281852028,LTCBTC,1673281800000,1673281859999,0.00478100,0.00478200,0.00478300,0.00477900,226.53600000,88,1.08299063,123.21400000,0.58906846
1673281855028,LTCBTC,1673281800000,1673281859999,0.00478100,0.00478400,0.00478400,0.00477900,226.83600000,89,1.08442583,123.51400000,0.59050366
1673281859028,LTCBTC,1673281800000,1673281859999,0.00478100,0.00478400,0.00478400,0.00477900,227.05000000,90,1.08544960,123.51400000,0.59050366
1673281860004,LTCBTC,1673281800000,1673281859999,0.00478100,0.00478400,0.00478400,0.00477900,227.05000000,90,1.08544960,123.51400000,0.59050366
1673281862030,LTCBTC,1673281860000,1673281919999,0.00478400,0.00478400,0.00478400,0.00478400,0.00000000,0,0.00000000,0.00000000,0.00000000
1673281869779,LTCBTC,1673281860000,1673281919999,0.00478500,0.00478500,0.00478500,0.00478500,0.57900000,1,0.00277051,0.00000000,0.00000000
1673281872029,LTCBTC,1673281860000,1673281919999,0.00478500,0.00478500,0.00478600,0.00478500,5.22500000,4,0.02500187,0.25900000,0.00123957
1673281874066,LTCBTC,1673281860000,1673281919999,0.00478500,0.00478600,0.00478600,0.00478500,27.62400000,15,0.13218475,3.96100000,0.01895733
1673281877030,LTCBTC,1673281860000,1673281919999,0.00478500,0.00478400,0.00478600,0.00478400,36.04600000,21,0.17248400,6.07200000,0.02906057
1673281879399,LTCBTC,1673281860000,1673281919999,0.00478500,0.00478300,0.00478600,0.00478300,39.65900000,23,0.18976659,6.07200000,0.02906057
1673281881513,LTCBTC,1673281860000,1673281919999,0.00478500,0.00478200,0.00478600,0.00478200,54.71900000,33,0.26179475,16.52300000,0.07904768
1673281890749,LTCBTC,1673281860000,1673281919999,0.00478500,0.00478200,0.00478600,0.00478200,54.95200000,34,0.26290895,16.52300000,0.07904768
1673281892765,LTCBTC,1673281860000,1673281919999,0.00478500,0.00478200,0.00478600,0.00478100,79.14100000,44,0.37856643,23.55100000,0.11265557
1673281896031,LTCBTC,1673281860000,1673281919999,0.00478500,0.00478100,0.00478600,0.00478100,79.90600000,46,0.38222388,23.55100000,0.11265557
1673281898237,LTCBTC,1673281860000,1673281919999,0.00478500,0.00478200,0.00478600,0.00478100,80.32000000,47,0.38420362,23.55100000,0.11265557
1673281901031,LTCBTC,1673281860000,1673281919999,0.00478500,0.00478200,0.00478600,0.00478100,100.78100000,55,0.48204220,31.00100000,0.14828145
1673281905031,LTCBTC,1673281860000,1673281919999,0.00478500,0.00478200,0.00478600,0.00478100,102.47200000,56,0.49012856,32.69200000,0.15636781
1673281908754,LTCBTC,1673281860000,1673281919999,0.00478500,0.00478200,0.00478600,0.00478100,104.56400000,57,0.50013250,34.78400000,0.16637175
1673281911032,LTCBTC,1673281860000,1673281919999,0.00478500,0.00478100,0.00478600,0.00478100,105.90600000,58,0.50654860,36.12600000,0.17278785
1673281920003,LTCBTC,1673281860000,1673281919999,0.00478500,0.00478100,0.00478600,0.00478100,105.90600000,58,0.50654860,36.12600000,0.17278785
1673281922034,LTCBTC,1673281920000,1673281979999,0.00478200,0.00478200,0.00478200,0.00478200,1.95800000,1,0.00936315,1.95800000,0.00936315
1673281936370,LTCBTC,1673281920000,1673281979999,0.00478200,0.00478100,0.00478200,0.00478100,5.55100000,2,0.02654128,5.55100000,0.02654128
1673281939034,LTCBTC,1673281920000,1673281979999,0.00478200,0.00478200,0.00478200,0.00478100,15.24600000,5,0.07289363,15.24600000,0.07289363
1673281944270,LTCBTC,1673281920000,1673281979999,0.00478200,0.00478200,0.00478200,0.00478100,15.53900000,6,0.07429475,15.24600000,0.07289363
1673281946657,LTCBTC,1673281920000,1673281979999,0.00478200,0.00478300,0.00478300,0.00478100,16.89600000,8,0.08078512,16.44600000,0.07863323
1673281949036,LTCBTC,1673281920000,1673281979999,0.00478200,0.00478400,0.00478400,0.00478100,20.28900000,9,0.09701723,16.44600000,0.07863323
1673281952035,LTCBTC,1673281920000,1673281979999,0.00478200,0.00478500,0.00478500,0.00478100,21.28900000,11,0.10180223,17.44600000,0.08341823
1673281957452,LTCBTC,1673281920000,1673281979999,0.00478200,0.00478500,0.00478500,0.00478100,21.93200000,12,0.10487898,18.08900000,0.08649498
1673281969655,LTCBTC,1673281920000,1673281979999,0.00478200,0.00478400,0.00478500,0.00478100,22.13400000,13,0.10584534,18.29100000,0.08746134
1673281974841,LTCBTC,1673281920000,1673281979999,0.00478200,0.00478600,0.00478600,0.00478100,23.33400000,14,0.11158854,19.49100000,0.09320454
1673281978037,LTCBTC,1673281920000,1673281979999,0.00478200,0.00478800,0.00478800,0.00478100,24.30300000,17,0.11622759,19.99900000,0.09563633
1673281980004,LTCBTC,1673281920000,1673281979999,0.00478200,0.00478800,0.00478800,0.00478100,24.30300000,17,0.11622759,19.99900000,0.09563633
1673281982040,LTCBTC,1673281980000,1673282039999,0.00478800,0.00478800,0.00478800,0.00478800,0.85500000,2,0.00409373,0.85500000,0.00409373
1673281987341,LTCBTC,1673281980000,1673282039999,0.00478800,0.00478700,0.00478800,0.00478700,1.60800000,3,0.00769834,1.60800000,0.00769834
1673281990346,LTCBTC,1673281980000,1673282039999,0.00478800,0.00478600,0.00478800,0.00478600,2.02500000,4,0.00969410,2.02500000,0.00969410
1673281992639,LTCBTC,1673281980000,1673282039999,0.00478800,0.00478500,0.00478800,0.00478500,4.65200000,5,0.02226429,2.02500000,0.00969410
1673282000263,LTCBTC,1673281980000,1673282039999,0.00478800,0.00478500,0.00478800,0.00478500,7.10500000,6,0.03400189,4.47800000,0.02143170
1673282003039,LTCBTC,1673281980000,1673282039999,0.00478800,0.00478600,0.00478800,0.00478500,7.45800000,7,0.03569134,4.83100000,0.02312115
1673282006038,LTCBTC,1673281980000,1673282039999,0.00478800,0.00478600,0.00478800,0.00478500,10.68200000,8,0.05112140,8.05500000,0.03855121
1673282017336,LTCBTC,1673281980000,1673282039999,0.00478800,0.00478400,0.00478800,0.00478400,10.82800000,9,0.05181986,8.05500000,0.03855121
1673282027170,LTCBTC,1673281980000,1673282039999,0.00478800,0.00478700,0.00478800,0.00478400,11.00700000,10,0.05267673,8.23400000,0.03940808
1673282040003,LTCBTC,1673281980000,1673282039999,0.00478800,0.00478700,0.00478800,0.00478400,11.00700000,10,0.05267673,8.23400000,0.03940808
1673282042043,LTCBTC,1673282040000,1673282099999,0.00478700,0.00478700,0.00478700,0.00478700,0.00000000,0,0.00000000,0.00000000,0.00000000
1673282045120,LTCBTC,1673282040000,1673282099999,0.00478500,0.00478500,0.00478500,0.00478500,0.06300000,1,0.00030145,0.00000000,0.00000000
1673282096508,LTCBTC,1673282040000,1673282099999,0.00478500,0.00478400,0.00478500,0.00478400,2.56600000,2,0.01227580,0.00000000,0.00000000
1673282100004,LTCBTC,1673282040000,1673282099999,0.00478500,0.00478400,0.00478500,0.00478400,2.56600000,2,0.01227580,0.00000000,0.00000000
1673282102048,LTCBTC,1673282100000,1673282159999,0.00478400,0.00478400,0.00478400,0.00478400,0.00000000,0,0.00000000,0.00000000,0.00000000
1673282105209,LTCBTC,1673282100000,1673282159999,0.00478500,0.00478500,0.00478500,0.00478500,1.66000000,1,0.00794310,0.00000000,0.00000000
1673282107251,LTCBTC,1673282100000,1673282159999,0.00478500,0.00478600,0.00478600,0.00478500,19.75800000,5,0.09455707,15.04800000,0.07201972
1673282109272,LTCBTC,1673282100000,1673282159999,0.00478500,0.00478500,0.00478600,0.00478500,21.67000000,7,0.10370665,15.72100000,0.07524069
1673282112045,LTCBTC,1673282100000,1673282159999,0.00478500,0.00478400,0.00478600,0.00478400,65.62300000,18,0.31401278,15.72100000,0.07524069
1673282125963,LTCBTC,1673282100000,1673282159999,0.00478500,0.00478300,0.00478600,0.00478300,66.22300000,19,0.31688258,16.32100000,0.07811049
1673282129047,LTCBTC,1673282100000,1673282159999,0.00478500,0.00478300,0.00478600,0.00478300,73.19300000,21,0.35022009,23.29100000,0.11144800
1673282155661,LTCBTC,1673282100000,1673282159999,0.00478500,0.00478400,0.00478600,0.00478300,83.52700000,22,0.39965794,33.62500000,0.16088585
1673282158049,LTCBTC,1673282100000,1673282159999,0.00478500,0.00478400,0.00478600,0.00478300,87.41600000,24,0.41826290,37.51400000,0.17949081
1673282160003,LTCBTC,1673282100000,1673282159999,0.00478500,0.00478400,0.00478600,0.00478300,87.41600000,24,0.41826290,37.51400000,0.17949081
1673282162052,LTCBTC,1673282160000,1673282219999,0.00478400,0.00478400,0.00478400,0.00478400,0.00000000,0,0.00000000,0.00000000,0.00000000
1673282167371,LTCBTC,1673282160000,1673282219999,0.00478500,0.00478500,0.00478500,0.00478500,0.02300000,1,0.00011005,0.02300000,0.00011005
1673282170201,LTCBTC,1673282160000,1673282219999,0.00478500,0.00478500,0.00478500,0.00478500,3.03900000,2,0.01454161,3.03900000,0.01454161
1673282173049,LTCBTC,1673282160000,1673282219999,0.00478500,0.00478500,0.00478500,0.00478500,6.18100000,3,0.02957608,6.18100000,0.02957608
1673282176286,LTCBTC,1673282160000,1673282219999,0.00478500,0.00478600,0.00478600,0.00478500,14.28100000,5,0.06833936,9.49500000,0.04543357
1673282180279,LTCBTC,1673282160000,1673282219999,0.00478500,0.00478500,0.00478600,0.00478500,14.80300000,6,0.07083713,10.01700000,0.04793134
1673282183050,LTCBTC,1673282160000,1673282219999,0.00478500,0.00478500,0.00478600,0.00478500,16.11700000,7,0.07712462,11.33100000,0.05421883
1673282213915,LTCBTC,1673282160000,1673282219999,0.00478500,0.00478600,0.00478600,0.00478500,19.81300000,8,0.09481367,11.33100000,0.05421883
1673282216053,LTCBTC,1673282160000,1673282219999,0.00478500,0.00478600,0.00478600,0.00478500,50.99600000,17,0.24405547,35.56200000,0.17018836
1673282219053,LTCBTC,1673282160000,1673282219999,0.00478500,0.00478800,0.00478800,0.00478500,52.43400000,22,0.25094057,36.97000000,0.17692985
1673282220004,LTCBTC,1673282160000,1673282219999,0.00478500,0.00478800,0.00478800,0.00478500,52.43400000,22,0.25094057,36.97000000,0.17692985
1673282222055,LTCBTC,1673282220000,1673282279999,0.00478800,0.00478800,0.00478800,0.00478800,0.00000000,0,0.00000000,0.00000000,0.00000000
1673282225055,LTCBTC,1673282220000,1673282279999,0.00478800,0.00478900,0.00478900,0.00478800,0.48500000,2,0.00232248,0.30000000,0.00143670
1673282255497,LTCBTC,1673282220000,1673282279999,0.00478800,0.00479000,0.00479000,0.00478800,1.68500000,3,0.00807048,1.50000000,0.00718470
1673282258055,LTCBTC,1673282220000,1673282279999,0.00478800,0.00479000,0.00479000,0.00478800,5.48500000,5,0.02627248,5.30000000,0.02538670
1673282261056,LTCBTC,1673282220000,1673282279999,0.00478800,0.00478800,0.00479000,0.00478800,229.13100000,13,1.09753597,12.68600000,0.06076564
1673282265210,LTCBTC,1673282220000,1673282279999,0.00478800,0.00478700,0.00479000,0.00478700,230.05500000,14,1.10195915,13.61000000,0.06518882
1673282267714,LTCBTC,1673282220000,1673282279999,0.00478800,0.00478400,0.00479000,0.00478400,232.24600000,20,1.11244288,13.61000000,0.06518882
1673282270056,LTCBTC,1673282220000,1673282279999,0.00478800,0.00478400,0.00479000,0.00478400,234.65000000,21,1.12394361,13.61000000,0.06518882
1673282272803,LTCBTC,1673282220000,1673282279999,0.00478800,0.00478400,0.00479000,0.00478400,237.81200000,22,1.13907061,16.77200000,0.08031582
1673282280003,LTCBTC,1673282220000,1673282279999,0.00478800,0.00478400,0.00479000,0.00478400,237.81200000,22,1.13907061,16.77200000,0.08031582
1673282282059,LTCBTC,1673282280000,1673282339999,0.00478400,0.00478400,0.00478400,0.00478400,0.00000000,0,0.00000000,0.00000000,0.00000000
1673282291668,LTCBTC,1673282280000,1673282339999,0.00478300,0.00478300,0.00478300,0.00478300,0.73100000,1,0.00349637,0.00000000,0.00000000
1673282294059,LTCBTC,1673282280000,1673282339999,0.00478300,0.00478300,0.00478300,0.00478300,3.22200000,3,0.01541081,0.00000000,0.00000000
1673282299567,LTCBTC,1673282280000,1673282339999,0.00478300,0.00478400,0.00478400,0.00478300,3.32600000,4,0.01590834,0.10400000,0.00049753
1673282302059,LTCBTC,1673282280000,1673282339999,0.00478300,0.00478300,0.00478400,0.00478300,4.73500000,6,0.02264758,0.10400000,0.00049753
1673282305408,LTCBTC,1673282280000,1673282339999,0.00478300,0.00478300,0.00478400,0.00478300,7.19400000,7,0.03440897,0.10400000,0.00049753
1673282311377,LTCBTC,1673282280000,1673282339999,0.00478300,0.00478200,0.00478400,0.00478200,8.03000000,8,0.03840672,0.10400000,0.00049753
1673282314059,LTCBTC,1673282280000,1673282339999,0.00478300,0.00478200,0.00478400,0.00478200,8.65500000,10,0.04139546,0.36500000,0.00174563
1673282317056,LTCBTC,1673282280000,1673282339999,0.00478300,0.00478100,0.00478400,0.00478100,8.95500000,11,0.04282976,0.36500000,0.00174563
1673282319059,LTCBTC,1673282280000,1673282339999,0.00478300,0.00478100,0.00478400,0.00478000,10.32000000,15,0.04935539,1.27000000,0.00607243
1673282323060,LTCBTC,1673282280000,1673282339999,0.00478300,0.00478100,0.00478400,0.00478000,10.60400000,16,0.05071319,1.55400000,0.00743023
1673282358196,LTCBTC,1673282340000,1673282399999,0.00478200,0.00478200,0.00478200,0.00478100,13.02300000,7,0.06227561,11.91800000,0.05699185
1673282361726,LTCBTC,1673282340000,1673282399999,0.00478200,0.00478300,0.00478300,0.00478100,33.56400000,14,0.16052318,32.45900000,0.15523942
1673282368394,LTCBTC,1673282340000,1673282399999,0.00478200,0.00478300,0.00478300,0.00478100,33.68200000,15,0.16108757,32.57700000,0.15580381
1673282374236,LTCBTC,1673282340000,1673282399999,0.00478200,0.00478300,0.00478300,0.00478100,33.91300000,16,0.16219244,32.80800000,0.15690868
1673282378583,LTCBTC,1673282340000,1673282399999,0.00478200,0.00478300,0.00478300,0.00478100,35.93200000,17,0.17184931,34.82700000,0.16656555
1673282382064,LTCBTC,1673282340000,1673282399999,0.00478200,0.00478200,0.00478300,0.00478100,40.89400000,19,0.19557759,34.82700000,0.16656555
1673282388330,LTCBTC,1673282340000,1673282399999,0.00478200,0.00478200,0.00478300,0.00478100,46.13700000,20,0.22064961,40.07000000,0.19163757
1673282400004,LTCBTC,1673282340000,1673282399999,0.00478200,0.00478200,0.00478300,0.00478100,46.13700000,20,0.22064961,40.07000000,0.19163757
1673282402068,LTCBTC,1673282400000,1673282459999,0.00478200,0.00478200,0.00478200,0.00478200,0.00000000,0,0.00000000,0.00000000,0.00000000
1673282405065,LTCBTC,1673282400000,1673282459999,0.00478200,0.00478200,0.00478200,0.00478200,0.09000000,1,0.00043038,0.00000000,0.00000000
1673282407717,LTCBTC,1673282400000,1673282459999,0.00478200,0.00478200,0.00478200,0.00478100,6.25100000,7,0.02988832,1.45100000,0.00693868
1673282410066,LTCBTC,1673282400000,1673282459999,0.00478200,0.00478200,0.00478200,0.00478100,15.20900000,14,0.07272543,10.40900000,0.04977579
1673282440236,LTCBTC,1673282400000,1673282459999,0.00478200,0.00478200,0.00478200,0.00478100,16.54700000,15,0.07912374,11.74700000,0.05617410
1673282443068,LTCBTC,1673282400000,1673282459999,0.00478200,0.00478200,0.00478200,0.00478100,17.91600000,17,0.08567029,13.11600000,0.06272065
1673282460004,LTCBTC,1673282400000,1673282459999,0.00478200,0.00478200,0.00478200,0.00478100,17.91600000,17,0.08567029,13.11600000,0.06272065
1673282462071,LTCBTC,1673282460000,1673282519999,0.00478200,0.00478200,0.00478200,0.00478200,0.00000000,0,0.00000000,0.00000000,0.00000000
1673282464723,LTCBTC,1673282460000,1673282519999,0.00478200,0.00478200,0.00478200,0.00478200,0.62700000,1,0.00299831,0.62700000,0.00299831
1673282471965,LTCBTC,1673282460000,1673282519999,0.00478200,0.00478200,0.00478200,0.00478200,0.76100000,2,0.00363909,0.62700000,0.00299831
1673282481232,LTCBTC,1673282460000,1673282519999,0.00478200,0.00478300,0.00478300,0.00478200,5.32100000,3,0.02544957,0.62700000,0.00299831
1673282484071,LTCBTC,1673282460000,1673282519999,0.00478200,0.00478200,0.00478300,0.00478200,32.96000000,8,0.15761925,14.64900000,0.07005151
1673282488072,LTCBTC,1673282460000,1673282519999,0.00478200,0.00478400,0.00478400,0.00478200,38.04400000,11,0.18193154,19.42800000,0.09290468
1673282495398,LTCBTC,1673282460000,1673282519999,0.00478200,0.00478500,0.00478500,0.00478200,38.34400000,12,0.18336704,19.72800000,0.09434018
1673282498582,LTCBTC,1673282460000,1673282519999,0.00478200,0.00478600,0.00478600,0.00478200,40.84400000,13,0.19533204,22.22800000,0.10630518
1673282520003,LTCBTC,1673282460000,1673282519999,0.00478200,0.00478600,0.00478600,0.00478200,40.84400000,13,0.19533204,22.22800000,0.10630518
1673282522077,LTCBTC,1673282520000,1673282579999,0.00478600,0.00478600,0.00478600,0.00478600,2.53200000,1,0.01211815,2.53200000,0.01211815
1673282525074,LTCBTC,1673282520000,1673282579999,0.00478600,0.00478500,0.00478600,0.00478500,2.88200000,2,0.01379290,2.53200000,0.01211815
1673282528504,LTCBTC,1673282520000,1673282579999,0.00478600,0.00478400,0.00478600,0.00478400,8.60100000,4,0.04115274,8.25100000,0.03947799
1673282543085,LTCBTC,1673282520000,1673282579999,0.00478600,0.00478700,0.00478700,0.00478400,9.80100000,5,0.04689714,9.45100000,0.04522239
1673282546075,LTCBTC,1673282520000,1673282579999,0.00478600,0.00478700,0.00478700,0.00478400,10.00900000,6,0.04789283,9.65900000,0.04621808
1673282561143,LTCBTC,1673282520000,1673282579999,0.00478600,0.00478700,0.00478700,0.00478400,11.81900000,7,0.05655730,9.65900000,0.04621808
1673282564076,LTCBTC,1673282520000,1673282579999,0.00478600,0.00478900,0.00478900,0.00478400,14.47800000,10,0.06928861,12.31800000,0.05894939
1673282575291,LTCBTC,1673282520000,1673282579999,0.00478600,0.00478900,0.00478900,0.00478400,15.12800000,11,0.07240146,12.31800000,0.05894939
1673282580003,LTCBTC,1673282520000,1673282579999,0.00478600,0.00478900,0.00478900,0.00478400,15.12800000,11,0.07240146,12.31800000,0.05894939
1673282582079,LTCBTC,1673282580000,1673282639999,0.00478900,0.00478900,0.00478900,0.00478900,0.00000000,0,0.00000000,0.00000000,0.00000000
1673282591441,LTCBTC,1673282580000,1673282639999,0.00479000,0.00479000,0.00479000,0.00479000,2.50600000,1,0.01200374,2.50600000,0.01200374
1673282594078,LTCBTC,1673282580000,1673282639999,0.00479000,0.00479200,0.00479300,0.00479000,69.43100000,17,0.33266809,58.55300000,0.28052994
1673282597078,LTCBTC,1673282580000,1673282639999,0.00479000,0.00479000,0.00479300,0.00479000,74.27900000,21,0.35589393,58.55300000,0.28052994
1673282621566,LTCBTC,1673282580000,1673282639999,0.00479000,0.00479200,0.00479300,0.00479000,74.32400000,22,0.35610957,58.59800000,0.28074558
1673282624080,LTCBTC,1673282580000,1673282639999,0.00479000,0.00479200,0.00479300,0.00479000,74.38300000,23,0.35639229,58.65700000,0.28102830
1673282627808,LTCBTC,1673282580000,1673282639999,0.00479000,0.00479100,0.00479300,0.00479000,76.82700000,24,0.36810149,61.10100000,0.29273750
1673282640003,LTCBTC,1673282580000,1673282639999,0.00479000,0.00479100,0.00479300,0.00479000,76.82700000,24,0.36810149,61.10100000,0.29273750
1673282642083,LTCBTC,1673282640000,1673282699999,0.00479100,0.00479100,0.00479100,0.00479100,0.00000000,0,0.00000000,0.00000000,0.00000000
1673282649438,LTCBTC,1673282640000,1673282699999,0.00479200,0.00479200,0.00479200,0.00479200,0.14900000,1,0.00071400,0.14900000,0.00071400
1673282653314,LTCBTC,1673282640000,1673282699999,0.00479200,0.00479200,0.00479200,0.00479200,0.77500000,2,0.00371379,0.77500000,0.00371379
1673282656083,LTCBTC,1673282640000,1673282699999,0.00479200,0.00479200,0.00479200,0.00479200,12.12500000,4,0.05810299,12.12500000,0.05810299
1673282660083,LTCBTC,1673282640000,1673282699999,0.00479200,0.00479200,0.00479200,0.00479200,12.33300000,5,0.05909972,12.33300000,0.05909972
1673282665602,LTCBTC,1673282640000,1673282699999,0.00479200,0.00479300,0.00479300,0.00479200,13.53300000,6,0.06485132,13.53300000,0.06485132
1673282668083,LTCBTC,1673282640000,1673282699999,0.00479200,0.00479300,0.00479300,0.00479200,14.28800000,8,0.06847003,13.74100000,0.06584826
1673282671083,LTCBTC,1673282640000,1673282699999,0.00479200,0.00479300,0.00479300,0.00479200,32.49700000,14,0.15574575,16.24200000,0.07783555
1673282674084,LTCBTC,1673282640000,1673282699999,0.00479200,0.00479200,0.00479300,0.00479200,39.33700000,16,0.18852302,23.08200000,0.11061282
1673282678084,LTCBTC,1673282640000,1673282699999,0.00479200,0.00479300,0.00479300,0.00479200,39.35900000,17,0.18862846,23.10400000,0.11071826
1673282700004,LTCBTC,1673282640000,1673282699999,0.00479200,0.00479300,0.00479300,0.00479200,39.35900000,17,0.18862846,23.10400000,0.11071826
1673282702092,LTCBTC,1673282700000,1673282759999,0.00479300,0.00479300,0.00479300,0.00479300,0.00000000,0,0.00000000,0.00000000,0.00000000
1673282705215,LTCBTC,1673282700000,1673282759999,0.00479200,0.00479200,0.00479200,0.00479200,1.66000000,1,0.00795472,0.00000000,0.00000000
1673282708086,LTCBTC,1673282700000,1673282759999,0.00479200,0.00479100,0.00479200,0.00479100,4.71000000,3,0.02256745,0.00000000,0.00000000
1673282726521,LTCBTC,1673282700000,1673282759999,0.00479200,0.00479300,0.00479300,0.00479100,7.12400000,4,0.03413775,2.41400000,0.01157030
1673282729087,LTCBTC,1673282700000,1673282759999,0.00479200,0.00479300,0.00479300,0.00479100,7.22700000,5,0.03463142,2.51700000,0.01206397
1673282731273,LTCBTC,1673282700000,1673282759999,0.00479200,0.00479200,0.00479300,0.00479100,7.26500000,6,0.03481351,2.51700000,0.01206397
1673282738015,LTCBTC,1673282700000,1673282759999,0.00479200,0.00479100,0.00479300,0.00479100,8.27600000,7,0.03965721,3.52800000,0.01690767
1673282746978,LTCBTC,1673282700000,1673282759999,0.00479200,0.00479000,0.00479300,0.00479000,10.82200000,8,0.05185255,6.07400000,0.02910301
1673282756110,LTCBTC,1673282700000,1673282759999,0.00479200,0.00479100,0.00479300,0.00479000,11.61700000,9,0.05566139,6.86900000,0.03291185
1673282760003,LTCBTC,1673282700000,1673282759999,0.00479200,0.00479100,0.00479300,0.00479000,11.61700000,9,0.05566139,6.86900000,0.03291185
1673282762091,LTCBTC,1673282760000,1673282819999,0.00479100,0.00479100,0.00479100,0.00479100,0.00000000,0,0.00000000,0.00000000,0.00000000
1673282766448,LTCBTC,1673282760000,1673282819999,0.00479100,0.00479100,0.00479100,0.00479100,5.17700000,1,0.02480300,0.00000000,0.00000000
1673282769090,LTCBTC,1673282760000,1673282819999,0.00479100,0.00479100,0.00479100,0.00479100,5.24400000,2,0.02512399,0.00000000,0.00000000
1673282773090,LTCBTC,1673282760000,1673282819999,0.00479100,0.00479100,0.00479100,0.00479100,6.57200000,3,0.03148643,0.00000000,0.00000000
1673282781734,LTCBTC,1673282760000,1673282819999,0.00479100,0.00479000,0.00479100,0.00479000,8.98200000,4,0.04303033,2.41000000,0.01154390
1673282784091,LTCBTC,1673282760000,1673282819999,0.00479100,0.00479000,0.00479100,0.00479000,9.83100000,6,0.04709704,3.25900000,0.01561061
1673282805166,LTCBTC,1673282760000,1673282819999,0.00479100,0.00478900,0.00479100,0.00478900,11.93500000,7,0.05717309,5.36300000,0.02568666
1673282808493,LTCBTC,1673282760000,1673282819999,0.00479100,0.00478900,0.00479100,0.00478900,15.60500000,8,0.07474872,5.36300000,0.02568666
1673282811092,LTCBTC,1673282760000,1673282819999,0.00479100,0.00478900,0.00479100,0.00478900,19.57100000,9,0.09374189,5.36300000,0.02568666
1673282820003,LTCBTC,1673282760000,1673282819999,0.00479100,0.00478900,0.00479100,0.00478900,19.57100000,9,0.09374189,5.36300000,0.02568666
1673282822095,LTCBTC,1673282820000,1673282879999,0.00478900,0.00478900,0.00478900,0.00478900,0.00000000,0,0.00000000,0.00000000,0.00000000
1673282826824,LTCBTC,1673282820000,1673282879999,0.00478800,0.00478800,0.00478800,0.00478800,0.26100000,1,0.00124966,0.00000000,0.00000000
1673282834049,LTCBTC,1673282820000,1673282879999,0.00478800,0.00478900,0.00478900,0.00478800,7.74100000,2,0.03707138,0.00000000,0.00000000
1673282840422,LTCBTC,1673282820000,1673282879999,0.00478800,0.00478800,0.00478900,0.00478800,9.33300000,3,0.04469387,1.59200000,0.00762249
1673282849309,LTCBTC,1673282820000,1673282879999,0.00478800,0.00478700,0.00478900,0.00478700,10.53300000,4,0.05043827,1.59200000,0.00762249
1673282853546,LTCBTC,1673282820000,1673282879999,0.00478800,0.00478600,0.00478900,0.00478600,10.74100000,5,0.05143375,1.59200000,0.00762249
1673282856096,LTCBTC,1673282820000,1673282879999,0.00478800,0.00478600,0.00478900,0.00478600,12.00500000,7,0.05748325,1.65600000,0.00792879
1673282860416,LTCBTC,1673282820000,1673282879999,0.00478800,0.00478500,0.00478900,0.00478500,12.03000000,8,0.05760287,1.65600000,0.00792879
1673282863096,LTCBTC,1673282820000,1673282879999,0.00478800,0.00478500,0.00478900,0.00478500,12.24500000,9,0.05863164,1.65600000,0.00792879
1673282869892,LTCBTC,1673282820000,1673282879999,0.00478800,0.00478500,0.00478900,0.00478500,12.48700000,10,0.05978961,1.89800000,0.00908676
1673282872459,LTCBTC,1673282820000,1673282879999,0.00478800,0.00478400,0.00478900,0.00478400,29.93500000,18,0.14327648,15.35700000,0.07348748
1673282876097,LTCBTC,1673282820000,1673282879999,0.00478800,0.00478400,0.00478900,0.00478400,30.53500000,19,0.14614688,15.95700000,0.07635788
1673282879098,LTCBTC,1673282820000,1673282879999,0.00478800,0.00478300,0.00478900,0.00478300,31.96900000,22,0.15300569,15.95700000,0.07635788
1673282880004,LTCBTC,1673282820000,1673282879999,0.00478800,0.00478300,0.00478900,0.00478300,31.96900000,22,0.15300569,15.95700000,0.07635788
1673282882102,LTCBTC,1673282880000,1673282939999,0.00478300,0.00478300,0.00478300,0.00478300,0.00000000,0,0.00000000,0.00000000,0.00000000
1673282888444,LTCBTC,1673282880000,1673282939999,0.00478200,0.00478200,0.00478200,0.00478200,0.02500000,1,0.00011955,0.00000000,0.00000000
1673282891098,LTCBTC,1673282880000,1673282939999,0.00478200,0.00478100,0.00478200,0.00478100,3.12200000,9,0.01492829,0.36200000,0.00173102
1673282898754,LTCBTC,1673282880000,1673282939999,0.00478200,0.00478100,0.00478200,0.00478100,7.65300000,10,0.03659100,4.89300000,0.02339373
1673282901100,LTCBTC,1673282880000,1673282939999,0.00478200,0.00478100,0.00478200,0.00478100,11.86500000,11,0.05672857,9.10500000,0.04353130
1673282903521,LTCBTC,1673282880000,1673282939999,0.00478200,0.00478200,0.00478300,0.00478100,13.23700000,13,0.06329080,10.43600000,0.04989747
1673282907099,LTCBTC,1673282880000,1673282939999,0.00478200,0.00478200,0.00478300,0.00478100,17.08200000,18,0.08167604,10.43600000,0.04989747
1673282911690,LTCBTC,1673282880000,1673282939999,0.00478200,0.00478100,0.00478300,0.00478100,17.14400000,19,0.08197246,10.43600000,0.04989747
1673282916100,LTCBTC,1673282880000,1673282939999,0.00478200,0.00478200,0.00478300,0.00478100,26.52400000,22,0.12682761,19.81600000,0.09475262
1673282940003,LTCBTC,1673282880000,1673282939999,0.00478200,0.00478200,0.00478300,0.00478100,26.52400000,22,0.12682761,19.81600000,0.09475262
1673282942103,LTCBTC,1673282940000,1673282999999,0.00478300,0.00478300,0.00478300,0.00478300,11.44000000,1,0.05471752,11.44000000,0.05471752
1673282945214,LTCBTC,1673282940000,1673282999999,0.00478300,0.00478200,0.00478300,0.00478100,20.54100000,6,0.09823770,11.44000000,0.05471752
1673282948102,LTCBTC,1673282940000,1673282999999,0.00478300,0.00478300,0.00478300,0.00478100,33.75700000,9,0.16144597,20.81800000,0.09957248
1673282951102,LTCBTC,1673282940000,1673282999999,0.00478300,0.00478300,0.00478300,0.00478100,34.35900000,10,0.16432533,21.42000000,0.10245184
1673282953607,LTCBTC,1673282940000,1673282999999,0.00478300,0.00478300,0.00478300,0.00478100,35.79600000,11,0.17119850,21.42000000,0.10245184
1673282956796,LTCBTC,1673282940000,1673282999999,0.00478300,0.00478400,0.00478400,0.00478100,36.09600000,12,0.17263370,21.42000000,0.10245184
1673282965878,LTCBTC,1673282940000,1673282999999,0.00478300,0.00478300,0.00478400,0.00478100,36.51400000,13,0.17463299,21.42000000,0.10245184
1673282982738,LTCBTC,1673282940000,1673282999999,0.00478300,0.00478600,0.00478600,0.00478100,37.81200000,14,0.18084521,22.71800000,0.10866406
1673282985104,LTCBTC,1673282940000,1673282999999,0.00478300,0.00478600,0.00478600,0.00478100,39.62700000,18,0.18953168,24.42600000,0.11683854
1673282987621,LTCBTC,1673282940000,1673282999999,0.00478300,0.00478700,0.00478700,0.00478100,40.18900000,19,0.19222197,24.42600000,0.11683854
1673282999145,LTCBTC,1673282940000,1673282999999,0.00478300,0.00478800,0.00478800,0.00478100,41.38900000,20,0.19796757,25.62600000,0.12258414
1673283000004,LTCBTC,1673282940000,1673282999999,0.00478300,0.00478800,0.00478800,0.00478100,41.59700000,21,0.19896347,25.83400000,0.12358004
1673283002109,LTCBTC,1673283000000,1673283059999,0.00478800,0.00478800,0.00478800,0.00478800,0.00000000,0,0.00000000,0.00000000,0.00000000
1673283005211,LTCBTC,1673283000000,1673283059999,0.00478900,0.00478900,0.00478900,0.00478900,8.56700000,4,0.04102735,6.90700000,0.03307761
1673283008106,LTCBTC,1673283000000,1673283059999,0.00478900,0.00478900,0.00478900,0.00478900,11.61700000,5,0.05563380,6.90700000,0.03307761
1673283011666,LTCBTC,1673283000000,1673283059999,0.00478900,0.00479000,0.00479000,0.00478900,12.81700000,6,0.06138180,8.10700000,0.03882561
1673283014106,LTCBTC,1673283000000,1673283059999,0.00478900,0.00479000,0.00479000,0.00478900,14.32500000,8,0.06860512,8.31500000,0.03982193
1673283018107,LTCBTC,1673283000000,1673283059999,0.00478900,0.00479000,0.00479000,0.00478900,19.55000000,9,0.09363287,13.54000000,0.06484968
1673283023308,LTCBTC,1673283000000,1673283059999,0.00478900,0.00479100,0.00479100,0.00478900,19.85000000,10,0.09507017,13.84000000,0.06628698
1673283025315,LTCBTC,1673283000000,1673283059999,0.00478900,0.00479200,0.00479200,0.00478900,21.62100000,15,0.10355560,15.55100000,0.07448489
1673283030676,LTCBTC,1673283000000,1673283059999,0.00478900,0.00479200,0.00479200,0.00478900,26.23900000,16,0.12568505,15.55100000,0.07448489
1673283033109,LTCBTC,1673283000000,1673283059999,0.00478900,0.00479100,0.00479200,0.00478900,32.54000000,18,0.15587313,15.55100000,0.07448489
1673283036108,LTCBTC,1673283000000,1673283059999,0.00478900,0.00479100,0.00479200,0.00478900,32.86200000,19,0.15741583,15.87300000,0.07602759
1673283045276,LTCBTC,1673283000000,1673283059999,0.00478900,0.00479100,0.00479200,0.00478900,32.99300000,20,0.15804345,16.00400000,0.07665521
1673283050972,LTCBTC,1673283000000,1673283059999,0.00478900,0.00479100,0.00479200,0.00478900,36.96000000,21,0.17704934,19.97100000,0.09566110
1673283053109,LTCBTC,1673283000000,1673283059999,0.00478900,0.00479100,0.00479200,0.00478900,38.66800000,22,0.18523236,21.67900000,0.10384412
1673283060004,LTCBTC,1673283000000,1673283059999,0.00478900,0.00479100,0.00479200,0.00478900,38.66800000,22,0.18523236,21.67900000,0.10384412
1673283062113,LTCBTC,1673283060000,1673283119999,0.00479100,0.00479100,0.00479100,0.00479100,0.00000000,0,0.00000000,0.00000000,0.00000000
1673283064863,LTCBTC,1673283060000,1673283119999,0.00479000,0.00479000,0.00479000,0.00479000,11.44000000,1,0.05479760,0.00000000,0.00000000
1673283067763,LTCBTC,1673283060000,1673283119999,0.00479000,0.00479000,0.00479000,0.00479000,19.55800000,2,0.09368282,8.11800000,0.03888522
1673283071110,LTCBTC,1673283060000,1673283119999,0.00479000,0.00479000,0.00479000,0.00479000,20.38200000,3,0.09762978,8.94200000,0.04283218
1673283073800,LTCBTC,1673283060000,1673283119999,0.00479000,0.00479100,0.00479100,0.00479000,20.40700000,4,0.09774955,8.94200000,0.04283218
1673283085207,LTCBTC,1673283060000,1673283119999,0.00479000,0.00479100,0.00479100,0.00479000,29.50600000,5,0.14134285,8.94200000,0.04283218
1673283088112,LTCBTC,1673283060000,1673283119999,0.00479000,0.00479100,0.00479100,0.00479000,33.43400000,6,0.16016189,8.94200000,0.04283218
1673283091524,LTCBTC,1673283060000,1673283119999,0.00479000,0.00478900,0.00479100,0.00478900,33.92300000,7,0.16250371,9.43100000,0.04517400
1673283094112,LTCBTC,1673283060000,1673283119999,0.00479000,0.00478900,0.00479100,0.00478900,41.76800000,10,0.20007341,17.27600000,0.08274370
1673283097827,LTCBTC,1673283060000,1673283119999,0.00479000,0.00479100,0.00479100,0.00478900,45.87300000,11,0.21974046,21.38100000,0.10241075
1673283100112,LTCBTC,1673283060000,1673283119999,0.00479000,0.00479100,0.00479100,0.00478900,48.03100000,12,0.23007943,23.53900000,0.11274972
1673283120003,LTCBTC,1673283060000,1673283119999,0.00479000,0.00479100,0.00479100,0.00478900,48.03100000,12,0.23007943,23.53900000,0.11274972
