1673192280004,XRPBTC,1673192220000,1673192279999,0.00002010,0.00002012,0.00002012,0.00002010,520.00000000,4,0.01045566,243.00000000,0.00488796
1673192282887,XRPBTC,1673192280000,1673192339999,0.00002012,0.00002012,0.00002012,0.00002012,0.00000000,0,0.00000000,0.00000000,0.00000000
1673192295402,XRPBTC,1673192280000,1673192339999,0.00002012,0.00002011,0.00002012,0.00002011,1039.00000000,2,0.02090429,1000.00000000,0.02012000
1673192326392,XRPBTC,1673192280000,1673192339999,0.00002012,0.00002011,0.00002012,0.00002011,1139.00000000,3,0.02291529,1000.00000000,0.02012000
1673192338136,XRPBTC,1673192280000,1673192339999,0.00002012,0.00002012,0.00002012,0.00002011,3539.00000000,4,0.07120329,3400.00000000,0.06840800
1673192340005,XRPBTC,1673192280000,1673192339999,0.00002012,0.00002012,0.00002012,0.00002011,9303.00000000,11,0.18717497,9164.00000000,0.18437968
1673192342892,XRPBTC,1673192340000,1673192399999,0.00002012,0.00002012,0.00002012,0.00002012,0.00000000,0,0.00000000,0.00000000,0.00000000
1673192358950,XRPBTC,1673192340000,1673192399999,0.00002011,0.00002011,0.00002011,0.00002011,1332.00000000,1,0.02678652,0.00000000,0.00000000
1673192377176,XRPBTC,1673192340000,1673192399999,0.00002011,0.00002012,0.00002012,0.00002011,1418.00000000,2,0.02851684,86.00000000,0.00173032
1673192391607,XRPBTC,1673192340000,1673192399999,0.00002011,0.00002011,0.00002012,0.00002011,2684.00000000,3,0.05397610,86.00000000,0.00173032
1673192394660,XRPBTC,1673192340000,1673192399999,0.00002011,0.00002011,0.00002012,0.00002011,3684.00000000,4,0.07408610,86.00000000,0.00173032
1673192397660,XRPBTC,1673192340000,1673192399999,0.00002011,0.00002011,0.00002012,0.00002011,3920.00000000,6,0.07883206,86.00000000,0.00173032
1673192399894,XRPBTC,1673192340000,1673192399999,0.00002011,0.00002011,0.00002012,0.00002011,4705.00000000,7,0.09461841,86.00000000,0.00173032
1673192400005,XRPBTC,1673192340000,1673192399999,0.00002011,0.00002011,0.00002012,0.00002011,4705.00000000,7,0.09461841,86.00000000,0.00173032
1673192402897,XRPBTC,1673192400000,1673192459999,0.00002011,0.00002011,0.00002011,0.00002011,1000.00000000,1,0.02011000,0.00000000,0.00000000
1673192405895,XRPBTC,1673192400000,1673192459999,0.00002011,0.00002011,0.00002011,0.00002011,1798.00000000,2,0.03615778,0.00000000,0.00000000
1673192414566,XRPBTC,1673192400000,1673192459999,0.00002011,0.00002011,0.00002011,0.00002011,1898.00000000,3,0.03816878,0.00000000,0.00000000
1673192423365,XRPBTC,1673192400000,1673192459999,0.00002011,0.00002011,0.00002011,0.00002011,2337.00000000,4,0.04699707,0.00000000,0.00000000
1673192460004,XRPBTC,1673192400000,1673192459999,0.00002011,0.00002011,0.00002011,0.00002011,2337.00000000,4,0.04699707,0.00000000,0.00000000
1673192462900,XRPBTC,1673192460000,1673192519999,0.00002011,0.00002011,0.00002011,0.00002011,0.00000000,0,0.00000000,0.00000000,0.00000000
1673192476779,XRPBTC,1673192460000,1673192519999,0.00002012,0.00002012,0.00002012,0.00002012,52.00000000,1,0.00104624,52.00000000,0.00104624
1673192499314,XRPBTC,1673192460000,1673192519999,0.00002012,0.00002012,0.00002012,0.00002012,224.00000000,2,0.00450688,224.00000000,0.00450688
1673192509277,XRPBTC,1673192460000,1673192519999,0.00002012,0.00002012,0.00002012,0.00002012,380.00000000,3,0.00764560,380.00000000,0.00764560
1673192512039,XRPBTC,1673192460000,1673192519999,0.00002012,0.00002012,0.00002012,0.00002012,2860.00000000,4,0.05754320,2860.00000000,0.05754320
1673192520004,XRPBTC,1673192460000,1673192519999,0.00002012,0.00002012,0.00002012,0.00002012,2860.00000000,4,0.05754320,2860.00000000,0.05754320
1673192522905,XRPBTC,1673192520000,1673192579999,0.00002012,0.00002012,0.00002012,0.00002012,0.00000000,0,0.00000000,0.00000000,0.00000000
1673192569853,XRPBTC,1673192520000,1673192579999,0.00002012,0.00002012,0.00002012,0.00002012,150.00000000,1,0.00301800,150.00000000,0.00301800
1673192571906,XRPBTC,1673192520000,1673192579999,0.00002012,0.00002012,0.00002012,0.00002012,10807.00000000,22,0.21743684,10807.00000000,0.21743684
1673192576717,XRPBTC,1673192520000,1673192579999,0.00002012,0.00002013,0.00002013,0.00002012,10848.00000000,23,0.21826217,10848.00000000,0.21826217
1673192580004,XRPBTC,1673192520000,1673192579999,0.00002012,0.00002013,0.00002013,0.00002012,10848.00000000,23,0.21826217,10848.00000000,0.21826217
1673192582908,XRPBTC,1673192580000,1673192639999,0.00002013,0.00002013,0.00002013,0.00002013,0.00000000,0,0.00000000,0.00000000,0.00000000
1673192586752,XRPBTC,1673192580000,1673192639999,0.00002013,0.00002013,0.00002013,0.00002013,722.00000000,1,0.01453386,722.00000000,0.01453386
1673192620787,XRPBTC,1673192580000,1673192639999,0.00002013,0.00002013,0.00002013,0.00002013,3108.00000000,2,0.06256404,3108.00000000,0.06256404
1673192622910,XRPBTC,1673192580000,1673192639999,0.00002013,0.00002013,0.00002013,0.00002013,35180.00000000,19,0.70817340,35046.00000000,0.70547598
1673192625004,XRPBTC,1673192580000,1673192639999,0.00002013,0.00002013,0.00002013,0.00002013,35317.00000000,20,0.71093121,35046.00000000,0.70547598
1673192627911,XRPBTC,1673192580000,1673192639999,0.00002013,0.00002013,0.00002013,0.00002013,36288.00000000,22,0.73047744,35046.00000000,0.70547598
1673192634547,XRPBTC,1673192580000,1673192639999,0.00002013,0.00002013,0.00002013,0.00002013,36924.00000000,23,0.74328012,35046.00000000,0.70547598
1673192636911,XRPBTC,1673192580000,1673192639999,0.00002013,0.00002013,0.00002013,0.00002013,37302.00000000,24,0.75088926,35046.00000000,0.70547598
1673192640004,XRPBTC,1673192580000,1673192639999,0.00002013,0.00002013,0.00002013,0.00002013,37302.00000000,24,0.75088926,35046.00000000,0.70547598
1673192642912,XRPBTC,1673192640000,1673192699999,0.00002013,0.00002013,0.00002013,0.00002013,0.00000000,0,0.00000000,0.00000000,0.00000000
1673192668456,XRPBTC,1673192640000,1673192699999,0.00002014,0.00002014,0.00002014,0.00002014,6.00000000,1,0.00012084,6.00000000,0.00012084
1673192670914,XRPBTC,1673192640000,1673192699999,0.00002014,0.00002014,0.00002014,0.00002014,5184.00000000,11,0.10440576,5184.00000000,0.10440576
1673192677530,XRPBTC,1673192640000,1673192699999,0.00002014,0.00002013,0.00002014,0.00002013,5733.00000000,12,0.11545713,5184.00000000,0.10440576
1673192688993,XRPBTC,1673192640000,1673192699999,0.00002014,0.00002013,0.00002014,0.00002013,7733.00000000,13,0.15571713,5184.00000000,0.10440576
1673192702393,XRPBTC,1673192700000,1673192759999,0.00002013,0.00002013,0.00002013,0.00002013,36.00000000,1,0.00072468,0.00000000,0.00000000
1673192704475,XRPBTC,1673192700000,1673192759999,0.00002013,0.00002013,0.00002013,0.00002013,2540.00000000,6,0.05113020,0.00000000,0.00000000
1673192711066,XRPBTC,1673192700000,1673192759999,0.00002013,0.00002013,0.00002013,0.00002013,2617.00000000,7,0.05268021,0.00000000,0.00000000
1673192760004,XRPBTC,1673192700000,1673192759999,0.00002013,0.00002013,0.00002013,0.00002013,2617.00000000,7,0.05268021,0.00000000,0.00000000
1673192762157,XRPBTC,1673192760000,1673192819999,0.00002013,0.00002013,0.00002013,0.00002013,196.00000000,1,0.00394548,0.00000000,0.00000000
1673192764891,XRPBTC,1673192760000,1673192819999,0.00002013,0.00002013,0.00002013,0.00002013,1782.00000000,3,0.03587166,0.00000000,0.00000000
1673192766921,XRPBTC,1673192760000,1673192819999,0.00002013,0.00002014,0.00002014,0.00002013,2321.00000000,5,0.04672533,360.00000000,0.00725040
1673192780921,XRPBTC,1673192760000,1673192819999,0.00002013,0.00002014,0.00002014,0.00002013,15938.00000000,11,0.32083584,390.00000000,0.00785460
1673192793646,XRPBTC,1673192760000,1673192819999,0.00002013,0.00002013,0.00002014,0.00002013,16305.00000000,12,0.32822355,390.00000000,0.00785460
1673192796231,XRPBTC,1673192760000,1673192819999,0.00002013,0.00002013,0.00002014,0.00002013,19699.00000000,16,0.39654477,390.00000000,0.00785460
1673192799923,XRPBTC,1673192760000,1673192819999,0.00002013,0.00002014,0.00002014,0.00002013,19948.00000000,17,0.40155963,639.00000000,0.01286946
1673192803686,XRPBTC,1673192760000,1673192819999,0.00002013,0.00002013,0.00002014,0.00002013,20150.00000000,18,0.40562589,639.00000000,0.01286946
1673192806923,XRPBTC,1673192760000,1673192819999,0.00002013,0.00002013,0.00002014,0.00002013,20247.00000000,19,0.40757850,736.00000000,0.01482207
1673192820004,XRPBTC,1673192760000,1673192819999,0.00002013,0.00002013,0.00002014,0.00002013,20247.00000000,19,0.40757850,736.00000000,0.01482207
1673192822925,XRPBTC,1673192820000,1673192879999,0.00002013,0.00002013,0.00002013,0.00002013,0.00000000,0,0.00000000,0.00000000,0.00000000
1673192830156,XRPBTC,1673192820000,1673192879999,0.00002012,0.00002012,0.00002012,0.00002012,115.00000000,1,0.00231380,0.00000000,0.00000000
1673192838642,XRPBTC,1673192820000,1673192879999,0.00002012,0.00002013,0.00002013,0.00002012,144.00000000,2,0.00289757,29.00000000,0.00058377
1673192844848,XRPBTC,1673192820000,1673192879999,0.00002012,0.00002012,0.00002013,0.00002012,159.00000000,3,0.00319937,29.00000000,0.00058377
1673192880004,XRPBTC,1673192820000,1673192879999,0.00002012,0.00002012,0.00002013,0.00002012,159.00000000,3,0.00319937,29.00000000,0.00058377
1673192882930,XRPBTC,1673192880000,1673192939999,0.00002012,0.00002012,0.00002012,0.00002012,0.00000000,0,0.00000000,0.00000000,0.00000000
1673192894211,XRPBTC,1673192880000,1673192939999,0.00002012,0.00002012,0.00002012,0.00002012,200.00000000,1,0.00402400,0.00000000,0.00000000
1673192900493,XRPBTC,1673192880000,1673192939999,0.00002012,0.00002013,0.00002013,0.00002012,2399.00000000,2,0.04828987,2199.00000000,0.04426587
1673192902929,XRPBTC,1673192880000,1673192939999,0.00002012,0.00002013,0.00002013,0.00002012,16735.00000000,11,0.33687355,9131.00000000,0.18380703
1673192923564,XRPBTC,1673192880000,1673192939999,0.00002012,0.00002013,0.00002013,0.00002012,17242.00000000,15,0.34707946,9638.00000000,0.19401294
1673192939765,XRPBTC,1673192880000,1673192939999,0.00002012,0.00002013,0.00002013,0.00002012,17606.00000000,16,0.35440678,10002.00000000,0.20134026
1673192940004,XRPBTC,1673192880000,1673192939999,0.00002012,0.00002013,0.00002013,0.00002012,17995.00000000,17,0.36223735,10391.00000000,0.20917083
1673192942933,XRPBTC,1673192940000,1673192999999,0.00002013,0.00002013,0.00002013,0.00002013,0.00000000,0,0.00000000,0.00000000,0.00000000
1673192945334,XRPBTC,1673192940000,1673192999999,0.00002013,0.00002013,0.00002013,0.00002013,9.00000000,1,0.00018117,9.00000000,0.00018117
1673192954248,XRPBTC,1673192940000,1673192999999,0.00002013,0.00002012,0.00002013,0.00002012,396.00000000,2,0.00796761,9.00000000,0.00018117
1673192956933,XRPBTC,1673192940000,1673192999999,0.00002013,0.00002012,0.00002013,0.00002012,1009.00000000,3,0.02030117,9.00000000,0.00018117
1673192960384,XRPBTC,1673192940000,1673192999999,0.00002013,0.00002011,0.00002013,0.00002011,1069.00000000,4,0.02150777,9.00000000,0.00018117
1673192962934,XRPBTC,1673192940000,1673192999999,0.00002013,0.00002011,0.00002013,0.00002011,1669.00000000,5,0.03357377,9.00000000,0.00018117
1673192974455,XRPBTC,1673192940000,1673192999999,0.00002013,0.00002012,0.00002013,0.00002011,2441.00000000,6,0.04910641,9.00000000,0.00018117
1673192977185,XRPBTC,1673192940000,1673192999999,0.00002013,0.00002012,0.00002013,0.00002011,7134.00000000,10,0.14352957,4551.00000000,0.09156621
1673192981650,XRPBTC,1673192940000,1673192999999,0.00002013,0.00002012,0.00002013,0.00002011,7254.00000000,11,0.14594397,4671.00000000,0.09398061
1673192988799,XRPBTC,1673192940000,1673192999999,0.00002013,0.00002012,0.00002013,0.00002011,8034.00000000,12,0.16163757,4671.00000000,0.09398061
1673193000004,XRPBTC,1673192940000,1673192999999,0.00002013,0.00002012,0.00002013,0.00002011,8034.00000000,12,0.16163757,4671.00000000,0.09398061
1673193002938,XRPBTC,1673193000000,1673193059999,0.00002012,0.00002012,0.00002012,0.00002012,0.00000000,0,0.00000000,0.00000000,0.00000000
1673193006936,XRPBTC,1673193000000,1673193059999,0.00002013,0.00002013,0.00002013,0.00002013,120.00000000,1,0.00241560,120.00000000,0.00241560
1673193011085,XRPBTC,1673193000000,1673193059999,0.00002013,0.00002014,0.00002014,0.00002013,169.00000000,2,0.00340246,169.00000000,0.00340246
1673193013937,XRPBTC,1673193000000,1673193059999,0.00002013,0.00002015,0.00002015,0.00002013,9643.00000000,26,0.19421608,9256.00000000,0.18642119
1673193016038,XRPBTC,1673193000000,1673193059999,0.00002013,0.00002015,0.00002015,0.00002013,9826.00000000,27,0.19790353,9439.00000000,0.19010864
1673193018937,XRPBTC,1673193000000,1673193059999,0.00002013,0.00002015,0.00002015,0.00002013,10226.00000000,28,0.20596353,9839.00000000,0.19816864
1673193025893,XRPBTC,1673193000000,1673193059999,0.00002013,0.00002015,0.00002015,0.00002013,10637.00000000,29,0.21424518,10250.00000000,0.20645029
1673193034099,XRPBTC,1673193000000,1673193059999,0.00002013,0.00002015,0.00002015,0.00002013,10672.00000000,30,0.21495043,10285.00000000,0.20715554
1673193038566,XRPBTC,1673193000000,1673193059999,0.00002013,0.00002015,0.00002015,0.00002013,11051.00000000,31,0.22258728,10664.00000000,0.21479239
1673193040939,XRPBTC,1673193000000,1673193059999,0.00002013,0.00002015,0.00002015,0.00002013,11253.00000000,33,0.22665758,10866.00000000,0.21886269
1673193051844,XRPBTC,1673193000000,1673193059999,0.00002013,0.00002015,0.00002015,0.00002013,11280.00000000,34,0.22720163,10893.00000000,0.21940674
1673193060005,XRPBTC,1673193000000,1673193059999,0.00002013,0.00002015,0.00002015,0.00002013,11280.00000000,34,0.22720163,10893.00000000,0.21940674
1673193062013,XRPBTC,1673193060000,1673193119999,0.00002014,0.00002013,0.00002014,0.00002013,4705.00000000,6,0.09475557,0.00000000,0.00000000
1673193079761,XRPBTC,1673193060000,1673193119999,0.00002014,0.00002014,0.00002014,0.00002013,5481.00000000,7,0.11038421,0.00000000,0.00000000
1673193082311,XRPBTC,1673193060000,1673193119999,0.00002014,0.00002014,0.00002014,0.00002013,9115.00000000,8,0.18357297,0.00000000,0.00000000
1673193084489,XRPBTC,1673193060000,1673193119999,0.00002014,0.00002015,0.00002015,0.00002013,9121.00000000,9,0.18369387,6.00000000,0.00012090
1673193091089,XRPBTC,1673193060000,1673193119999,0.00002014,0.00002014,0.00002015,0.00002013,9127.00000000,10,0.18381471,6.00000000,0.00012090
1673193120004,XRPBTC,1673193060000,1673193119999,0.00002014,0.00002015,0.00002015,0.00002013,9252.00000000,12,0.18633346,131.00000000,0.00263965
1673193122945,XRPBTC,1673193120000,1673193179999,0.00002015,0.00002015,0.00002015,0.00002015,0.00000000,0,0.00000000,0.00000000,0.00000000
1673193130878,XRPBTC,1673193120000,1673193179999,0.00002014,0.00002014,0.00002014,0.00002014,49.00000000,1,0.00098686,0.00000000,0.00000000
1673193133945,XRPBTC,1673193120000,1673193179999,0.00002014,0.00002015,0.00002015,0.00002014,2255.00000000,5,0.04543776,2206.00000000,0.04445090
1673193136945,XRPBTC,1673193120000,1673193179999,0.00002014,0.00002014,0.00002015,0.00002014,7766.00000000,14,0.15643006,2282.00000000,0.04598230
1673193140946,XRPBTC,1673193120000,1673193179999,0.00002014,0.00002014,0.00002015,0.00002014,8416.00000000,16,0.16952106,2932.00000000,0.05907330
1673193144880,XRPBTC,1673193120000,1673193179999,0.00002014,0.00002014,0.00002015,0.00002014,8421.00000000,17,0.16962176,2932.00000000,0.05907330
1673193180004,XRPBTC,1673193120000,1673193179999,0.00002014,0.00002014,0.00002015,0.00002014,8421.00000000,17,0.16962176,2932.00000000,0.05907330
1673193182949,XRPBTC,1673193180000,1673193239999,0.00002014,0.00002014,0.00002014,0.00002014,0.00000000,0,0.00000000,0.00000000,0.00000000
1673193185949,XRPBTC,1673193180000,1673193239999,0.00002015,0.00002015,0.00002015,0.00002015,295.00000000,1,0.00594425,295.00000000,0.00594425
1673193189642,XRPBTC,1673193180000,1673193239999,0.00002015,0.00002015,0.00002015,0.00002015,709.00000000,2,0.01428635,295.00000000,0.00594425
1673193191949,XRPBTC,1673193180000,1673193239999,0.00002015,0.00002015,0.00002015,0.00002015,3175.00000000,6,0.06397625,978.00000000,0.01970670
1673193198086,XRPBTC,1673193180000,1673193239999,0.00002015,0.00002015,0.00002015,0.00002015,3220.00000000,7,0.06488300,1023.00000000,0.02061345
1673193208355,XRPBTC,1673193180000,1673193239999,0.00002015,0.00002015,0.00002015,0.00002015,3886.00000000,8,0.07830290,1689.00000000,0.03403335
1673193227196,XRPBTC,1673193180000,1673193239999,0.00002015,0.00002015,0.00002015,0.00002015,4721.00000000,9,0.09512815,2524.00000000,0.05085860
1673193240004,XRPBTC,1673193180000,1673193239999,0.00002015,0.00002015,0.00002015,0.00002015,4721.00000000,9,0.09512815,2524.00000000,0.05085860
1673193262637,XRPBTC,1673193240000,1673193299999,0.00002015,0.00002015,0.00002015,0.00002015,1496.00000000,1,0.03014440,1496.00000000,0.03014440
1673193264802,XRPBTC,1673193240000,1673193299999,0.00002015,0.00002017,0.00002018,0.00002015,47562.00000000,52,0.95903692,47387.00000000,0.95550717
1673193273677,XRPBTC,1673193240000,1673193299999,0.00002015,0.00002018,0.00002018,0.00002015,47682.00000000,53,0.96145852,47507.00000000,0.95792877
1673193275955,XRPBTC,1673193240000,1673193299999,0.00002015,0.00002018,0.00002018,0.00002015,47787.00000000,54,0.96357742,47612.00000000,0.96004767
1673193280783,XRPBTC,1673193240000,1673193299999,0.00002015,0.00002018,0.00002018,0.00002015,50550.00000000,55,1.01933476,50375.00000000,1.01580501
1673193282955,XRPBTC,1673193240000,1673193299999,0.00002015,0.00002019,0.00002019,0.00002015,55696.00000000,79,1.12322600,54868.00000000,1.10651218
1673193285955,XRPBTC,1673193240000,1673193299999,0.00002015,0.00002019,0.00002019,0.00002015,83769.00000000,92,1.69001987,54868.00000000,1.10651218
1673193289162,XRPBTC,1673193240000,1673193299999,0.00002015,0.00002018,0.00002019,0.00002015,84006.00000000,95,1.69480481,55096.00000000,1.11111550
1673193291607,XRPBTC,1673193240000,1673193299999,0.00002015,0.00002017,0.00002019,0.00002015,84942.00000000,100,1.71369315,55096.00000000,1.11111550
1673193297173,XRPBTC,1673193240000,1673193299999,0.00002015,0.00002018,0.00002019,0.00002015,85442.00000000,101,1.72378315,55596.00000000,1.12120550
1673193299957,XRPBTC,1673193240000,1673193299999,0.00002015,0.00002018,0.00002019,0.00002015,88842.00000000,104,1.79239515,58996.00000000,1.18981750
1673193300004,XRPBTC,1673193240000,1673193299999,0.00002015,0.00002018,0.00002019,0.00002015,88842.00000000,104,1.79239515,58996.00000000,1.18981750
1673193302958,XRPBTC,1673193300000,1673193359999,0.00002018,0.00002018,0.00002018,0.00002018,0.00000000,0,0.00000000,0.00000000,0.00000000
1673193305294,XRPBTC,1673193300000,1673193359999,0.00002018,0.00002018,0.00002018,0.00002018,227.00000000,1,0.00458086,227.00000000,0.00458086
1673193307957,XRPBTC,1673193300000,1673193359999,0.00002018,0.00002018,0.00002018,0.00002018,7322.00000000,8,0.14775796,7322.00000000,0.14775796
1673193336160,XRPBTC,1673193300000,1673193359999,0.00002018,0.00002019,0.00002019,0.00002018,9554.00000000,9,0.19282204,9554.00000000,0.19282204
1673193338776,XRPBTC,1673193300000,1673193359999,0.00002018,0.00002019,0.00002019,0.00002018,10551.00000000,11,0.21295147,10451.00000000,0.21093247
1673193346323,XRPBTC,1673193300000,1673193359999,0.00002018,0.00002020,0.00002020,0.00002018,10556.00000000,12,0.21305247,10456.00000000,0.21103347
1673193348960,XRPBTC,1673193300000,1673193359999,0.00002018,0.00002020,0.00002020,0.00002018,10675.00000000,18,0.21545627,10575.00000000,0.21343727
1673193360004,XRPBTC,1673193300000,1673193359999,0.00002018,0.00002020,0.00002020,0.00002018,10675.00000000,18,0.21545627,10575.00000000,0.21343727
1673193362962,XRPBTC,1673193360000,1673193419999,0.00002020,0.00002020,0.00002020,0.00002020,0.00000000,0,0.00000000,0.00000000,0.00000000
1673193373576,XRPBTC,1673193360000,1673193419999,0.00002020,0.00002020,0.00002020,0.00002020,25.00000000,1,0.00050500,25.00000000,0.00050500
1673193391784,XRPBTC,1673193360000,1673193419999,0.00002020,0.00002020,0.00002020,0.00002020,82.00000000,2,0.00165640,82.00000000,0.00165640
1673193393963,XRPBTC,1673193360000,1673193419999,0.00002020,0.00002020,0.00002020,0.00002020,420.00000000,9,0.00848400,420.00000000,0.00848400
1673193415585,XRPBTC,1673193360000,1673193419999,0.00002020,0.00002019,0.00002020,0.00002019,427.00000000,10,0.00862533,420.00000000,0.00848400
1673193417965,XRPBTC,1673193360000,1673193419999,0.00002020,0.00002018,0.00002020,0.00002018,641.00000000,11,0.01294385,420.00000000,0.00848400
1673193420004,XRPBTC,1673193360000,1673193419999,0.00002020,0.00002018,0.00002020,0.00002018,641.00000000,11,0.01294385,420.00000000,0.00848400
1673193422967,XRPBTC,1673193420000,1673193479999,0.00002019,0.00002019,0.00002019,0.00002019,7756.00000000,4,0.15659364,0.00000000,0.00000000
1673193457189,XRPBTC,1673193420000,1673193479999,0.00002019,0.00002019,0.00002019,0.00002019,10763.00000000,8,0.21730497,500.00000000,0.01009500
1673193459967,XRPBTC,1673193420000,1673193479999,0.00002019,0.00002020,0.00002020,0.00002019,15998.00000000,17,0.32303600,5735.00000000,0.11582603
1673193470107,XRPBTC,1673193420000,1673193479999,0.00002019,0.00002018,0.00002020,0.00002018,16047.00000000,18,0.32402482,5735.00000000,0.11582603
1673193472968,XRPBTC,1673193420000,1673193479999,0.00002019,0.00002018,0.00002020,0.00002018,16118.00000000,19,0.32545760,5735.00000000,0.11582603
1673193475021,XRPBTC,1673193420000,1673193479999,0.00002019,0.00002018,0.00002020,0.00002018,16841.00000000,20,0.34004774,6458.00000000,0.13041617
1673193477969,XRPBTC,1673193420000,1673193479999,0.00002019,0.00002018,0.00002020,0.00002018,17485.00000000,22,0.35304366,7102.00000000,0.14341209
1673193480004,XRPBTC,1673193420000,1673193479999,0.00002019,0.00002018,0.00002020,0.00002018,17485.00000000,22,0.35304366,7102.00000000,0.14341209
1673193482535,XRPBTC,1673193480000,1673193539999,0.00002018,0.00002018,0.00002018,0.00002018,92.00000000,1,0.00185656,0.00000000,0.00000000
1673193484969,XRPBTC,1673193480000,1673193539999,0.00002018,0.00002018,0.00002018,0.00002018,2228.00000000,2,0.04496104,0.00000000,0.00000000
1673193489200,XRPBTC,1673193480000,1673193539999,0.00002018,0.00002018,0.00002018,0.00002018,2728.00000000,3,0.05505104,500.00000000,0.01009000
1673193491970,XRPBTC,1673193480000,1673193539999,0.00002018,0.00002018,0.00002018,0.00002018,2766.00000000,4,0.05581788,500.00000000,0.01009000
1673193494970,XRPBTC,1673193480000,1673193539999,0.00002018,0.00002018,0.00002018,0.00002018,2858.00000000,5,0.05767444,500.00000000,0.01009000
1673193497842,XRPBTC,1673193480000,1673193539999,0.00002018,0.00002018,0.00002018,0.00002018,7829.00000000,6,0.15798922,500.00000000,0.01009000
1673193500970,XRPBTC,1673193480000,1673193539999,0.00002018,0.00002017,0.00002018,0.00002017,17538.00000000,9,0.35391494,500.00000000,0.01009000
1673193518215,XRPBTC,1673193480000,1673193539999,0.00002018,0.00002018,0.00002018,0.00002017,17952.00000000,10,0.36226946,914.00000000,0.01844452
1673193520972,XRPBTC,1673193480000,1673193539999,0.00002018,0.00002018,0.00002018,0.00002017,20524.00000000,13,0.41417242,3486.00000000,0.07034748
1673193532863,XRPBTC,1673193480000,1673193539999,0.00002018,0.00002018,0.00002018,0.00002017,21398.00000000,14,0.43180974,4360.00000000,0.08798480
1673193534973,XRPBTC,1673193480000,1673193539999,0.00002018,0.00002017,0.00002018,0.00002017,34096.00000000,26,0.68805458,16978.00000000,0.34261604
1673193539319,XRPBTC,1673193480000,1673193539999,0.00002018,0.00002018,0.00002018,0.00002017,34562.00000000,27,0.69745846,17444.00000000,0.35201992
1673193540004,XRPBTC,1673193480000,1673193539999,0.00002018,0.00002018,0.00002018,0.00002017,42682.00000000,30,0.86132006,25564.00000000,0.51588152
1673193542974,XRPBTC,1673193540000,1673193599999,0.00002018,0.00002018,0.00002018,0.00002018,0.00000000,0,0.00000000,0.00000000,0.00000000
1673193546371,XRPBTC,1673193540000,1673193599999,0.00002018,0.00002018,0.00002018,0.00002018,158.00000000,1,0.00318844,0.00000000,0.00000000
1673193600008,XRPBTC,1673193540000,1673193599999,0.00002018,0.00002018,0.00002018,0.00002018,1063.00000000,3,0.02145134,163.00000000,0.00328934
1673193602127,XRPBTC,1673193600000,1673193659999,0.00002018,0.00002018,0.00002018,0.00002018,153.00000000,1,0.00308754,0.00000000,0.00000000
1673193604978,XRPBTC,1673193600000,1673193659999,0.00002018,0.00002018,0.00002018,0.00002018,3957.00000000,5,0.07985226,2841.00000000,0.05733138
1673193607522,XRPBTC,1673193600000,1673193659999,0.00002018,0.00002018,0.00002018,0.00002018,5030.00000000,7,0.10150540,3085.00000000,0.06225530
1673193609978,XRPBTC,1673193600000,1673193659999,0.00002018,0.00002018,0.00002018,0.00002018,13824.00000000,13,0.27896832,3085.00000000,0.06225530
1673193612193,XRPBTC,1673193600000,1673193659999,0.00002018,0.00002018,0.00002018,0.00002018,13834.00000000,14,0.27917012,3095.00000000,0.06245710
1673193616004,XRPBTC,1673193600000,1673193659999,0.00002018,0.00002018,0.00002018,0.00002018,15796.00000000,15,0.31876328,5057.00000000,0.10205026
1673193618979,XRPBTC,1673193600000,1673193659999,0.00002018,0.00002018,0.00002018,0.00002018,16078.00000000,16,0.32445404,5339.00000000,0.10774102
1673193622979,XRPBTC,1673193600000,1673193659999,0.00002018,0.00002018,0.00002018,0.00002018,18415.00000000,19,0.37161470,7676.00000000,0.15490168
1673193632205,XRPBTC,1673193600000,1673193659999,0.00002018,0.00002018,0.00002018,0.00002018,20267.00000000,20,0.40898806,9528.00000000,0.19227504
1673193636980,XRPBTC,1673193600000,1673193659999,0.00002018,0.00002018,0.00002018,0.00002018,22299.00000000,23,0.44999382,11560.00000000,0.23328080
1673193654472,XRPBTC,1673193600000,1673193659999,0.00002018,0.00002019,0.00002019,0.00002018,23530.00000000,24,0.47484771,11560.00000000,0.23328080
1673193657410,XRPBTC,1673193600000,1673193659999,0.00002018,0.00002020,0.00002020,0.00002018,23627.00000000,25,0.47680711,11657.00000000,0.23524020
1673193659982,XRPBTC,1673193600000,1673193659999,0.00002018,0.00002019,0.00002020,0.00002018,24627.00000000,27,0.49699711,11657.00000000,0.23524020
1673193660004,XRPBTC,1673193600000,1673193659999,0.00002018,0.00002019,0.00002020,0.00002018,24627.00000000,27,0.49699711,11657.00000000,0.23524020
1673193662983,XRPBTC,1673193660000,1673193719999,0.00002019,0.00002020,0.00002020,0.00002019,2049.00000000,2,0.04137980,1049.00000000,0.02118980
1673193665982,XRPBTC,1673193660000,1673193719999,0.00002019,0.00002019,0.00002020,0.00002019,3049.00000000,5,0.06156980,1049.00000000,0.02118980
1673193668982,XRPBTC,1673193660000,1673193719999,0.00002019,0.00002019,0.00002020,0.00002019,3744.00000000,6,0.07560185,1049.00000000,0.02118980
1673193674350,XRPBTC,1673193660000,1673193719999,0.00002019,0.00002019,0.00002020,0.00002019,3906.00000000,7,0.07887263,1049.00000000,0.02118980
1673193676983,XRPBTC,1673193660000,1673193719999,0.00002019,0.00002020,0.00002020,0.00002019,5454.00000000,9,0.11014101,2475.00000000,0.04999500
1673193692117,XRPBTC,1673193660000,1673193719999,0.00002019,0.00002020,0.00002020,0.00002019,5548.00000000,10,0.11203981,2569.00000000,0.05189380
1673193720003,XRPBTC,1673193660000,1673193719999,0.00002019,0.00002020,0.00002020,0.00002019,5548.00000000,10,0.11203981,2569.00000000,0.05189380
1673193722987,XRPBTC,1673193720000,1673193779999,0.00002020,0.00002020,0.00002020,0.00002020,0.00000000,0,0.00000000,0.00000000,0.00000000
1673193726986,XRPBTC,1673193720000,1673193779999,0.00002019,0.00002019,0.00002019,0.00002019,963.00000000,3,0.01944297,963.00000000,0.01944297
1673193730701,XRPBTC,1673193720000,1673193779999,0.00002019,0.00002019,0.00002019,0.00002019,2922.00000000,4,0.05899518,963.00000000,0.01944297
1673193732987,XRPBTC,1673193720000,1673193779999,0.00002019,0.00002019,0.00002019,0.00002019,5995.00000000,6,0.12103905,963.00000000,0.01944297
1673193735385,XRPBTC,1673193720000,1673193779999,0.00002019,0.00002019,0.00002019,0.00002019,6668.00000000,7,0.13462692,963.00000000,0.01944297
1673193742238,XRPBTC,1673193720000,1673193779999,0.00002019,0.00002019,0.00002019,0.00002019,6754.00000000,8,0.13636326,1049.00000000,0.02117931
1673193744920,XRPBTC,1673193720000,1673193779999,0.00002019,0.00002018,0.00002019,0.00002018,6768.00000000,9,0.13664578,1049.00000000,0.02117931
1673193747988,XRPBTC,1673193720000,1673193779999,0.00002019,0.00002019,0.00002019,0.00002018,7138.00000000,10,0.14411608,1419.00000000,0.02864961
1673193756168,XRPBTC,1673193720000,1673193779999,0.00002019,0.00002019,0.00002019,0.00002018,7268.00000000,11,0.14674078,1419.00000000,0.02864961
1673193763360,XRPBTC,1673193720000,1673193779999,0.00002019,0.00002019,0.00002019,0.00002018,7727.00000000,12,0.15600799,1419.00000000,0.02864961
1673193960004,XRPBTC,1673193900000,1673193959999,0.00002015,0.00002015,0.00002015,0.00002015,0.00000000,0,0.00000000,0.00000000,0.00000000
1673193963004,XRPBTC,1673193960000,1673194019999,0.00002015,0.00002015,0.00002015,0.00002015,0.00000000,0,0.00000000,0.00000000,0.00000000
1673193982095,XRPBTC,1673193960000,1673194019999,0.00002016,0.00002016,0.00002016,0.00002016,5.00000000,1,0.00010080,5.00000000,0.00010080
1673193984568,XRPBTC,1673193960000,1673194019999,0.00002016,0.00002015,0.00002016,0.00002015,2315.00000000,3,0.04664730,1967.00000000,0.03963510
1673194000031,XRPBTC,1673193960000,1673194019999,0.00002016,0.00002017,0.00002017,0.00002015,2382.00000000,4,0.04799869,2034.00000000,0.04098649
1673194004415,XRPBTC,1673193960000,1673194019999,0.00002016,0.00002017,0.00002017,0.00002015,2838.00000000,5,0.05719621,2490.00000000,0.05018401
1673194007006,XRPBTC,1673193960000,1673194019999,0.00002016,0.00002017,0.00002017,0.00002015,2981.00000000,6,0.06008052,2633.00000000,0.05306832
1673194012102,XRPBTC,1673193960000,1673194019999,0.00002016,0.00002015,0.00002017,0.00002015,3034.00000000,7,0.06114847,2633.00000000,0.05306832
1673194019486,XRPBTC,1673193960000,1673194019999,0.00002016,0.00002015,0.00002017,0.00002015,4991.00000000,8,0.10058202,2633.00000000,0.05306832
1673194020003,XRPBTC,1673193960000,1673194019999,0.00002016,0.00002015,0.00002017,0.00002015,19805.00000000,13,0.39908412,2633.00000000,0.05306832
1673194022009,XRPBTC,1673194020000,1673194079999,0.00002015,0.00002015,0.00002015,0.00002015,0.00000000,0,0.00000000,0.00000000,0.00000000
1673194024779,XRPBTC,1673194020000,1673194079999,0.00002015,0.00002015,0.00002015,0.00002015,34.00000000,1,0.00068510,34.00000000,0.00068510
1673194036117,XRPBTC,1673194020000,1673194079999,0.00002015,0.00002015,0.00002015,0.00002015,517.00000000,2,0.01041755,517.00000000,0.01041755
1673194048581,XRPBTC,1673194020000,1673194079999,0.00002015,0.00002014,0.00002015,0.00002014,576.00000000,3,0.01160581,517.00000000,0.01041755
1673194052010,XRPBTC,1673194020000,1673194079999,0.00002015,0.00002014,0.00002015,0.00002014,2317.00000000,10,0.04666955,972.00000000,0.01958125
1673194056161,XRPBTC,1673194020000,1673194079999,0.00002015,0.00002013,0.00002015,0.00002013,2351.00000000,11,0.04735397,972.00000000,0.01958125
1673194068605,XRPBTC,1673194020000,1673194079999,0.00002015,0.00002014,0.00002015,0.00002013,2352.00000000,12,0.04737411,973.00000000,0.01960139
1673194071012,XRPBTC,1673194020000,1673194079999,0.00002015,0.00002015,0.00002015,0.00002013,7812.00000000,16,0.15735215,6433.00000000,0.12957943
1673194080003,XRPBTC,1673194020000,1673194079999,0.00002015,0.00002015,0.00002015,0.00002013,7812.00000000,16,0.15735215,6433.00000000,0.12957943
1673194082013,XRPBTC,1673194080000,1673194139999,0.00002015,0.00002015,0.00002015,0.00002015,0.00000000,0,0.00000000,0.00000000,0.00000000
1673194099419,XRPBTC,1673194080000,1673194139999,0.00002015,0.00002015,0.00002015,0.00002015,101.00000000,1,0.00203515,101.00000000,0.00203515
1673194103118,XRPBTC,1673194080000,1673194139999,0.00002015,0.00002015,0.00002015,0.00002015,106.00000000,2,0.00213590,106.00000000,0.00213590
1673194118824,XRPBTC,1673194080000,1673194139999,0.00002015,0.00002015,0.00002015,0.00002015,160.00000000,3,0.00322400,160.00000000,0.00322400
1673194168452,XRPBTC,1673194140000,1673194199999,0.00002015,0.00002015,0.00002015,0.00002015,44.00000000,1,0.00088660,44.00000000,0.00088660
1673194184761,XRPBTC,1673194140000,1673194199999,0.00002015,0.00002014,0.00002015,0.00002014,733.00000000,2,0.01476306,733.00000000,0.01476306
1673194200004,XRPBTC,1673194140000,1673194199999,0.00002015,0.00002014,0.00002015,0.00002013,2916.00000000,10,0.05872559,1321.00000000,0.02660538
1673194202023,XRPBTC,1673194200000,1673194259999,0.00002014,0.00002014,0.00002014,0.00002014,0.00000000,0,0.00000000,0.00000000,0.00000000
1673194206021,XRPBTC,1673194200000,1673194259999,0.00002014,0.00002014,0.00002014,0.00002014,152.00000000,1,0.00306128,152.00000000,0.00306128
1673194217461,XRPBTC,1673194200000,1673194259999,0.00002014,0.00002013,0.00002014,0.00002013,211.00000000,2,0.00424895,152.00000000,0.00306128
1673194838660,XRPBTC,1673194800000,1673194859999,0.00002011,0.00002011,0.00002012,0.00002011,517.00000000,4,0.01039807,120.00000000,0.00241440
1673194860004,XRPBTC,1673194800000,1673194859999,0.00002011,0.00002011,0.00002012,0.00002011,517.00000000,4,0.01039807,120.00000000,0.00241440
1673194862068,XRPBTC,1673194860000,1673194919999,0.00002011,0.00002011,0.00002011,0.00002011,0.00000000,0,0.00000000,0.00000000,0.00000000
1673194865067,XRPBTC,1673194860000,1673194919999,0.00002011,0.00002011,0.00002011,0.00002011,5.00000000,1,0.00010055,0.00000000,0.00000000
1673281372645,XRPBTC,1673281320000,1673281379999,0.00002046,0.00002045,0.00002046,0.00002044,11513.00000000,14,0.23540150,1269.00000000,0.02595111
1673281374988,XRPBTC,1673281320000,1673281379999,0.00002046,0.00002045,0.00002046,0.00002044,11910.00000000,15,0.24352015,1666.00000000,0.03406976
1673281397685,XRPBTC,1673281380000,1673281439999,0.00002045,0.00002045,0.00002045,0.00002045,539.00000000,1,0.01102255,0.00000000,0.00000000
1673281633378,XRPBTC,1673281620000,1673281679999,0.00002050,0.00002050,0.00002051,0.00002050,4910.00000000,9,0.10065555,1346.00000000,0.02759355
1673281649328,XRPBTC,1673281620000,1673281679999,0.00002050,0.00002051,0.00002051,0.00002050,5298.00000000,10,0.10861343,1734.00000000,0.03555143
1673281652014,XRPBTC,1673281620000,1673281679999,0.00002050,0.00002051,0.00002051,0.00002050,5574.00000000,14,0.11427419,2002.00000000,0.04104811
1673281657725,XRPBTC,1673281620000,1673281679999,0.00002050,0.00002051,0.00002051,0.00002050,6895.00000000,15,0.14136790,2002.00000000,0.04104811
1673281665884,XRPBTC,1673281620000,1673281679999,0.00002050,0.00002052,0.00002052,0.00002050,6905.00000000,16,0.14157310,2012.00000000,0.04125331
1673281668015,XRPBTC,1673281620000,1673281679999,0.00002050,0.00002052,0.00002052,0.00002050,7568.00000000,24,0.15517786,2668.00000000,0.05471443
1673281672015,XRPBTC,1673281620000,1673281679999,0.00002050,0.00002052,0.00002052,0.00002050,8704.00000000,25,0.17848858,2668.00000000,0.05471443
1673281677561,XRPBTC,1673281620000,1673281679999,0.00002050,0.00002053,0.00002053,0.00002050,8709.00000000,26,0.17859123,2673.00000000,0.05481708
1673281680003,XRPBTC,1673281620000,1673281679999,0.00002050,0.00002053,0.00002053,0.00002050,8753.00000000,29,0.17949455,2717.00000000,0.05572040
1673281682017,XRPBTC,1673281680000,1673281739999,0.00002053,0.00002053,0.00002053,0.00002053,0.00000000,0,0.00000000,0.00000000,0.00000000
1673281698128,XRPBTC,1673281680000,1673281739999,0.00002052,0.00002052,0.00002052,0.00002052,6.00000000,1,0.00012312,0.00000000,0.00000000
1673281701017,XRPBTC,1673281680000,1673281739999,0.00002052,0.00002052,0.00002052,0.00002052,49.00000000,2,0.00100548,0.00000000,0.00000000
1673281704017,XRPBTC,1673281680000,1673281739999,0.00002052,0.00002051,0.00002052,0.00002051,2082.00000000,5,0.04270231,0.00000000,0.00000000
1673281706418,XRPBTC,1673281680000,1673281739999,0.00002052,0.00002051,0.00002052,0.00002051,2239.00000000,6,0.04592238,157.00000000,0.00322007
1673281714813,XRPBTC,1673281680000,1673281739999,0.00002052,0.00002051,0.00002052,0.00002051,2339.00000000,7,0.04797338,157.00000000,0.00322007
1673281729663,XRPBTC,1673281680000,1673281739999,0.00002052,0.00002050,0.00002052,0.00002050,2921.00000000,8,0.05990438,157.00000000,0.00322007
1673281733718,XRPBTC,1673281680000,1673281739999,0.00002052,0.00002050,0.00002052,0.00002050,2994.00000000,9,0.06140088,157.00000000,0.00322007
1673281736020,XRPBTC,1673281680000,1673281739999,0.00002052,0.00002050,0.00002052,0.00002050,4799.00000000,12,0.09840338,157.00000000,0.00322007
1673281740003,XRPBTC,1673281680000,1673281739999,0.00002052,0.00002050,0.00002052,0.00002050,4799.00000000,12,0.09840338,157.00000000,0.00322007
1673281742021,XRPBTC,1673281740000,1673281799999,0.00002050,0.00002050,0.00002050,0.00002050,0.00000000,0,0.00000000,0.00000000,0.00000000
1673281744953,XRPBTC,1673281740000,1673281799999,0.00002050,0.00002050,0.00002050,0.00002050,99.00000000,1,0.00202950,0.00000000,0.00000000
1673281747731,XRPBTC,1673281740000,1673281799999,0.00002050,0.00002050,0.00002050,0.00002050,3810.00000000,2,0.07810500,0.00000000,0.00000000
1673281750020,XRPBTC,1673281740000,1673281799999,0.00002050,0.00002050,0.00002050,0.00002050,3930.00000000,3,0.08056500,0.00000000,0.00000000
1673281778047,XRPBTC,1673281740000,1673281799999,0.00002050,0.00002050,0.00002050,0.00002050,3949.00000000,4,0.08095450,19.00000000,0.00038950
1673281781022,XRPBTC,1673281740000,1673281799999,0.00002050,0.00002049,0.00002050,0.00002049,5501.00000000,8,0.11275498,19.00000000,0.00038950
1673281788376,XRPBTC,1673281740000,1673281799999,0.00002050,0.00002050,0.00002050,0.00002049,6749.00000000,9,0.13833898,1267.00000000,0.02597350
1673281800005,XRPBTC,1673281740000,1673281799999,0.00002050,0.00002050,0.00002050,0.00002049,6749.00000000,9,0.13833898,1267.00000000,0.02597350
1673281802028,XRPBTC,1673281800000,1673281859999,0.00002050,0.00002050,0.00002050,0.00002050,21.00000000,1,0.00043050,21.00000000,0.00043050
1673281811566,XRPBTC,1673281800000,1673281859999,0.00002050,0.00002049,0.00002050,0.00002049,611.00000000,2,0.01251960,21.00000000,0.00043050
1673281814025,XRPBTC,1673281800000,1673281859999,0.00002050,0.00002048,0.00002050,0.00002048,1745.00000000,9,0.03575508,21.00000000,0.00043050
1673281850738,XRPBTC,1673281800000,1673281859999,0.00002050,0.00002048,0.00002050,0.00002048,1764.00000000,10,0.03614420,21.00000000,0.00043050
1673281853233,XRPBTC,1673281800000,1673281859999,0.00002050,0.00002049,0.00002050,0.00002048,2181.00000000,11,0.04468853,438.00000000,0.00897483
1673281856028,XRPBTC,1673281800000,1673281859999,0.00002050,0.00002049,0.00002050,0.00002048,6147.00000000,14,0.12595187,3818.00000000,0.07823103
1673281860004,XRPBTC,1673281800000,1673281859999,0.00002050,0.00002049,0.00002050,0.00002048,6147.00000000,14,0.12595187,3818.00000000,0.07823103
1673281862029,XRPBTC,1673281860000,1673281919999,0.00002050,0.00002050,0.00002050,0.00002050,120.00000000,1,0.00246000,120.00000000,0.00246000
1673281880461,XRPBTC,1673281860000,1673281919999,0.00002050,0.00002050,0.00002050,0.00002050,432.00000000,2,0.00885600,120.00000000,0.00246000
1673281884030,XRPBTC,1673281860000,1673281919999,0.00002050,0.00002051,0.00002051,0.00002050,7746.00000000,8,0.15886614,7434.00000000,0.15247014
1673281889207,XRPBTC,1673281860000,1673281919999,0.00002050,0.00002050,0.00002051,0.00002050,7867.00000000,9,0.16134664,7434.00000000,0.15247014
1673281892030,XRPBTC,1673281860000,1673281919999,0.00002050,0.00002049,0.00002051,0.00002049,9039.00000000,11,0.18537242,7434.00000000,0.15247014
1673281901329,XRPBTC,1673281860000,1673281919999,0.00002050,0.00002049,0.00002051,0.00002049,9182.00000000,12,0.18830249,7434.00000000,0.15247014
1673281904031,XRPBTC,1673281860000,1673281919999,0.00002050,0.00002050,0.00002051,0.00002049,9187.00000000,13,0.18840499,7439.00000000,0.15257264
1673281909036,XRPBTC,1673281860000,1673281919999,0.00002050,0.00002050,0.00002051,0.00002049,9689.00000000,14,0.19869599,7941.00000000,0.16286364
1673281920004,XRPBTC,1673281860000,1673281919999,0.00002050,0.00002050,0.00002051,0.00002049,9689.00000000,14,0.19869599,7941.00000000,0.16286364
1673281922033,XRPBTC,1673281920000,1673281979999,0.00002050,0.00002050,0.00002050,0.00002050,31.00000000,1,0.00063550,0.00000000,0.00000000
1673281946943,XRPBTC,1673281920000,1673281979999,0.00002050,0.00002051,0.00002051,0.00002050,151.00000000,2,0.00309670,120.00000000,0.00246120
1673281949035,XRPBTC,1673281920000,1673281979999,0.00002050,0.00002051,0.00002051,0.00002050,676.00000000,3,0.01386445,645.00000000,0.01322895
1673281961537,XRPBTC,1673281920000,1673281979999,0.00002050,0.00002052,0.00002052,0.00002050,686.00000000,4,0.01406965,655.00000000,0.01343415
1673281964035,XRPBTC,1673281920000,1673281979999,0.00002050,0.00002052,0.00002052,0.00002050,1267.00000000,7,0.02599177,1236.00000000,0.02535627
1673281980004,XRPBTC,1673281920000,1673281979999,0.00002050,0.00002052,0.00002052,0.00002050,1267.00000000,7,0.02599177,1236.00000000,0.02535627
1673281982038,XRPBTC,1673281980000,1673282039999,0.00002052,0.00002052,0.00002052,0.00002052,0.00000000,0,0.00000000,0.00000000,0.00000000
1673281990741,XRPBTC,1673281980000,1673282039999,0.00002052,0.00002052,0.00002052,0.00002052,348.00000000,1,0.00714096,0.00000000,0.00000000
1673281995038,XRPBTC,1673281980000,1673282039999,0.00002052,0.00002052,0.00002052,0.00002052,1585.00000000,2,0.03252420,0.00000000,0.00000000
1673281997816,XRPBTC,1673281980000,1673282039999,0.00002052,0.00002052,0.00002052,0.00002051,8223.00000000,8,0.16870342,925.00000000,0.01898100
1673282000037,XRPBTC,1673281980000,1673282039999,0.00002052,0.00002052,0.00002052,0.00002051,8888.00000000,9,0.18234922,1590.00000000,0.03262680
1673282004151,XRPBTC,1673281980000,1673282039999,0.00002052,0.00002052,0.00002052,0.00002051,10473.00000000,10,0.21487342,1590.00000000,0.03262680
1673282007038,XRPBTC,1673281980000,1673282039999,0.00002052,0.00002052,0.00002052,0.00002051,11596.00000000,12,0.23791738,1590.00000000,0.03262680
1673282010997,XRPBTC,1673281980000,1673282039999,0.00002052,0.00002052,0.00002052,0.00002051,13006.00000000,13,0.26685058,1590.00000000,0.03262680
1673282018093,XRPBTC,1673281980000,1673282039999,0.00002052,0.00002052,0.00002052,0.00002051,13462.00000000,14,0.27620770,1590.00000000,0.03262680
1673282021039,XRPBTC,1673281980000,1673282039999,0.00002052,0.00002051,0.00002052,0.00002051,15026.00000000,16,0.30828534,1590.00000000,0.03262680
1673282024039,XRPBTC,1673281980000,1673282039999,0.00002052,0.00002052,0.00002052,0.00002051,15271.00000000,17,0.31331274,1835.00000000,0.03765420
1673282040004,XRPBTC,1673281980000,1673282039999,0.00002052,0.00002052,0.00002052,0.00002051,15271.00000000,17,0.31331274,1835.00000000,0.03765420
1673282042041,XRPBTC,1673282040000,1673282099999,0.00002052,0.00002052,0.00002052,0.00002052,0.00000000,0,0.00000000,0.00000000,0.00000000
1673282044512,XRPBTC,1673282040000,1673282099999,0.00002052,0.00002052,0.00002052,0.00002052,36.00000000,1,0.00073872,36.00000000,0.00073872
1673282047041,XRPBTC,1673282040000,1673282099999,0.00002052,0.00002052,0.00002052,0.00002052,958.00000000,2,0.01965816,958.00000000,0.01965816
1673282054870,XRPBTC,1673282040000,1673282099999,0.00002052,0.00002052,0.00002052,0.00002052,1147.00000000,3,0.02353644,1147.00000000,0.02353644
1673282076384,XRPBTC,1673282040000,1673282099999,0.00002052,0.00002052,0.00002052,0.00002052,1345.00000000,4,0.02759940,1345.00000000,0.02759940
1673282078457,XRPBTC,1673282040000,1673282099999,0.00002052,0.00002052,0.00002052,0.00002052,6534.00000000,8,0.13407768,5108.00000000,0.10481616
1673282090711,XRPBTC,1673282040000,1673282099999,0.00002052,0.00002051,0.00002052,0.00002051,6796.00000000,10,0.13945157,5135.00000000,0.10537020
1673282093044,XRPBTC,1673282040000,1673282099999,0.00002052,0.00002051,0.00002052,0.00002050,54307.00000000,33,1.11359897,10872.00000000,0.22303607
1673282095778,XRPBTC,1673282040000,1673282099999,0.00002052,0.00002052,0.00002052,0.00002050,61519.00000000,39,1.26153292,18084.00000000,0.37097002
1673282098044,XRPBTC,1673282040000,1673282099999,0.00002052,0.00002052,0.00002052,0.00002050,61953.00000000,40,1.27043860,18518.00000000,0.37987570
1673282100004,XRPBTC,1673282040000,1673282099999,0.00002052,0.00002052,0.00002052,0.00002050,61953.00000000,40,1.27043860,18518.00000000,0.37987570
1673282102046,XRPBTC,1673282100000,1673282159999,0.00002051,0.00002051,0.00002051,0.00002051,72.00000000,1,0.00147672,0.00000000,0.00000000
1673282112878,XRPBTC,1673282100000,1673282159999,0.00002051,0.00002051,0.00002051,0.00002051,1584.00000000,2,0.03248784,0.00000000,0.00000000
1673282115046,XRPBTC,1673282100000,1673282159999,0.00002051,0.00002051,0.00002051,0.00002051,4552.00000000,4,0.09336152,0.00000000,0.00000000
1673282118541,XRPBTC,1673282100000,1673282159999,0.00002051,0.00002051,0.00002051,0.00002051,6989.00000000,5,0.14334439,2437.00000000,0.04998287
1673282135420,XRPBTC,1673282100000,1673282159999,0.00002051,0.00002051,0.00002051,0.00002051,7284.00000000,6,0.14939484,2437.00000000,0.04998287
1673282145516,XRPBTC,1673282100000,1673282159999,0.00002051,0.00002052,0.00002052,0.00002051,7655.00000000,7,0.15700776,2808.00000000,0.05759579
1673282148048,XRPBTC,1673282100000,1673282159999,0.00002051,0.00002052,0.00002052,0.00002051,7925.00000000,11,0.16254816,3078.00000000,0.06313619
1673282160004,XRPBTC,1673282100000,1673282159999,0.00002051,0.00002052,0.00002052,0.00002051,7925.00000000,11,0.16254816,3078.00000000,0.06313619
1673282162050,XRPBTC,1673282160000,1673282219999,0.00002052,0.00002052,0.00002052,0.00002052,0.00000000,0,0.00000000,0.00000000,0.00000000
1673282165082,XRPBTC,1673282160000,1673282219999,0.00002051,0.00002051,0.00002051,0.00002051,140.00000000,1,0.00287140,0.00000000,0.00000000
1673282168532,XRPBTC,1673282160000,1673282219999,0.00002051,0.00002052,0.00002052,0.00002051,755.00000000,2,0.01549120,615.00000000,0.01261980
1673282172049,XRPBTC,1673282160000,1673282219999,0.00002051,0.00002052,0.00002052,0.00002051,871.00000000,3,0.01787152,731.00000000,0.01500012
1673282193033,XRPBTC,1673282160000,1673282219999,0.00002051,0.00002051,0.00002052,0.00002051,2022.00000000,4,0.04147853,731.00000000,0.01500012
1673282195051,XRPBTC,1673282160000,1673282219999,0.00002051,0.00002051,0.00002052,0.00002051,2215.00000000,5,0.04543696,731.00000000,0.01500012
1673282211529,XRPBTC,1673282160000,1673282219999,0.00002051,0.00002050,0.00002052,0.00002050,2335.00000000,6,0.04789696,731.00000000,0.01500012
1673282214052,XRPBTC,1673282160000,1673282219999,0.00002051,0.00002051,0.00002052,0.00002050,2587.00000000,8,0.05306418,853.00000000,0.01750234
1673282218052,XRPBTC,1673282160000,1673282219999,0.00002051,0.00002051,0.00002052,0.00002050,3789.00000000,12,0.07771720,2055.00000000,0.04215536
1673282220004,XRPBTC,1673282160000,1673282219999,0.00002051,0.00002051,0.00002052,0.00002050,3789.00000000,12,0.07771720,2055.00000000,0.04215536
1673282222053,XRPBTC,1673282220000,1673282279999,0.00002051,0.00002051,0.00002051,0.00002051,0.00000000,0,0.00000000,0.00000000,0.00000000
1673282231048,XRPBTC,1673282220000,1673282279999,0.00002052,0.00002052,0.00002052,0.00002052,125.00000000,1,0.00256500,125.00000000,0.00256500
1673282235054,XRPBTC,1673282220000,1673282279999,0.00002052,0.00002052,0.00002052,0.00002052,133.00000000,2,0.00272916,133.00000000,0.00272916
1673282252051,XRPBTC,1673282220000,1673282279999,0.00002052,0.00002051,0.00002052,0.00002051,322.00000000,3,0.00660555,322.00000000,0.00660555
1673282254590,XRPBTC,1673282220000,1673282279999,0.00002052,0.00002051,0.00002052,0.00002051,914.00000000,4,0.01874747,914.00000000,0.01874747
1673282262479,XRPBTC,1673282220000,1673282279999,0.00002052,0.00002050,0.00002052,0.00002050,1034.00000000,5,0.02120747,914.00000000,0.01874747
1673282280004,XRPBTC,1673282220000,1673282279999,0.00002052,0.00002050,0.00002052,0.00002050,1034.00000000,5,0.02120747,914.00000000,0.01874747
1673282282057,XRPBTC,1673282280000,1673282339999,0.00002050,0.00002050,0.00002050,0.00002050,0.00000000,0,0.00000000,0.00000000,0.00000000
1673282286057,XRPBTC,1673282280000,1673282339999,0.00002049,0.00002049,0.00002049,0.00002049,1594.00000000,5,0.03266106,0.00000000,0.00000000
1673282288656,XRPBTC,1673282280000,1673282339999,0.00002049,0.00002049,0.00002049,0.00002047,3911.00000000,13,0.08010135,248.00000000,0.00508152
1673282296378,XRPBTC,1673282280000,1673282339999,0.00002049,0.00002047,0.00002049,0.00002047,3931.00000000,14,0.08051075,248.00000000,0.00508152
1673282300411,XRPBTC,1673282280000,1673282339999,0.00002049,0.00002048,0.00002049,0.00002047,3977.00000000,15,0.08145283,294.00000000,0.00602360
1673282319557,XRPBTC,1673282280000,1673282339999,0.00002049,0.00002047,0.00002049,0.00002047,4581.00000000,16,0.09381671,294.00000000,0.00602360
1673282322059,XRPBTC,1673282280000,1673282339999,0.00002049,0.00002046,0.00002049,0.00002046,9838.00000000,29,0.20140395,294.00000000,0.00602360
1673282366168,XRPBTC,1673282340000,1673282399999,0.00002048,0.00002047,0.00002048,0.00002047,4030.00000000,5,0.08251790,2494.00000000,0.05107598
1673282370063,XRPBTC,1673282340000,1673282399999,0.00002048,0.00002047,0.00002048,0.00002047,12490.00000000,8,0.25569410,10954.00000000,0.22425218
1673282385480,XRPBTC,1673282340000,1673282399999,0.00002048,0.00002047,0.00002048,0.00002047,14138.00000000,9,0.28942866,12602.00000000,0.25798674
1673282395721,XRPBTC,1673282340000,1673282399999,0.00002048,0.00002047,0.00002048,0.00002047,14154.00000000,10,0.28975618,12602.00000000,0.25798674
1673282399064,XRPBTC,1673282340000,1673282399999,0.00002048,0.00002048,0.00002048,0.00002047,19552.00000000,12,0.40030722,18000.00000000,0.36853778
1673282400004,XRPBTC,1673282340000,1673282399999,0.00002048,0.00002048,0.00002048,0.00002047,19552.00000000,12,0.40030722,18000.00000000,0.36853778
1673282402066,XRPBTC,1673282400000,1673282459999,0.00002048,0.00002048,0.00002048,0.00002048,21.00000000,1,0.00043008,21.00000000,0.00043008
1673282404304,XRPBTC,1673282400000,1673282459999,0.00002048,0.00002047,0.00002048,0.00002047,5859.00000000,6,0.11998792,5419.00000000,0.11098112
1673282407065,XRPBTC,1673282400000,1673282459999,0.00002048,0.00002047,0.00002048,0.00002047,6041.00000000,7,0.12371346,5419.00000000,0.11098112
1673282411995,XRPBTC,1673282400000,1673282459999,0.00002048,0.00002048,0.00002048,0.00002047,11439.00000000,8,0.23426450,10817.00000000,0.22153216
1673282422153,XRPBTC,1673282400000,1673282459999,0.00002048,0.00002048,0.00002048,0.00002047,11895.00000000,9,0.24360338,11273.00000000,0.23087104
1673282425066,XRPBTC,1673282400000,1673282459999,0.00002048,0.00002049,0.00002049,0.00002047,16834.00000000,12,0.34480155,16212.00000000,0.33206921
1673282429066,XRPBTC,1673282400000,1673282459999,0.00002048,0.00002049,0.00002049,0.00002047,22232.00000000,16,0.45540657,21610.00000000,0.44267423
1673282432324,XRPBTC,1673282400000,1673282459999,0.00002048,0.00002049,0.00002049,0.00002047,22275.00000000,17,0.45628764,21653.00000000,0.44355530
1673282455842,XRPBTC,1673282400000,1673282459999,0.00002048,0.00002049,0.00002049,0.00002047,22299.00000000,18,0.45677940,21677.00000000,0.44404706
1673282460004,XRPBTC,1673282400000,1673282459999,0.00002048,0.00002049,0.00002049,0.00002047,22299.00000000,18,0.45677940,21677.00000000,0.44404706
1673282462070,XRPBTC,1673282460000,1673282519999,0.00002049,0.00002049,0.00002049,0.00002049,0.00000000,0,0.00000000,0.00000000,0.00000000
1673282471361,XRPBTC,1673282460000,1673282519999,0.00002049,0.00002049,0.00002049,0.00002049,1642.00000000,1,0.03364458,0.00000000,0.00000000
1673282474139,XRPBTC,1673282460000,1673282519999,0.00002049,0.00002049,0.00002049,0.00002049,3057.00000000,4,0.06263793,445.00000000,0.00911805
1673282477070,XRPBTC,1673282460000,1673282519999,0.00002049,0.00002049,0.00002049,0.00002049,3731.00000000,5,0.07644819,445.00000000,0.00911805
1673282485285,XRPBTC,1673282460000,1673282519999,0.00002049,0.00002049,0.00002049,0.00002049,7131.00000000,6,0.14611419,3845.00000000,0.07878405
1673282488071,XRPBTC,1673282460000,1673282519999,0.00002049,0.00002049,0.00002049,0.00002049,8897.00000000,7,0.18229953,5611.00000000,0.11496939
1673282507207,XRPBTC,1673282460000,1673282519999,0.00002049,0.00002050,0.00002050,0.00002049,8903.00000000,8,0.18242253,5617.00000000,0.11509239
1673282510072,XRPBTC,1673282460000,1673282519999,0.00002049,0.00002050,0.00002050,0.00002049,9371.00000000,11,0.19201653,6085.00000000,0.12468639
1673282516437,XRPBTC,1673282460000,1673282519999,0.00002049,0.00002050,0.00002050,0.00002049,9427.00000000,12,0.19316453,6141.00000000,0.12583439
1673282520004,XRPBTC,1673282460000,1673282519999,0.00002049,0.00002050,0.00002050,0.00002049,9427.00000000,12,0.19316453,6141.00000000,0.12583439
1673282522075,XRPBTC,1673282520000,1673282579999,0.00002050,0.00002050,0.00002050,0.00002050,252.00000000,1,0.00516600,252.00000000,0.00516600
1673282539069,XRPBTC,1673282520000,1673282579999,0.00002050,0.00002049,0.00002050,0.00002049,314.00000000,2,0.00643638,252.00000000,0.00516600
1673282555718,XRPBTC,1673282520000,1673282579999,0.00002050,0.00002049,0.00002050,0.00002049,436.00000000,3,0.00893616,252.00000000,0.00516600
1673282559075,XRPBTC,1673282520000,1673282579999,0.00002050,0.00002049,0.00002050,0.00002049,2193.00000000,7,0.04493709,252.00000000,0.00516600
1673282565032,XRPBTC,1673282520000,1673282579999,0.00002050,0.00002049,0.00002050,0.00002049,2219.00000000,8,0.04546983,252.00000000,0.00516600
1673282567076,XRPBTC,1673282520000,1673282579999,0.00002050,0.00002049,0.00002050,0.00002049,2396.00000000,9,0.04909656,252.00000000,0.00516600
1673282572538,XRPBTC,1673282520000,1673282579999,0.00002050,0.00002049,0.00002050,0.00002049,2835.00000000,10,0.05809167,252.00000000,0.00516600
1673282580004,XRPBTC,1673282520000,1673282579999,0.00002050,0.00002049,0.00002050,0.00002049,2835.00000000,10,0.05809167,252.00000000,0.00516600
1673282582078,XRPBTC,1673282580000,1673282639999,0.00002049,0.00002049,0.00002049,0.00002049,0.00000000,0,0.00000000,0.00000000,0.00000000
1673282586498,XRPBTC,1673282580000,1673282639999,0.00002050,0.00002050,0.00002050,0.00002050,120.00000000,1,0.00246000,120.00000000,0.00246000
1673282589077,XRPBTC,1673282580000,1673282639999,0.00002050,0.00002050,0.00002050,0.00002050,298.00000000,2,0.00610900,120.00000000,0.00246000
1673282595905,XRPBTC,1673282580000,1673282639999,0.00002050,0.00002050,0.00002050,0.00002050,1948.00000000,3,0.03993400,120.00000000,0.00246000
1673282616100,XRPBTC,1673282580000,1673282639999,0.00002050,0.00002050,0.00002050,0.00002050,2039.00000000,4,0.04179950,120.00000000,0.00246000
1673282623497,XRPBTC,1673282580000,1673282639999,0.00002050,0.00002051,0.00002051,0.00002050,2044.00000000,5,0.04190205,125.00000000,0.00256255
1673282640004,XRPBTC,1673282580000,1673282639999,0.00002050,0.00002051,0.00002051,0.00002050,2044.00000000,5,0.04190205,125.00000000,0.00256255
1673282642082,XRPBTC,1673282640000,1673282699999,0.00002051,0.00002051,0.00002051,0.00002051,0.00000000,0,0.00000000,0.00000000,0.00000000
1673282652205,XRPBTC,1673282640000,1673282699999,0.00002051,0.00002051,0.00002051,0.00002051,34.00000000,1,0.00069734,34.00000000,0.00069734
1673282654817,XRPBTC,1673282640000,1673282699999,0.00002051,0.00002051,0.00002051,0.00002051,48.00000000,2,0.00098448,48.00000000,0.00098448
1673282657082,XRPBTC,1673282640000,1673282699999,0.00002051,0.00002052,0.00002052,0.00002051,3376.00000000,13,0.06924985,3376.00000000,0.06924985
1673282660814,XRPBTC,1673282640000,1673282699999,0.00002051,0.00002053,0.00002053,0.00002051,3564.00000000,20,0.07310949,3530.00000000,0.07241147
1673282670448,XRPBTC,1673282640000,1673282699999,0.00002051,0.00002054,0.00002054,0.00002051,3570.00000000,21,0.07323273,3536.00000000,0.07253471
1673282673083,XRPBTC,1673282640000,1673282699999,0.00002051,0.00002054,0.00002054,0.00002051,3683.00000000,25,0.07555375,3649.00000000,0.07485573
1673282683927,XRPBTC,1673282640000,1673282699999,0.00002051,0.00002053,0.00002054,0.00002051,3821.00000000,26,0.07838689,3649.00000000,0.07485573
1673282688648,XRPBTC,1673282640000,1673282699999,0.00002051,0.00002053,0.00002054,0.00002051,4170.00000000,27,0.08555186,3649.00000000,0.07485573
1673282700004,XRPBTC,1673282640000,1673282699999,0.00002051,0.00002053,0.00002054,0.00002051,4170.00000000,27,0.08555186,3649.00000000,0.07485573
1673282702088,XRPBTC,1673282700000,1673282759999,0.00002053,0.00002053,0.00002053,0.00002053,72.00000000,1,0.00147816,0.00000000,0.00000000
1673282706668,XRPBTC,1673282700000,1673282759999,0.00002053,0.00002053,0.00002053,0.00002053,432.00000000,2,0.00886896,0.00000000,0.00000000
1673282711277,XRPBTC,1673282700000,1673282759999,0.00002053,0.00002052,0.00002053,0.00002052,481.00000000,3,0.00987444,0.00000000,0.00000000
1673282715086,XRPBTC,1673282700000,1673282759999,0.00002053,0.00002053,0.00002053,0.00002052,542.00000000,4,0.01112677,61.00000000,0.00125233
1673282730675,XRPBTC,1673282700000,1673282759999,0.00002053,0.00002052,0.00002053,0.00002052,980.00000000,5,0.02011453,61.00000000,0.00125233
1673282733087,XRPBTC,1673282700000,1673282759999,0.00002053,0.00002051,0.00002053,0.00002051,2284.00000000,7,0.04687116,61.00000000,0.00125233
1673282760004,XRPBTC,1673282700000,1673282759999,0.00002053,0.00002051,0.00002053,0.00002051,2284.00000000,7,0.04687116,61.00000000,0.00125233
1673282762090,XRPBTC,1673282760000,1673282819999,0.00002051,0.00002051,0.00002051,0.00002051,0.00000000,0,0.00000000,0.00000000,0.00000000
1673282767429,XRPBTC,1673282760000,1673282819999,0.00002052,0.00002052,0.00002052,0.00002052,1486.00000000,1,0.03049272,0.00000000,0.00000000
1673282771487,XRPBTC,1673282760000,1673282819999,0.00002052,0.00002052,0.00002052,0.00002052,1645.00000000,2,0.03375540,0.00000000,0.00000000
1673282775861,XRPBTC,1673282760000,1673282819999,0.00002052,0.00002051,0.00002052,0.00002051,3147.00000000,3,0.06456142,0.00000000,0.00000000
1673282778090,XRPBTC,1673282760000,1673282819999,0.00002052,0.00002050,0.00002052,0.00002050,8667.00000000,10,0.17777341,100.00000000,0.00205100
1673282786872,XRPBTC,1673282760000,1673282819999,0.00002052,0.00002050,0.00002052,0.00002050,8747.00000000,11,0.17941341,100.00000000,0.00205100
1673282792503,XRPBTC,1673282760000,1673282819999,0.00002052,0.00002051,0.00002052,0.00002050,8921.00000000,12,0.18298215,274.00000000,0.00561974
1673282798717,XRPBTC,1673282760000,1673282819999,0.00002052,0.00002051,0.00002052,0.00002050,8968.00000000,13,0.18394612,321.00000000,0.00658371
1673282801092,XRPBTC,1673282760000,1673282819999,0.00002052,0.00002051,0.00002052,0.00002050,9105.00000000,14,0.18675599,458.00000000,0.00939358
1673282805092,XRPBTC,1673282760000,1673282819999,0.00002052,0.00002051,0.00002052,0.00002050,10570.00000000,16,0.21680314,1923.00000000,0.03944073
1673282807208,XRPBTC,1673282760000,1673282819999,0.00002052,0.00002052,0.00002052,0.00002050,11461.00000000,17,0.23508646,1923.00000000,0.03944073
1673282810092,XRPBTC,1673282760000,1673282819999,0.00002052,0.00002052,0.00002052,0.00002050,11560.00000000,18,0.23711794,1923.00000000,0.03944073
1673282814696,XRPBTC,1673282760000,1673282819999,0.00002052,0.00002052,0.00002052,0.00002050,11574.00000000,19,0.23740522,1937.00000000,0.03972801
1673282817092,XRPBTC,1673282760000,1673282819999,0.00002052,0.00002052,0.00002052,0.00002050,12419.00000000,21,0.25474462,2584.00000000,0.05300445
1673282820004,XRPBTC,1673282760000,1673282819999,0.00002052,0.00002052,0.00002052,0.00002050,12419.00000000,21,0.25474462,2584.00000000,0.05300445
1673282822094,XRPBTC,1673282820000,1673282879999,0.00002052,0.00002052,0.00002052,0.00002052,0.00000000,0,0.00000000,0.00000000,0.00000000
1673282833816,XRPBTC,1673282820000,1673282879999,0.00002053,0.00002053,0.00002053,0.00002053,49.00000000,1,0.00100597,49.00000000,0.00100597
1673282850370,XRPBTC,1673282820000,1673282879999,0.00002053,0.00002052,0.00002053,0.00002052,54.00000000,2,0.00110857,49.00000000,0.00100597
1673282859418,XRPBTC,1673282820000,1673282879999,0.00002053,0.00002053,0.00002053,0.00002052,92.00000000,3,0.00188871,87.00000000,0.00178611
1673282864800,XRPBTC,1673282820000,1673282879999,0.00002053,0.00002053,0.00002053,0.00002052,392.00000000,4,0.00804771,387.00000000,0.00794511
1673282880004,XRPBTC,1673282820000,1673282879999,0.00002053,0.00002053,0.00002053,0.00002052,392.00000000,4,0.00804771,387.00000000,0.00794511
1673282882099,XRPBTC,1673282880000,1673282939999,0.00002053,0.00002053,0.00002053,0.00002053,9.00000000,1,0.00018477,9.00000000,0.00018477
1673282887674,XRPBTC,1673282880000,1673282939999,0.00002053,0.00002053,0.00002053,0.00002053,745.00000000,2,0.01529485,9.00000000,0.00018477
1673282890098,XRPBTC,1673282880000,1673282939999,0.00002053,0.00002053,0.00002053,0.00002053,1755.00000000,4,0.03603015,9.00000000,0.00018477
1673282899874,XRPBTC,1673282880000,1673282939999,0.00002053,0.00002054,0.00002054,0.00002053,1761.00000000,5,0.03615339,15.00000000,0.00030801
1673282902387,XRPBTC,1673282880000,1673282939999,0.00002053,0.00002054,0.00002054,0.00002053,1898.00000000,9,0.03896737,152.00000000,0.00312199
1673282905099,XRPBTC,1673282880000,1673282939999,0.00002053,0.00002054,0.00002054,0.00002053,2798.00000000,14,0.05745337,722.00000000,0.01482979
1673282908099,XRPBTC,1673282880000,1673282939999,0.00002053,0.00002055,0.00002055,0.00002053,3109.00000000,19,0.06384442,1033.00000000,0.02122084
1673282912099,XRPBTC,1673282880000,1673282939999,0.00002053,0.00002055,0.00002055,0.00002053,3160.00000000,20,0.06489247,1084.00000000,0.02226889
1673282916099,XRPBTC,1673282880000,1673282939999,0.00002053,0.00002054,0.00002055,0.00002053,3292.00000000,21,0.06760375,1084.00000000,0.02226889
1673282919100,XRPBTC,1673282880000,1673282939999,0.00002053,0.00002054,0.00002055,0.00002053,6062.00000000,24,0.12449955,1084.00000000,0.02226889
1673282921216,XRPBTC,1673282880000,1673282939999,0.00002053,0.00002054,0.00002055,0.00002053,6250.00000000,25,0.12836107,1272.00000000,0.02613041
1673282925100,XRPBTC,1673282880000,1673282939999,0.00002053,0.00002054,0.00002055,0.00002053,6694.00000000,26,0.13748083,1716.00000000,0.03525017
1673282933197,XRPBTC,1673282880000,1673282939999,0.00002053,0.00002054,0.00002055,0.00002053,6753.00000000,27,0.13869269,1775.00000000,0.03646203
1673282936856,XRPBTC,1673282880000,1673282939999,0.00002053,0.00002054,0.00002055,0.00002053,6800.00000000,28,0.13965807,1822.00000000,0.03742741
1673282940004,XRPBTC,1673282880000,1673282939999,0.00002053,0.00002054,0.00002055,0.00002053,6800.00000000,28,0.13965807,1822.00000000,0.03742741
1673282942102,XRPBTC,1673282940000,1673282999999,0.00002054,0.00002054,0.00002054,0.00002054,0.00000000,0,0.00000000,0.00000000,0.00000000
1673282944876,XRPBTC,1673282940000,1673282999999,0.00002054,0.00002054,0.00002054,0.00002054,805.00000000,1,0.01653470,805.00000000,0.01653470
1673282947101,XRPBTC,1673282940000,1673282999999,0.00002054,0.00002054,0.00002054,0.00002054,917.00000000,3,0.01883518,917.00000000,0.01883518
1673282952919,XRPBTC,1673282940000,1673282999999,0.00002054,0.00002054,0.00002054,0.00002054,2568.00000000,4,0.05274672,917.00000000,0.01883518
1673282955102,XRPBTC,1673282940000,1673282999999,0.00002054,0.00002054,0.00002054,0.00002054,3867.00000000,6,0.07942818,917.00000000,0.01883518
1673282959103,XRPBTC,1673282940000,1673282999999,0.00002054,0.00002054,0.00002054,0.00002054,5069.00000000,7,0.10411726,917.00000000,0.01883518
1673282962103,XRPBTC,1673282940000,1673282999999,0.00002054,0.00002054,0.00002054,0.00002054,5196.00000000,8,0.10672584,917.00000000,0.01883518
1673282972680,XRPBTC,1673282940000,1673282999999,0.00002054,0.00002054,0.00002054,0.00002054,5324.00000000,9,0.10935496,917.00000000,0.01883518
1673282975103,XRPBTC,1673282940000,1673282999999,0.00002054,0.00002054,0.00002054,0.00002054,7703.00000000,10,0.15821962,917.00000000,0.01883518
1673282977761,XRPBTC,1673282940000,1673282999999,0.00002054,0.00002055,0.00002055,0.00002054,10063.00000000,18,0.20671762,1311.00000000,0.02693188
1673282979999,XRPBTC,1673282940000,1673282999999,0.00002054,0.00002055,0.00002055,0.00002054,10124.00000000,19,0.20797117,1372.00000000,0.02818543
1673282983104,XRPBTC,1673282940000,1673282999999,0.00002054,0.00002055,0.00002055,0.00002054,14883.00000000,23,0.30576862,6131.00000000,0.12598288
1673282993475,XRPBTC,1673282940000,1673282999999,0.00002054,0.00002055,0.00002055,0.00002054,14895.00000000,24,0.30601522,6143.00000000,0.12622948
1673282999145,XRPBTC,1673282940000,1673282999999,0.00002054,0.00002055,0.00002055,0.00002054,14907.00000000,25,0.30626182,6155.00000000,0.12647608
1673283000004,XRPBTC,1673282940000,1673282999999,0.00002054,0.00002055,0.00002055,0.00002054,14907.00000000,25,0.30626182,6155.00000000,0.12647608
1673283002107,XRPBTC,1673283000000,1673283059999,0.00002055,0.00002055,0.00002055,0.00002055,21.00000000,1,0.00043155,21.00000000,0.00043155
1673283005105,XRPBTC,1673283000000,1673283059999,0.00002055,0.00002054,0.00002055,0.00002054,9846.00000000,7,0.20223705,21.00000000,0.00043155
1673283009106,XRPBTC,1673283000000,1673283059999,0.00002055,0.00002055,0.00002055,0.00002054,13479.00000000,9,0.27689520,3654.00000000,0.07508970
1673283012421,XRPBTC,1673283000000,1673283059999,0.00002055,0.00002055,0.00002055,0.00002054,14168.00000000,10,0.29105415,3654.00000000,0.07508970
1673283015106,XRPBTC,1673283000000,1673283059999,0.00002055,0.00002055,0.00002055,0.00002054,15560.00000000,15,0.31965975,3678.00000000,0.07558290
1673283018106,XRPBTC,1673283000000,1673283059999,0.00002055,0.00002055,0.00002055,0.00002054,16973.00000000,20,0.34869690,5091.00000000,0.10462005
1673283020171,XRPBTC,1673283000000,1673283059999,0.00002055,0.00002055,0.00002056,0.00002054,17307.00000000,23,0.35556080,5111.00000000,0.10503125
1673283022416,XRPBTC,1673283000000,1673283059999,0.00002055,0.00002055,0.00002056,0.00002054,20537.00000000,29,0.42193730,7594.00000000,0.15605690
1673283025107,XRPBTC,1673283000000,1673283059999,0.00002055,0.00002055,0.00002056,0.00002054,36957.00000000,35,0.75936830,11980.00000000,0.24618920
1673283027527,XRPBTC,1673283000000,1673283059999,0.00002055,0.00002055,0.00002056,0.00002054,37082.00000000,36,0.76193705,12105.00000000,0.24875795
1673283030107,XRPBTC,1673283000000,1673283059999,0.00002055,0.00002055,0.00002056,0.00002054,37283.00000000,37,0.76606760,12306.00000000,0.25288850
1673283034107,XRPBTC,1673283000000,1673283059999,0.00002055,0.00002055,0.00002056,0.00002054,37430.00000000,38,0.76908845,12453.00000000,0.25590935
1673283039863,XRPBTC,1673283000000,1673283059999,0.00002055,0.00002055,0.00002056,0.00002054,37447.00000000,39,0.76943780,12470.00000000,0.25625870
1673283043108,XRPBTC,1673283000000,1673283059999,0.00002055,0.00002056,0.00002056,0.00002054,47286.00000000,52,0.97164485,22309.00000000,0.45846575
1673283060004,XRPBTC,1673283000000,1673283059999,0.00002055,0.00002056,0.00002056,0.00002054,47286.00000000,52,0.97164485,22309.00000000,0.45846575
1673283062111,XRPBTC,1673283060000,1673283119999,0.00002056,0.00002056,0.00002056,0.00002056,0.00000000,0,0.00000000,0.00000000,0.00000000
1673283070080,XRPBTC,1673283060000,1673283119999,0.00002054,0.00002054,0.00002054,0.00002054,120.00000000,1,0.00246480,0.00000000,0.00000000
1673283072110,XRPBTC,1673283060000,1673283119999,0.00002054,0.00002054,0.00002054,0.00002054,214.00000000,2,0.00439556,0.00000000,0.00000000
1673283075073,XRPBTC,1673283060000,1673283119999,0.00002054,0.00002055,0.00002055,0.00002054,1870.00000000,3,0.03842636,1656.00000000,0.03403080
1673283077110,XRPBTC,1673283060000,1673283119999,0.00002054,0.00002055,0.00002055,0.00002054,4802.00000000,10,0.09867896,4588.00000000,0.09428340
1673283104060,XRPBTC,1673283060000,1673283119999,0.00002054,0.00002054,0.00002055,0.00002054,6252.00000000,11,0.12846196,4588.00000000,0.09428340
1673283106112,XRPBTC,1673283060000,1673283119999,0.00002054,0.00002054,0.00002055,0.00002053,11612.00000000,18,0.23854764,4865.00000000,0.09997298
1673283120004,XRPBTC,1673283060000,1673283119999,0.00002054,0.00002054,0.00002055,0.00002053,11612.00000000,18,0.23854764,4865.00000000,0.09997298
1673283122114,XRPBTC,1673283120000,1673283179999,0.00002054,0.00002054,0.00002054,0.00002054,0.00000000,0,0.00000000,0.00000000,0.00000000
1673283126557,XRPBTC,1673283120000,1673283179999,0.00002054,0.00002054,0.00002054,0.00002054,397.00000000,1,0.00815438,397.00000000,0.00815438
1673283129114,XRPBTC,1673283120000,1673283179999,0.00002054,0.00002053,0.00002054,0.00002053,2080.00000000,5,0.04271367,1127.00000000,0.02314858
1673283135091,XRPBTC,1673283120000,1673283179999,0.00002054,0.00002053,0.00002054,0.00002053,2567.00000000,6,0.05271178,1614.00000000,0.03314669
