18726.84000000,,47.044523986629486,-7.234095545438322
18769.22000000,,32.26911306741751,-3.087383537724236
18770.45000000,,42.428609493461565,-3.9847226166493783
18773.51000000,,44.10318642807033,-3.379828384004213
18776.30000000,,44.28696003019877,-2.758184727801563
18770.45000000,BUY,39.89321530931636,-3.167720130611997
18760.27000000,,35.844765214120486,-5.302817113726633
18763.49000000,,43.27896659697881,-4.633335198905115
18762.98000000,,48.93338539026288,-3.640853676301049
18759.74000000,,40.661639893169436,-3.7040277980013343
18767.20000000,,51.557423930613616,-3.11296436804696
18768.04000000,,55.69391888310517,-1.2260742047401436
18770.95000000,,59.535509969744986,-0.23560697225184413
18770.96000000,,62.56928268780168,0.90745755703756
18776.30000000,,61.98682941804648,2.219299252035853
18777.62000000,,64.19470652133816,2.878826063413726
18781.41000000,,68.53966390619549,4.035811220168398
18783.79000000,,69.05163740662071,4.587872372492711
18786.86000000,,68.77700334092724,5.406856060588325
18788.31000000,,62.65010351829176,6.2642400126605935
18788.31000000,,60.65801323893476,6.125389858741983
18788.31000000,,58.46273977811392,5.9649218149606895
18782.96000000,,50.75592873505616,4.511736537973775
18782.96000000,,56.93588383644105,4.386575726086448
18782.96000000,,47.70907606735462,3.2764770743378904
18782.96000000,,55.43672527239306,3.038735103120416
18780.15000000,,44.08134152091828,1.5267123153607827
18778.59000000,,49.06751681863228,1.5473877480326337
18778.23000000,,42.40801428629037,-0.30693235474973335
18776.89000000,,41.18708213809427,-0.9989685531800205
18776.89000000,,43.534770344395,-1.603629892317258
18775.82000000,,42.56415279148626,-1.7757555900861917
18775.82000000,,48.8288790969197,-1.7860199633869343
18775.82000000,,47.72431392461551,-1.7784034152246022
18781.31000000,,54.97910162496768,-0.8969144818511268
18781.31000000,,52.34063284017447,-0.8208666544669541
18779.27000000,BUY,37.70723252471148,-1.2158127239417809
18768.75000000,,39.88038049152277,-2.6316972097411053
18768.68000000,,33.38528282233706,-2.626813345032133
18768.68000000,,37.775114070260045,-3.4158338592642394
18768.68000000,,35.06465246254258,-3.097213571818429
18767.54000000,,46.081536938670645,-3.064416426641401
18767.54000000,,37.48328478678738,-3.119163600713364
18764.12000000,,35.9494030208575,-3.277387487451051
18767.54000000,,51.35398298252251,-2.9575831633883354
18769.22000000,,52.60989958213699,-2.204070672793023
18770.78000000,,51.75282582964641,-1.3897456837657955
18770.78000000,,50.59670126054527,-1.1028927514562383
18770.78000000,,55.29406163725407,-0.33897565013103303
18774.64000000,,63.13177789980668,0.41801721548108617
18776.27000000,,52.86536742917967,0.3655805141570454
18777.41000000,,57.308253134704486,0.8184363071741245
18777.41000000,,54.344163984810685,1.909557038135972
18770.03000000,,51.96414834974574,1.3646536549968005
18770.03000000,,41.96829024096144,0.8887674353318289
18768.48000000,,37.58713329321182,-0.1901522466177994
18766.24000000,,43.04787453073554,-0.730619368096086
18768.28000000,,57.71579670722319,-0.05311842849914683
18769.17000000,,47.19792706913655,0.27475188150492613
18771.43000000,,58.007578443827676,0.24165172321590944
18774.11000000,,57.465236513396526,0.8518897166577517
18774.11000000,,55.34862492202575,1.7638404006429482
18774.11000000,,47.901853824290995,0.28246939235032187
18770.10000000,,42.96257669861429,-0.22247112068362185
18770.10000000,,45.617380812732016,-0.42912794515359565
18767.83000000,,46.26839258764655,-0.818532753171894
18767.83000000,,45.801323138080214,-1.0613017736577604
18769.67000000,,42.56900414879609,-1.7128548682558176
18769.72000000,,39.25768762170489,-1.4793591142624791
18769.72000000,,49.61756476972693,-1.3093132985886768
18770.70000000,,60.74560464917969,-0.1915579624401289
18771.77000000,,62.049475485346015,0.4439655664973543
18774.18000000,,65.64551051009565,1.340821845755272
18777.41000000,,60.78315965064321,2.2696383498805517
18777.41000000,,52.819123429981474,1.6704288532855571
18777.41000000,,50.21424757577449,1.3372373646852793
18777.41000000,,54.15477037570453,0.743650970816816
18776.34000000,,60.82683188093579,1.4829232447300456
18780.57000000,,62.45739185262131,1.7317641876979906
18782.00000000,,66.44494995956796,2.612173552319291
18797.57000000,,81.70478420754748,5.644769379789068
18809.02000000,,84.30209120535416,7.320017349647969
18811.62000000,,88.59138216028384,10.374365230887634
18809.02000000,,66.67371593632164,10.50121656065312
18807.34000000,,66.55666406312827,10.216261634945113
18814.81000000,,74.02096261278984,11.350444426698232
18814.82000000,,67.14728861030576,11.363890084492596
18814.82000000,,59.29234914395652,9.262446338711015
18804.58000000,,52.929571032353515,8.031434182248631
18804.58000000,,56.95737031508162,6.319005050223495
18804.88000000,,56.83399526011248,5.359293558045465
18806.50000000,,52.483202956451464,4.836045116571768
18807.60000000,SELL,65.37421822217638,5.785191002931242
18805.51000000,,50.34634460143067,3.022519953894516
18811.44000000,,56.094713645617,2.9415998950171343
18813.21000000,,49.429799999587296,1.3047466342541156
18813.21000000,,50.09867101145432,0.6251829728753364
18811.49000000,,54.33793248224954,0.4879946271648805
18816.44000000,,57.921809746168975,0.366862786373531
18817.11000000,,62.756707781020026,2.2411693397079944
18820.50000000,,65.7110568169073,3.657365330018365
18823.28000000,,60.67664365458381,2.8483148110426555
18831.92000000,,67.60075201896457,3.8612149882756057
18839.70000000,,80.06703531163059,6.679488834950462
18843.17000000,,69.44879830256059,7.450256680785969
18832.88000000,,53.55782886362346,6.212544799498573
18822.46000000,,42.19561261416566,3.9806380631671345
18822.46000000,,44.599549423365666,2.0970007657742826
18815.46000000,SELL,60.81062712120886,3.14279014181011
18835.32000000,,62.02928611704012,4.6024957740046375
18836.21000000,,64.57223709982146,4.999766415774502
18843.35000000,,73.04766692557953,7.229147354286397
18847.12000000,,75.2357863074812,8.281993999215047
18861.66000000,,77.76175649948452,9.512619859335246
18875.00000000,,72.25113992502375,11.855729487142526
18890.30000000,,76.8734204679755,13.29854489891295
18897.11000000,,82.60637183798002,17.291225658220355
18933.85000000,,83.37820803596463,22.938139596928522
18922.60000000,,65.35890271237989,21.761241864638578
18922.60000000,,67.83337103642592,21.04876862547826
18913.54000000,,62.115627076200134,21.395877730261418
18913.54000000,,65.23186554622004,21.19848166702286
18904.13000000,,59.12764550642141,19.935664047603495
18904.13000000,,57.14917637731907,16.507193388380983
18904.13000000,,56.76644778456117,11.882055397672957
18904.13000000,SELL,62.313811842419305,12.874585356748867
18949.64000000,,66.4569527208389,20.38211146994945
18949.64000000,,57.23079072662111,18.71290598095584
18949.64000000,,55.287426403961064,17.089723686262005
18949.64000000,,63.03640923766265,15.668322754401743
18929.88000000,,60.54814924090355,15.249786790693179
18945.64000000,,56.559878696592264,13.911696648126963
18945.64000000,,55.01707255385805,11.654536898418883
18945.64000000,,55.40061686173425,7.893647215496458
18941.97000000,,59.182265895679436,7.425896902990644
18950.21000000,,56.32264266293828,9.658008450645866
18950.21000000,,55.09379470755934,8.199051696730749
18939.85000000,,49.182776059140274,6.162393866172351
18936.25000000,,45.71821529420492,2.5930119009317423
18936.25000000,,39.37513030008579,1.2265788093027368
18920.34000000,,36.95111104791401,-1.6780611999784014
18920.34000000,,40.1994106129182,-5.2325098871624505
18905.17000000,,33.997051140668745,-9.33374655597072
18905.17000000,,34.00371001242303,-11.127585235015431
18905.17000000,,34.667184929301996,-13.86385031235477
18903.19000000,,35.962751147798244,-12.001233919054357
18903.19000000,,40.205758466081335,-8.299730381550035
18907.50000000,,37.549660185335725,-9.403468329972384
18903.64000000,,50.831533920437906,-8.03271737058094
18910.23000000,,48.585680386452864,-6.4689778547945025
18912.00000000,,41.29495270621403,-5.502187424805015
18912.00000000,,41.43425659573471,-6.33925230440218
18912.00000000,BUY,38.643728668423954,-7.549712802392605
18901.64000000,,33.55570705438933,-6.4301008008442295
18901.64000000,,34.809649288059305,-7.03641674058963
18899.75000000,,32.347870804554475,-7.372821091757942
18891.04000000,,29.407270644306237,-8.347745894370746
18887.43000000,,27.28854514177422,-8.60231678454511
18877.16000000,,29.488418131468606,-10.26568462389696
18871.06000000,,43.51633364409847,-8.582606701060286
18868.74000000,,35.72732102287739,-9.26569165044566
18872.90000000,,40.26925682905305,-8.138518296244001
18872.90000000,,32.24367278561026,-10.149397703102295
18872.26000000,,29.450717592739508,-9.700906361202215
18865.77000000,,21.213746629207336,-12.696716273840138
18865.77000000,,35.356833766373626,-12.859303002172965
18859.70000000,,38.02589269767298,-12.004893242083199
18848.85000000,,31.78542645541154,-11.521703420417907
18855.01000000,,39.32813508329374,-12.225776407060039
18852.50000000,,36.47582022952468,-12.377184227781981
18843.61000000,,37.287237347962616,-11.028885935698781
18843.61000000,BUY,36.97584300679692,-10.481641374826722
18834.01000000,,27.1366176812608,-12.700605729685776
18834.01000000,,36.36742087006614,-12.799798317057139
18814.63000000,,36.36742087006614,-12.799798317057139
18810.46000000,,46.19932589017713,-11.298007290311944
18819.09000000,,41.74387941940802,-11.581971738469292
18824.06000000,,53.27172160070046,-6.964395509992755
18831.17000000,,53.0445642736985,-5.767179318190756
18839.38000000,,61.25164034500879,-0.5950227280773106
18843.50000000,,49.794324255061156,-0.208926260129374
18845.54000000,,53.24418252282818,1.6959544575402106
18839.02000000,,46.660417822034205,-0.6785399846521614
18838.54000000,,44.86858052873617,-1.5032423864067823
18830.72000000,,55.018622707571645,1.7206968848440738
18837.22000000,,57.103969727706385,1.426252076336823
18837.22000000,,54.461302303051575,2.0354821411274315
18837.26000000,,47.25242895144007,0.7370813696797995
18834.15000000,,49.386726776136925,1.5187355514026422
18830.87000000,,45.64807141920366,-0.5335407814854989
18830.87000000,,49.28263480021439,0.4079502628701448
18827.79000000,,39.61152971163273,-0.5705918457715597
18824.56000000,,37.67345745486881,-3.831342493325792
18812.64000000,,41.69795896532803,-4.367038041189517
18812.64000000,,46.761450580703574,-5.077568596505444
18826.00000000,,49.4748383229913,-4.243438285073353
18826.00000000,,43.161330329353554,-5.094498738788388
18813.61000000,,38.53427068923127,-4.121571443400171
18808.08000000,,34.36065729476171,-6.215239337132516
18807.62000000,,33.77080261977565,-6.231921053084079
18807.62000000,,31.585142928137344,-6.571667540734779
18802.01000000,,31.81563622098834,-9.425477432716434
18802.01000000,,31.937504295015927,-10.002005133937928
18802.98000000,,41.45200388111234,-8.785337233650353
18804.49000000,,48.26143966291319,-5.567639177505043
18813.81000000,,59.02981943690961,-3.408710609714035
18814.55000000,,49.74123892132703,-2.079077595437411
18815.54000000,,51.7862223081032,-1.5070399052056018
18815.54000000,,47.02788104447179,0.2794146562919195
18815.54000000,,55.445590911109036,1.0152004777628463
18817.41000000,,60.79560021789321,0.9543514380493434
18809.46000000,,43.29096456087799,-0.1472029160722741
18813.24000000,,49.96905983096334,-0.6206388713835622
18816.71000000,,53.29354605448233,0.45741051673030597
18811.30000000,,49.62902091910098,1.066090265805542
18811.30000000,,44.96653432236954,0.6099218978451972
18809.69000000,,49.99264747940682,0.7746017622921499
18809.69000000,,53.952556437467045,1.119922261674219
18809.69000000,,44.41291206411886,0.7125654054361803
18804.50000000,,43.363422300920206,-0.5916069513077673
18803.85000000,,41.91597819286585,-1.464273735844472
18799.82000000,,39.01424250440574,-2.911608211146813
18799.82000000,,40.09129273974921,-4.027351553948392
18800.42000000,,45.864971516470526,-3.866543713975261
18794.99000000,,41.31978872468432,-3.6307913753407774
18794.99000000,,41.605905616581204,-4.308413106373337
18800.55000000,,49.44681982480822,-2.6231871147501806
18805.00000000,,55.06852042907459,-1.6443869528193318
18808.08000000,,59.003493016533945,-1.295027466268948
18808.08000000,,61.505268031727184,1.9457970082403335
18808.08000000,,53.64862730020317,1.361152075292921
18815.89000000,,62.683798194119724,1.9334446648099402
18816.72000000,,64.37723562695695,3.698844386046403
18821.78000000,,67.54638075258048,4.6165447840467095
18823.05000000,,63.73258627441919,4.772652279669273
18819.90000000,,54.42653587698259,5.092089355293865
18819.90000000,,67.21768961906889,5.718224925280083
18824.23000000,,60.700547161531055,5.81893952775863
18824.71000000,,62.27822642447405,6.089016199726757
18827.09000000,,64.70218793466655,6.066444457319449
18827.35000000,,61.212596973120334,5.69305174035253
18830.02000000,,66.22096351080829,6.722537868015934
18831.76000000,,69.35013165258458,7.340731468066224
18831.76000000,,57.34220836311417,5.707652027587756
18826.36000000,,50.53556148289034,3.638697927166504
18830.51000000,,57.71557665538,3.0884031439309183
18835.21000000,,56.85404564731744,2.951192173142772
18835.21000000,,45.62482455817146,2.2552553330897354
18823.81000000,,36.861472076203256,-0.6396128261039848
18823.64000000,,43.730285570039605,-0.9714903211643104
18822.69000000,,47.985394603288626,-0.8322087946398824
18822.69000000,,42.56821171169188,-1.509987723602535
18817.76000000,,41.298895430576884,-1.7080734811497678
18822.64000000,,48.598569280137546,-1.6087294618009764
18822.64000000,,41.133222678358656,-2.1040987847882207
18819.52000000,,45.456623715967055,-2.366787927217956
18821.01000000,,44.44638378645654,-2.528706931916531
18821.01000000,,39.255398987064844,-2.5124975265644025
18821.01000000,,35.69308128617932,-3.1958651384193217
18821.01000000,,51.62078758764636,-2.4508583664501202
18824.59000000,,59.417732328369844,-0.6375908867084945
18824.59000000,,49.627456528544286,-0.28706891916226596
18824.89000000,,62.050516878050324,0.1948009039479075
18825.53000000,,49.40622599482732,0.6154224626043288
18825.53000000,,55.255697760291014,1.1547112235093664
18825.53000000,,52.98362576330514,1.5217841331323143
18825.30000000,,50.76978708330398,1.7321361935828463
18822.48000000,,41.61525276519976,-0.3579460632390692
18818.48000000,,41.163604718790005,-0.7073596398658992
18819.41000000,,47.976886227838975,-0.6442792406232911
18822.33000000,,53.71330625209431,-0.21911905299930368
18825.92000000,,57.19240378011575,0.3311916673919768
18824.21000000,,49.8415824686005,0.2531530370579276
18824.21000000,,44.398060885640504,-0.34736788091322524
18817.17000000,,41.335741132291055,-0.7925075173407095
18816.02000000,,40.670467394295656,-1.0386598459190282
18815.13000000,,41.11294251476177,-2.164248172630323
18813.69000000,,41.11294251476177,-2.164248172630323
18819.36000000,,49.62797293985583,-2.3579219380553695
18822.68000000,,58.097917657681826,-0.9566571044888406
18822.68000000,,50.81093277938443,-1.170289180259715
18820.75000000,,51.49973852747058,-0.22701319729094394
18815.32000000,,35.89486727475865,-1.4942301982628123
18812.32000000,,38.662172157882814,-1.864474844718643
18811.27000000,,35.68421374765967,-2.5414977135260415
18810.62000000,,43.183657412303276,-2.525597889223718
18806.18000000,,37.62691169400854,-2.894824704271741
18806.18000000,,31.404118665206028,-4.294924493169674
18806.18000000,,26.44991348292237,-5.598535505276232
18800.75000000,,32.395622125773656,-6.588451330884709
18800.77000000,,41.352375017911974,-5.48155709825005
18800.77000000,,42.063280546505695,-4.336048749319161
18793.43000000,,36.47394385313883,-4.402485123486258
18793.43000000,,32.13924939717349,-5.221928127652063
18791.62000000,,29.61415948611868,-5.13747310691906
18791.62000000,,34.81276836234082,-5.8626991314849874
18791.62000000,,30.70745403414938,-6.286977493127779
18787.03000000,,35.65588923829306,-6.594752829496429
18788.64000000,,43.23765164276524,-5.5600931116059655
18790.53000000,,50.34031155908303,-4.874470258888323
18794.82000000,,60.274366281270275,-1.6765429580809723
18798.95000000,,52.14494560003332,-0.3518415944818116
18805.37000000,,61.91788418297435,1.0449054437594896
18805.37000000,,53.01461655507932,1.0273274110768398
18798.31000000,,44.97263493861231,0.6986685825359018
18798.31000000,,51.66393329356463,1.2264654819700809
18801.84000000,,54.21739438342389,1.3125852257071529
18800.30000000,,47.82794152416709,0.5129136477116845
18804.63000000,,58.31019841420841,1.4667221688869176
18804.63000000,,53.502038547024675,1.4628368319899892
18802.62000000,,47.39133080745351,1.4229090509652451
18799.02000000,,54.51132827549521,1.8270478405975155
18799.02000000,,49.149140994363535,1.1226733711919223
18796.85000000,,47.8528297679229,1.1037309807143174
18796.68000000,,44.99770513571791,-0.08004978479220881
18797.90000000,,53.05917677616717,-0.1345765740115894
18799.06000000,,51.52451138312573,-0.3885483010453754
18800.17000000,,51.37033136576903,-1.0259848128007434
18803.99000000,,56.26011122403657,-0.3546163857463398
18805.65000000,,54.82484043932609,0.7265688852930907
18805.65000000,,51.85822609301899,1.3732278522584238
18805.65000000,,53.148614474740135,1.8720527700716048
18801.54000000,,45.65031298545847,1.2598509325071063
18796.68000000,,42.62443909286768,-0.3015504636678088
18799.97000000,,47.54643985963577,0.10546799091389403
18799.21000000,,51.7450062242449,-0.49204794234901783
18803.68000000,,47.0182073677957,-0.20156623099683202
18797.71000000,,43.08434610715842,-0.5928473718668101
18791.54000000,,37.935614627446284,-1.387929066499055
18791.54000000,,37.935614627446284,-1.387929066499055
18791.54000000,,39.80678066946284,-2.4550617131644685
18790.41000000,,43.40010952665692,-2.5026820638340723
18791.68000000,,43.19262625047622,-2.2251609185732377
18792.27000000,,46.99348007772224,-2.1143312916938157
18792.27000000,,41.51517875831424,-2.4103442200903373
18790.45000000,,40.97318431789491,-2.7517218627399416
18789.42000000,,38.09018442978682,-3.0170261612074682
18787.76000000,,41.094403221891966,-4.050158379210188
18785.53000000,,41.36207499894892,-2.642923455903656
18785.53000000,,37.19542689870081,-2.739768055616878
18783.73000000,,37.886538706833726,-3.331220523450611
18787.11000000,,49.44780696265216,-2.511131985374959
18790.90000000,,58.608555746526996,-1.6317815661132045
18793.30000000,,56.82249221056326,-1.3119011978378694
18796.84000000,,57.888887494351344,0.11400840695932857
18799.11000000,,61.46940913759017,1.921333807258634
18800.01000000,,55.63883120415242,2.6189951483793266
18800.01000000,,55.362026984308976,2.626527269716462
18798.79000000,,59.76317935695107,2.573773104519205
18801.67000000,,63.32879698135663,2.8753678973153
18803.69000000,,66.0621384087753,3.7762271219253307
18805.97000000,,57.99579610560161,3.9363961477429257
18805.97000000,,59.09391166789671,3.7669554322237673
18800.77000000,,50.60202475452745,2.8205360979227407
18794.22000000,,44.20175451976161,1.7879357426209026
18792.62000000,,37.106390370660485,0.06830002261631307
18786.36000000,,47.38084198077287,-0.6008659856961458
18794.12000000,,56.230340288734766,0.16012469103952753
18794.12000000,,56.39273449753295,0.5095648227215861
18796.90000000,,50.56737073043491,-0.4857340043017757
18796.90000000,,46.901652922827,-0.6624896092325798
18796.90000000,,45.75704835517111,-1.4989864671806572
18796.90000000,,43.65658299530082,-1.5443004289081728
18796.90000000,,39.22158896269843,-1.7567070918776153
18787.12000000,,34.80997627529372,-2.4088833719106333
18785.44000000,,34.2989662275744,-3.385131151691894
18786.31000000,,38.60487927960367,-3.818881038179825
18790.04000000,,54.146248048128314,-2.740450098510337
18792.15000000,,53.55328868434265,-1.7302387608106073
18792.04000000,,49.347239474701134,-1.359912997973879
18791.17000000,,45.95287578291151,-0.9118499306459853
18788.09000000,,41.089717173360036,-1.2022438500789576
18782.92000000,,33.48135085543491,-1.8000523156333657
18781.19000000,,36.383011106838424,-1.891638721110212
18781.19000000,,39.153253129517076,-3.054410317337897
18781.18000000,,37.370771829045104,-3.4400024100759765
18781.18000000,,34.322917678918785,-3.5447810269033653
18779.25000000,,37.53935301155966,-3.4086202844227955
18777.54000000,,34.34120525359107,-3.055878655239212
18777.54000000,,35.343478743414465,-3.66839053628064
18777.54000000,,33.57775290477461,-3.705563176146825
18776.44000000,,41.29051431524605,-3.356273119283287
18776.98000000,,50.36865741974804,-2.526229538547341
18781.79000000,,57.094722430331416,-1.2214294411278388
18785.53000000,,66.08470308985888,0.22248839521125774
18785.74000000,,55.364759489714785,0.069399757328938
18788.39000000,,60.67887882812656,0.5735157393064583
18793.54000000,,67.60275869276279,2.5337306236979202
18798.19000000,,66.5502806209887,4.339649927307619
18798.19000000,,65.82472739092609,4.4098184597314685
18798.19000000,,52.82432279608861,4.0742673903550894
18786.59000000,,43.39691398405754,1.9321913448220585
18784.41000000,,47.420260365576496,1.075949207337544
18786.42000000,,59.867137598233064,1.7899394619234954
18787.04000000,,50.9855662059475,1.3187022192469158
18790.23000000,,58.22782166057457,2.004778620397701
18793.10000000,,56.435987594934524,2.2674190336365427
18794.46000000,,64.36847292198833,3.0406718351878226
18800.95000000,,67.1726878829578,4.405953897941799
18801.31000000,,65.40619388033153,4.3641366438350815
18801.31000000,,67.38536702035998,4.312138726385456
18802.53000000,,70.85478802179361,4.824581031254638
18805.82000000,,64.03471438551884,4.576194177738216
18801.66000000,,55.61116528576143,4.39119594454678
18801.67000000,,53.344210458542875,3.30988785433874
18801.67000000,,51.37436901343156,2.1908890982012963
18801.76000000,,54.6638957218168,1.8424035740936233
18801.76000000,,55.656042007719314,1.8403755630206433
18801.76000000,,48.92765565135529,1.9900924593348464
18801.52000000,,51.27400763608317,2.016431523992651
18799.54000000,,43.38680822190075,1.2456709251237044
18793.07000000,,39.266077685850206,-1.290635427365487
18790.02000000,,31.825713130788003,-1.825450940952578
18787.04000000,,28.70579743194564,-3.0935604609876464
18787.04000000,,30.994557050962243,-3.64890168698912
18784.36000000,,36.31838152526194,-4.687948050999694
18786.71000000,,36.87109362044349,-4.739891270179214
18792.08000000,,55.345761401862106,-2.9935456802086264
18793.44000000,,43.98264081640372,-2.8957681053980195
18791.18000000,,45.251505222465234,-2.457612071379117
18791.18000000,,52.83692791437902,-1.2614376369238016
18794.66000000,,50.180257066916425,-0.9879735565591545
18794.26000000,,45.00013859989995,-0.6981939122779295
18794.26000000,,43.19738084130011,-0.8831675802794052
18794.26000000,,38.65201056151631,-1.7995175280848343
18784.62000000,,37.411102342788375,-1.85541788089904
18787.14000000,,35.47571627188462,-1.9270176801546768
18787.14000000,,45.2993327344815,-1.3182579012391216
18787.14000000,,45.25827563187318,-1.364775542904681
18784.85000000,,43.07027478770298,-1.0370502154655696
18784.80000000,,48.848659453229885,-0.8143953433973365
18787.14000000,,45.18086547601746,-0.7109191959825694
18788.03000000,,60.971859256906264,0.2175748139670759
18788.69000000,,56.26857758824597,0.43196183955296874
18790.90000000,,59.88356660025589,1.1013323135011888
18788.18000000,,51.707322323912045,0.9161842644462013
18788.18000000,,43.64199051961217,0.17341770393613842
18786.50000000,,44.12987357131833,-0.6975462931477523
18784.81000000,,45.344089185061826,-0.7483122236044437
18784.68000000,,42.412300510904096,-0.8814110393796
18784.03000000,,37.97406897009201,-1.3342390432881075
18782.54000000,,39.535846111875784,-1.8202378849455272
18782.54000000,,44.74480659215858,-1.5135389422830485
18784.42000000,,47.02817139662541,-1.7018652006481716
18785.76000000,,58.21029153435844,-0.7976275942164648
18786.91000000,,57.301331999795075,0.44582378427730873
18788.24000000,,50.96545846717916,0.09274828168781823
18788.24000000,,50.83537351635391,-0.0011723754578270018
18788.03000000,,44.825446854823426,-0.42823937238790677
18788.03000000,,44.22112268518117,-0.5916637474583695
18784.72000000,,41.98404771536529,-0.8326819136527774
18784.72000000,,35.577278195405356,-0.8762684838220594
18783.04000000,,40.06484443422808,-1.384834723205131
18782.17000000,,41.3813680752713,-1.1432932716052164
18780.84000000,,42.04071641687108,-1.3090793199444306
18783.17000000,,53.97467328381801,-0.8858574188889179
18786.31000000,,63.06736224843834,-0.3314597045246046
18788.13000000,,56.75052355939821,0.4178192886720353
18788.13000000,,47.478056088905774,0.327170391468826
18788.28000000,,59.19847866759873,0.9383541689348931
18789.77000000,,60.55128752588854,1.3444584971948643
18789.17000000,,55.02549914836084,1.1295007261251158
18790.36000000,,59.23571149043529,0.7704108236903267
18790.36000000,,48.46123382988501,0.8260097040547407
18787.60000000,,43.23034537862167,0.012483912843890721
18787.60000000,,44.52877981722635,-0.0717026783968322
18781.62000000,,39.427917502420215,-0.5192853968437703
18778.79000000,,33.73709426255046,-1.762274992906896
18778.77000000,,42.509457246356604,-1.805036291563738
18777.63000000,,35.67801985566578,-2.222794543602504
18780.01000000,,51.00072439652931,-1.6602491494959395
18782.21000000,,51.91814756447725,-1.2578900352309574
18788.31000000,,58.47640498960519,-0.8144123020538245
18788.31000000,,47.2293604177127,-0.1709724268548598
18788.31000000,,45.19630514042486,-0.18407433275933727
18778.43000000,,40.82775959060187,-1.1523025148853776
18781.13000000,,49.46067256692588,-1.2515335211137426
18783.37000000,,51.38617644746452,-0.7264314673629997
18781.75000000,,43.89949523309573,-1.0391661524154188
18781.75000000,,46.37096443651031,-0.5401653962326236
18779.14000000,,50.892446768757715,-0.4898285780873266
18782.09000000,,51.7044184387515,-0.13457712210947648
18781.24000000,,59.04710577372463,0.42042564122675685
18780.75000000,,44.006372426178594,0.16995976190810325
18776.66000000,,48.205499655369124,-0.17109723473186023
18776.66000000,,47.309765411701704,-0.2682482759155391
18776.66000000,,45.074079947872264,-0.6994695215689717
18776.66000000,,46.84707238294352,-0.9391405665992352
18776.56000000,,41.7402158644405,-1.2809265519354085
18776.28000000,,40.47360493077245,-1.7681492279480153
18776.28000000,,37.877600512703914,-1.7787729112242232
18774.67000000,,43.718283044157005,-1.533575972647668
18775.47000000,,36.71977454657444,-1.8407239423977444
18778.67000000,,54.95730652757641,-0.7905433368323429
18779.77000000,,60.83409884778721,0.11745362156216288
18780.47000000,,51.53096860079816,0.47062612145600724
18783.51000000,,60.12080350623698,1.21188767626154
18784.87000000,,56.528103855617914,1.8436475929775042
18786.80000000,,70.10125485098769,3.9446631922655797
18790.85000000,,64.57439666848606,5.393553655827418
18791.04000000,,73.74047797387924,6.794664688513876
18804.68000000,,73.13815173676444,7.489446534367744
18811.77000000,,76.86656344055568,8.647652102990833
18812.62000000,,66.39108195389949,8.768752528663754
18812.62000000,,64.9595497256162,8.841648183388315
18805.81000000,,55.89199796221229,7.265916074233246
18810.73000000,SELL,63.111382906757704,7.282553310440562
18820.84000000,,70.3511163029212,6.382655259389139
18823.45000000,,64.69911920604562,6.787502788480197
18827.79000000,,66.73523652873914,6.973168059208547
18836.09000000,,72.68488503773172,7.2456140892645635
18836.09000000,,67.88799970850783,7.042072038122569
18833.36000000,,67.70402887628704,6.726280454066
18832.14000000,,64.36723940293328,6.253506372595439
18836.15000000,,71.60419523578992,6.001851496126619
18837.85000000,,64.04609547009622,5.518579730076453
18837.85000000,,66.94865052943558,5.793976501448924
18840.61000000,,71.48385742019877,5.9968443954021495
18841.69000000,,71.38976693621885,6.392999711628363
18836.73000000,,54.33662794056922,5.711939583772619
18836.73000000,,51.50215941876115,4.391806952524348
18827.66000000,,47.47917497827465,2.6172686591526144
18825.47000000,,37.734609370772915,0.6538400893186918
18825.47000000,,37.562011413837006,-0.01791354718079674
18822.79000000,,35.57601799075077,-1.3876674826460658
18818.46000000,,32.152477425252,-2.313470163349848
18818.46000000,,26.957759470245108,-3.4957465278821473
18815.27000000,,12.867977822714579,-6.506907763927302
18802.36000000,,11.556988177074842,-8.211055167826999
18802.36000000,,6.67410383729289,-11.933022948614962
18773.68000000,,29.66835293516617,-12.595010168290173
18785.67000000,,28.654775326055685,-12.633470693446725
18789.53000000,,28.085625986736915,-12.977854245353228
18787.42000000,,25.853307005889576,-12.352575610620988
18787.42000000,BUY,25.70086370957857,-12.102191407528153
18787.21000000,,40.750116594715365,-7.224102967284125
18787.21000000,BUY,38.93119878626408,-6.359782716135669
18784.49000000,,41.82019270370154,-4.855123330256902
18786.21000000,,43.091137166972864,-4.249684085680201
18787.54000000,,43.42877595315423,-3.5954967573852628
18787.54000000,,46.337836398634266,-2.5021522296337935
18787.54000000,,46.337836398634266,-2.5021522296337935
18787.54000000,,57.965059722084106,-0.2792456178503926
18787.54000000,,50.91222913666356,1.6698279285228637
18785.29000000,,43.61883110858368,0.35771124460734427
18782.64000000,,38.75644638072469,-0.7405055596282182
18783.09000000,,39.7688187540341,-0.9851952918616007
18788.03000000,,62.912026963477544,0.17605487909531803
18789.27000000,,68.78924542584426,1.5090572938534024
18790.18000000,,72.28118081265666,2.4001939241752552
18791.28000000,,69.57283612139126,3.4174456451401056
18791.34000000,,70.47682051470625,3.54597407718029
18799.74000000,,70.7019090837424,3.9472884186579904
18802.79000000,,63.78814662931435,3.939350122156611
18799.01000000,,55.266913353458534,4.2071028524769645
18797.75000000,,59.410867144613924,3.7033801705219958
18797.47000000,,54.91716021502104,3.214767285819107
18781.27000000,,32.55299817043341,1.2012106795446016
18781.16000000,,30.431712897098052,-1.6631269471799897
18779.66000000,,32.214689557993594,-2.4608903259395447
18781.02000000,,33.42263390886207,-3.5774367711455852
18781.02000000,,39.54196127150929,-3.4038386139327486
18781.02000000,,41.42331794852802,-3.275224803834135
18781.02000000,,40.338356179705556,-3.27268462516804
18780.78000000,,41.71693630118649,-3.8196460225190094
18778.72000000,,41.71693630118649,-3.8196460225190094
18778.81000000,BUY,38.307630367367935,-4.258517089507222
18778.32000000,,45.771219780959264,-1.6779320439272851
18779.90000000,,47.45658693626534,-2.0484533878261573
18787.45000000,,51.35976842897034,-0.9679228109453106
18792.01000000,,53.877668073351245,-0.20183573280883138
18793.21000000,,53.023066105470775,0.6781847131787799
18793.21000000,,58.10202607576012,3.2504644801447284
18795.01000000,,61.75247532002736,3.7229968446954445
18793.93000000,,57.44363388728251,3.2603514430156793
18794.74000000,,53.741766894796655,2.789333664768492
18795.10000000,,59.79384593480832,3.289629570721445
18795.82000000,,58.058987688213605,3.4664224007719895
18797.41000000,,65.62785920175924,4.290614252244268
18797.96000000,,65.65700824767595,4.870500007469673
18803.85000000,,64.60757220102481,4.786235260016838
18803.92000000,,54.0615361473488,3.6252817121312546
18805.11000000,,57.182098311261555,3.303890656992735
18806.28000000,,62.249575631005186,3.9996230027172714
18810.91000000,,66.90846997392637,5.902524459994311
18810.91000000,,65.14026044557687,5.70116216416136
18812.66000000,,64.31671072580832,4.899627513008454
18812.66000000,,64.82673719877951,5.084426077624812
18812.70000000,,59.10371480003947,4.765012705978734
18809.19000000,,55.21794510791797,3.8097389740833023
18812.05000000,,52.55049178873172,2.979530656753923
18815.58000000,SELL,64.46589674609733,3.6403839237755165
18813.23000000,,52.220634150830705,1.8505579418015259
18813.23000000,,50.604142326782835,1.5721575241477694
18815.32000000,,55.81843740553441,2.2610530691454187
18812.91000000,,50.76219239147491,0.9120508029300254
18810.65000000,,44.40937194898303,0.75275381820029
18810.11000000,,51.96162599848626,0.4751066190947313
18810.85000000,,47.49331308499189,0.1109387842589058
18813.70000000,,51.836825326668404,-0.5168807441659737
18813.70000000,,52.15229536597598,-0.2366816702451615
18813.70000000,,50.27096860431523,-0.12688730021181982
18813.62000000,,40.41261819055352,-0.3517921406273672
18809.19000000,,38.56975828285438,-0.7142616820710828
18807.75000000,,33.44107144877363,-1.4663025589943572
18807.74000000,,37.54427514658372,-1.621823455694539
18804.56000000,,33.52163643895325,-2.8167178394396615
18804.56000000,,42.86026061600949,-2.588642809736484
18803.50000000,,36.462293079188896,-2.0557662822684506
18806.00000000,,45.50034718441723,-2.088539202017273
18807.62000000,,53.88152768150289,-1.080936271304381
18806.30000000,,41.05317063306021,-1.3219503069522034
18804.95000000,,51.27767872842792,-0.712636557949736
18807.67000000,,48.900702299378516,-0.8316345867569908
18807.67000000,,48.55923050044071,-0.5378086599739618
18805.62000000,,43.68681118281418,-0.9878352700252435
18804.66000000,BUY,39.79126363492681,-1.1643896342866356
18805.79000000,,42.30944923681435,-0.3099653389544983
18803.91000000,,46.46391869647835,-0.22100824650988216
18805.43000000,,53.29643318153498,-0.19174712536187144
18806.09000000,,51.93376564362753,0.0849387319140078
18806.33000000,,51.35617832821501,-0.1928697081784776
18808.54000000,,61.780234444050585,0.8719028642044577
18808.58000000,,67.39041209340854,1.641911079899728
18860.91000000,,56.03010645593763,-0.7306211985633126
18867.60000000,,66.6642615772382,2.7964913407813583
18867.60000000,,66.69083828437084,3.1780423243908444
18870.61000000,,71.00478761878844,4.723360693311406
18867.83000000,,53.370961066201275,4.210339182696771
18867.83000000,,49.73521016268605,3.861768185684923
18863.21000000,,49.20455228319982,2.9747981261134555
18853.50000000,,39.83527697975657,1.3201265356728982
18853.29000000,,38.17448360694843,0.335569274633599
18852.73000000,,34.24027600394578,-1.091378661163617
18852.73000000,,37.43929094549911,-2.3471221585605235
18852.73000000,,39.13609397543868,-2.0856998737617687
18855.17000000,,56.09582656457158,-0.8851855677821732
18855.46000000,,49.10168759775684,-0.937471487759467
18852.27000000,,39.94548174372133,-1.175502350943134
18851.33000000,,40.33917460236336,-1.8022299220428977
18851.33000000,,36.89058635975025,-3.0482144180859905
18852.21000000,,51.000435052255185,-2.2985508063247835
18853.95000000,,49.28469176273947,-2.0633379349637835
18857.58000000,,54.84944476911592,-1.6368100007421162
18857.58000000,,43.480683652007876,-1.5307375720803975
18851.26000000,,46.32269344529787,-1.0941459341993323
18852.20000000,,51.51968575298417,-0.9023968198998773
18850.23000000,,41.60249962970787,-1.0093509311845992
18852.68000000,,45.09877380292966,-0.8928427025530254
18853.57000000,,50.785242728191676,-0.537612252683175
18849.94000000,,44.03129089017132,-0.8574550578086928
18849.94000000,,44.482818274816644,-0.8801683492965822
18848.76000000,,35.10380292945571,-1.9560455394203018
18847.91000000,,37.30910311309832,-3.0281632100268325
18845.42000000,,52.07199603646784,-2.043064004781627
18845.42000000,,50.859961784932274,-1.6592386559459555
18845.42000000,,46.04788026454871,-1.386148273399158
18845.42000000,,46.04788026454871,-1.386148273399158
18844.02000000,,41.50597825419149,-1.241153029634006
18842.27000000,,40.56048623826923,-1.7115360656316625
18841.86000000,,33.837111066455876,-3.11714666239277
18837.12000000,,30.68030692633228,-3.8729481170812505
18835.11000000,,28.59364668998471,-3.8480652106045454
18838.84000000,,42.68883642150433,-3.988681250852096
18838.84000000,,43.89572953779896,-3.101785136412218
18838.84000000,,41.97348213737198,-2.6819644808892917
18838.84000000,,37.916923229163494,-3.4578730808170803
18832.83000000,,40.00220262946357,-3.6956641135475365
18836.80000000,,45.58404565948095,-3.0422506666291156
18838.20000000,,52.08568851025427,-1.8617293486931885
18840.77000000,,53.69046738193637,-0.7936508693092037
18841.03000000,,53.5271810044914,-0.7779079769061354
18843.30000000,,66.10682526462342,0.9816705193043163
18844.13000000,,61.64099998337784,1.2203510221334
18847.60000000,,64.40721487158739,2.1237111945520155
18849.07000000,,74.05217134422409,3.4235395208379487
18850.62000000,,70.12336590851976,3.8641407308859925
18848.40000000,,57.77594851159927,3.7152750485656725
18851.22000000,SELL,64.60543097432642,4.075630954299413
18847.20000000,,56.713529507315485,2.0763640798722918
18846.70000000,,54.811839060191645,1.590914772645192
18845.78000000,,47.603762843908726,0.7513846518922946
18845.07000000,,41.89913040006201,-0.36210884150932543
18845.07000000,,41.43212735519377,-0.6225618114804092
18844.72000000,,51.56957569495469,-0.4805195139415446
18846.62000000,,52.15807535327025,-0.6043330880129361
18848.34000000,,59.023561413153914,-0.2854311757910182
18848.34000000,,50.46868297832576,-0.022848916560178623
18845.31000000,BUY,38.74071254524569,-0.978974754238152
18840.67000000,,36.56110114534484,-2.260046358973341
18841.89000000,,44.00793219163839,-1.709901689657272
18841.89000000,,34.068950511876565,-1.7377934676624136
18837.07000000,,36.79475307570372,-1.9706763689027866
18837.07000000,,39.04937146675582,-2.4371140778930567
18839.51000000,,49.22884715277884,-1.89752702943224
18839.51000000,,39.286320629021105,-1.7441495904931799
18836.12000000,,35.667674605715234,-2.037951535785396
18836.12000000,,35.31731811734011,-2.3018636321539816
18832.47000000,,30.79162268637134,-2.7853658381245623
18831.11000000,,29.36616671950678,-3.1843659506012045
18830.72000000,,32.89417332067217,-3.5780527097194863
18829.61000000,,27.70039180574919,-3.5904329455879633
18828.46000000,,34.11712723602655,-2.7830368522627396
18828.46000000,,37.66113561890703,-2.7761412843246944
18831.33000000,,52.85005286738124,-1.763520960263122
18831.67000000,,56.12468384643884,-1.3452547784654598
18831.75000000,,46.869441199543886,-1.0983555977290962
18831.75000000,,45.025099835208884,-0.7443570312898373
18832.85000000,,53.713238571511646,-0.38665970970032504
18833.90000000,,56.31914785004181,-0.3811632225806534
18836.01000000,,56.72744090112658,-0.20780662919423776
18837.73000000,,58.79891195885442,0.2529324706993066
18841.41000000,,67.32409039190375,1.5423357501458668
18843.01000000,,74.52543069846374,2.5494432046689326
18845.00000000,,69.07702600270898,3.511861996110383
18842.00000000,,59.80315402588513,2.896305241403752
18857.97000000,,50.80252534796592,-0.09340422747845878
18857.97000000,,52.070837683824315,0.05365055943548214
18857.97000000,,52.96471006334496,0.05087488429489895
18857.97000000,,50.71543872340291,0.08146571533507085
18857.97000000,,43.59149549764236,-0.027433497431047726
18857.97000000,,50.22080065041215,-0.10529299693735084
18857.97000000,,50.26333645570716,-0.22045199139029137
18857.97000000,,50.442519075896456,-0.1626634917629417
18857.97000000,,48.202923345175364,-0.292461330187507
18857.97000000,,52.534564815825796,-0.13451190421983483
18857.97000000,,50.97044522114945,0.1635697522542614
18857.97000000,,53.41540918669959,0.14544592201491469
18857.97000000,,52.97550805089974,0.10942770447945804
18857.97000000,,48.744351847226554,0.10193298723606858
18858.83000000,,57.04452706671384,0.17867232580829295
18858.84000000,,59.03375386454496,0.2879743731900817
18858.93000000,,61.61483315529507,0.49202020686425385
18859.16000000,,58.44314681128265,0.4147053845154005
18859.16000000,,50.86908139281966,0.2875101087083749
18858.33000000,,28.78675100102346,-0.2768081458234519
18858.10000000,,44.591870576057325,-0.4165525702483137
18858.07000000,,45.809411695562986,-0.22583384449899313
18858.07000000,,48.45403222968132,-0.33664041157680913
18858.43000000,,53.356706843486116,-0.18577000376899377
18858.80000000,,49.63731276884533,-0.16282059460354503
18858.80000000,,50.7015110183838,-0.05498192009690683
18858.70000000,,48.288925777316614,-0.1221338562463643
18858.70000000,,51.79772347217052,0.042623363766324474
18858.70000000,,54.04854050929631,0.10188579230816686
18858.70000000,,50.653548156932565,0.14932928102643928
18858.70000000,,52.34560302285696,0.139350177905726
18858.82000000,,61.5329226245413,0.1813056114988285
18859.63000000,,59.80397026016493,0.354175974138343
18859.63000000,,47.248520765786225,0.2446227180371352
18859.63000000,,46.69840637157535,0.1280326586420415
18857.67000000,,42.766523469595825,-0.03290057987032924
18856.93000000,,42.59333254425918,0.06788825387047837
18856.78000000,,41.12661194194326,-0.5308099497597141
18856.57000000,,40.087514768731474,-0.7282965664489893
18856.57000000,,38.80973074969283,-0.7522825467058283
18856.16000000,,34.790773443747526,-0.9078349043156777
18855.98000000,,41.28753151395651,-0.9471873296606645
18856.22000000,,45.33648182600056,-0.7941346656953101
18856.22000000,,44.93050624448531,-0.6431426533672493
18856.22000000,,40.895856476815894,-0.6371669955224206
18856.22000000,,48.48951600859068,-0.5220371096620511
18856.22000000,,48.89045419805896,-0.4741806241836457
18856.22000000,,47.9797044209767,-0.33568032165203476
18856.22000000,,47.690240844359934,-0.3031568285805406
18856.79000000,,51.19487561683304,-0.06611724365211558
18856.79000000,,50.69788117420934,-0.2792311237171816
18856.79000000,,56.598632231060066,-0.17936516835834482
18856.79000000,,70.11703784518474,0.38439972644482623
18858.21000000,,69.92249509145635,0.4801357295946218
18858.23000000,,56.98732006856358,0.6710703821081552
18858.23000000,,55.682388060211466,0.7249884300981648
18858.23000000,,46.607561647787115,0.47527726528278436
18858.23000000,,47.72431383497543,0.3310763121698983
18858.22000000,,56.5513647873765,0.38495086835246184
18858.22000000,SELL,60.61614998362352,0.4437616529976367
18858.85000000,,50.688936525568316,0.25108201936018304
18858.85000000,,51.01888594641146,0.2348881728030392
18858.85000000,,56.39070591288826,0.22172110352039454
18858.45000000,,33.85565310226663,0.006483848756033694
18856.64000000,,36.89737996685389,-0.31951261131325737
18856.23000000,,35.0991769502927,-0.5199009947136801
18855.80000000,,31.404351852852116,-0.6644924834326957
18855.69000000,,37.73592970949656,-0.8031897899199976
18855.59000000,,35.05077978158489,-0.9520874652771454
18855.13000000,,39.8867688562839,-0.9499691698911192
18855.13000000,,36.073444552870136,-0.8601397136953892
18854.53000000,,38.86346359085372,-0.8017795309824578
18854.31000000,,36.77477899255582,-0.8075519228186749
18854.31000000,,44.87397939172752,-0.7210369737367728
18854.31000000,BUY,39.593464766886115,-0.7486424916605756
18854.68000000,,45.55006594905724,-0.6874317620022339
18854.23000000,BUY,35.978874454874855,-0.7300158461839601
18854.14000000,,37.003797607270826,-0.6855815865528712
18853.82000000,,42.798008493917884,-0.686366955153062
18853.82000000,,37.63865658209902,-0.4598056039430958
18853.82000000,,41.1206548128346,-0.5596682840405265
18853.82000000,,42.04035859710019,-0.47212829918862553
18854.10000000,,43.011254567856504,-0.43719103930561687
18854.62000000,,57.425107976697426,-0.2774486925518431
18855.21000000,,60.94714391690916,-0.014428692014917033
18855.37000000,,63.73003446878248,0.10486250120811746
18855.37000000,,65.55800619335844,0.3819632450322388
18855.37000000,,64.89865614205256,0.37510645796646713
18856.57000000,,71.29267483602545,0.5773633629032702
18856.69000000,,71.67502617034224,0.7568789178731095
18856.69000000,,66.11328277276272,0.8026288549735909
18856.74000000,,46.90106404426058,-0.026832694642507704
18856.44000000,,42.27141079003924,-0.21074764379227418
18856.06000000,,41.02897378796042,-0.305060360708012
18856.06000000,,40.77151318928854,-0.3516553349800233
18856.16000000,,42.16576273939748,-0.48036633064839407
18856.16000000,,40.34803293946985,-0.4254396590622491
18856.16000000,,46.13157741265056,-0.33927051310092793
18856.16000000,BUY,38.205011594222384,-0.5341538113534625
18856.16000000,,45.481872778081865,-0.31987247940924135
18856.16000000,,47.59872657483282,-0.26685210851064767
18856.54000000,,43.30479226376269,-0.15434066067246022
18870.79000000,,78.05219399245125,3.729538258008688
18870.07000000,SELL,76.98406969773166,3.2777110242786875
18871.06000000,,45.55656921908316,0.26384379657247337
18869.54000000,,29.760922994225794,-0.3521565267110418
18869.17000000,,39.89056196728082,-0.5768309190607397
18868.98000000,,40.722221251257245,-0.6581235497505986
18867.71000000,,35.646212134641175,-0.7475497201703547
18867.22000000,,32.9146190464983,-1.0434486752601515
18867.22000000,,35.58851099924031,-1.268589925544802
18864.48000000,,22.584118254747025,-1.7164578189294843
18863.97000000,,33.656622837129305,-1.8784789278070093
18864.34000000,,36.67550815648197,-1.7675438270925952
18864.34000000,,47.650440632369566,-1.5657956028844637
18864.73000000,BUY,35.52933445769817,-1.4530762373069592
18864.23000000,,49.80569555268973,-1.0166384529111383
18866.37000000,,56.66506084849201,-0.6088348349985608
18866.49000000,,61.502525862486216,-0.02710295464930823
18866.49000000,,48.96405220005954,-0.2348477187588287
18866.49000000,,53.2887976620916,-0.10708965142839588
18866.49000000,,53.116073090523855,-0.019328841495735105
18866.49000000,,53.029706816387055,0.1920227460868773
18866.57000000,,66.88234464791634,0.6042143292361288
18867.07000000,,62.32439059661021,0.7816260154395422
18867.66000000,,65.76502763707367,0.9631245792625123
18868.98000000,,69.67371532861499,1.1181782544081216
18869.10000000,,64.92929589248607,1.309176001133892
18869.68000000,,67.91833574624542,1.8475673156608536
18870.54000000,,70.0376307174291,1.899704408027901
18871.48000000,,68.84069710316436,1.7890813354933925
18871.48000000,,72.23482076602012,1.8984264058235567
18872.06000000,,72.40695121760876,1.749758413519885
18872.06000000,,70.67608430128348,1.784847364819143
18872.13000000,,67.14338899972117,1.4995398019709683
18873.18000000,,73.21829895415834,1.4416937711903302
18873.18000000,,60.032754149945184,1.3154628930169565
18873.18000000,SELL,63.71425061520854,1.3037766643901705
18871.95000000,,54.128486851114445,0.4426466040822561
18873.16000000,,41.094952228336304,-0.3435980026879406
18873.16000000,,32.737218392727556,-0.8451481633019284
18872.28000000,,22.007389919861538,-1.1080943432680215
18872.82000000,,58.559154568995645,-0.5228252953056653
18874.23000000,,56.01287898705637,-0.3598971577739576
18874.64000000,,53.4074799439708,0.049058689717639936
18875.08000000,,56.42662886748538,0.24007427254036884
18875.08000000,,51.674655658495276,0.23129824384886888
18875.08000000,,51.784078089039625,0.2743878150577075
18875.08000000,,44.89775435656813,0.020888465805910528
18875.08000000,,46.004576079366096,0.14060448027521488
18875.08000000,,46.015872589280576,0.05932254126673797
18875.08000000,,47.31718769704133,0.025121982263954123
18873.22000000,,31.327239781541763,-0.47992372397129657
18872.69000000,,35.82527862420143,-0.6856177303670847
18870.06000000,,35.265827767574834,-0.8103663946058077
18870.59000000,,39.03622842551351,-0.9446445983739977
18871.00000000,,39.118119065087996,-0.9396093139548611
18871.00000000,,43.0030219564971,-0.778782122193661
18871.53000000,,49.09576832713774,-0.5582096953949076
18872.10000000,,60.665938652510384,-0.5453911211698141
18874.76000000,,56.632782651955615,-0.15068834052362945
18874.90000000,,62.55282224491416,0.004305805519834394
18875.87000000,,59.14630294136527,0.40773967418135726
18875.87000000,,61.51042746396118,0.6516181833176233
18875.87000000,,56.00974490682826,0.70169817349597
18874.75000000,,46.497080568443344,0.5470209438462916
18874.75000000,,42.61386785916975,0.32467069494668976
18874.75000000,,48.99748494706105,0.12594644953423995
18873.48000000,,48.25161099091314,-0.005496775254869135
18873.48000000,,54.88148195711976,0.41365293055787333
18873.90000000,SELL,64.9807655971989,0.5277986096843961
18888.60000000,,54.3010053568221,1.3957012492573995
18886.98000000,,49.53449586115133,0.9614544240394025
18886.98000000,,54.97477603230165,0.7716618018821464
18887.05000000,,57.21908474167464,0.7076348440314177
18887.05000000,,57.96398901403374,0.7600699909453397
18887.05000000,,49.202182849235065,0.3024467810028
18887.05000000,,54.308023543168666,0.27931366957636783
18887.05000000,,50.90107637666785,0.196850127675134
18887.05000000,,49.885080283697306,0.11496267676193384
18887.46000000,,63.843317487176996,0.2472387833367975
18889.13000000,,67.7696089200198,0.49815362502704374
18889.13000000,,64.72084529364474,0.616938875784399
18889.13000000,,51.91436339405047,0.27907845344088855
18888.68000000,,58.849591033264616,0.3534643080056412
18888.68000000,,57.29677419449724,0.33664174679870484
18888.68000000,,52.88377622606,0.35114314031307003
18888.68000000,,56.53911012375566,0.4959748180954193
18888.68000000,SELL,60.031057887944904,0.5497775598414592
18888.46000000,,43.26282175123435,-0.8859625565019087
18888.46000000,,43.180863642140444,-0.8315990784722089
18888.46000000,BUY,38.387019924111314,-0.8113149608434469
19517.25000000,,44.56900307565868,-0.6931550134686404
18889.87000000,,41.768940093585435,-0.5234306373786239
18889.87000000,,36.29093285513266,-0.5851377570033947
18889.87000000,,34.65144257269246,-0.5990503616376373
18888.60000000,,33.41783995696541,-0.9229185120748298
18888.38000000,,35.611768643933985,-0.9253597953356802
18888.11000000,,32.65703686379405,-0.9444477602992265
18887.30000000,,34.15103367397086,-1.0218498111134977
18887.34000000,,37.87649354085863,-0.7768919621448731
18886.43000000,,35.926406159642255,-0.8298276808855007
18886.43000000,,34.26841430811241,-0.8944103961475776
18885.82000000,,35.16346877672187,-0.8655972003798524
18885.82000000,,35.206689300070536,-1.060966434331931
18885.82000000,,38.606754663903786,-0.8666838764584099
18885.82000000,,39.91255000487026,-0.7729137146998255
18885.95000000,,42.969232496166775,-0.7207297892964561
18885.95000000,,45.044769728813385,-0.7740521228952275
18885.95000000,,44.81466187967266,-0.6480599443166284
18885.56000000,,41.37001871157327,-0.6238304394464649
18885.61000000,,46.17718979572909,-0.34379413674469106
18885.61000000,,52.057346833979096,-0.19712416742913774
18885.61000000,,51.25529570102055,-0.027239340837695636
18885.61000000,,47.565504716389405,-0.06675130944131524
18886.79000000,,61.745516342210955,0.1680426166858524
18887.34000000,,63.78268241972107,0.33972351391639677
18887.67000000,,69.45901139736463,0.7041026752776816
18889.98000000,,75.653222848138,1.1254346622154117
18890.62000000,,75.94473624456977,1.2674496323925268
18890.62000000,,61.48004995849647,1.4769815073304926
18890.09000000,,63.89424179612096,1.4151268962850736
18890.09000000,,59.55128390913001,1.179521959838894
18890.09000000,,58.94527511798796,1.1133109678921755
18890.09000000,,57.51478912702719,0.954256704520958
18890.44000000,,50.71387889164305,0.7313255047447456
18890.25000000,,55.01437759723438,0.4574471229898336
18889.79000000,,52.61933496294217,0.4020826786872931
18889.79000000,,53.77239007165934,0.3314162302776822
18890.07000000,,55.02363220917404,0.3378282540907094
18889.55000000,,52.61054773061745,0.2856265275950136
18889.86000000,,57.278150780710746,0.15962198890338186
18889.86000000,,48.90380512660483,0.05170285738495295
18889.86000000,,46.980177229847676,-0.07880278124503093
18889.77000000,,38.71898669481875,-0.29968163657031255
18889.77000000,,53.99240213954302,-0.169238012706046
18889.77000000,,40.13196452245399,-0.14642090574125177
18889.89000000,,52.73434608049514,-0.04824196200934239
18890.38000000,,58.6762693033747,0.0893249506734719
18890.38000000,,57.62185564530252,0.20617454844614258
18890.53000000,,51.42305187184554,0.2947298745457374
18890.58000000,,52.36699063311443,0.24953324323359993
18890.58000000,,55.27632365562583,0.3788480487091874
18890.58000000,,52.30513021081753,0.2819519607946859
18890.58000000,,52.4163235892056,0.17490740088760504
18890.32000000,,54.066504669158384,0.28674536968173925
18889.10000000,,33.92650514797947,-0.32268435102014337
18888.59000000,,30.23443040898806,-0.6069082538087969
18888.47000000,,33.51058940958244,-0.9480517995543778
18888.47000000,,33.528134273385234,-1.030346826028108
18887.83000000,,45.43827715732467,-1.0212675634829793
18887.83000000,,43.7148247901984,-0.874911261806119
18887.83000000,,41.046652512901325,-0.7955707099790743
18887.55000000,,48.224850366303315,-0.6442299730806553
18887.55000000,,51.2349072537784,-0.4671979387785541
18888.15000000,,50.184944474455214,-0.27282813048077514
18888.15000000,,45.16229284999519,-0.3391646097843477
18888.01000000,,50.73396447725339,-0.23239192877008463
18888.01000000,,47.744951157813325,-0.21902712453811546
18888.01000000,,48.44264242408287,-0.11468659954698524
18888.01000000,,47.742444180092804,-0.14523270075733308
18888.01000000,,56.02514845890919,0.06909604692555149
18888.36000000,,55.51975686250427,0.3681040790324914
18887.73000000,,43.793870183607005,0.15826375631877454
18887.06000000,,41.670221320822755,0.013192791451729136
18885.81000000,,30.98553973291837,-0.598882637987117
18885.68000000,,29.04588524099634,-1.2032241448978311
18884.32000000,,25.33662934672077,-1.3552129069976218
18884.32000000,,24.143021256668632,-1.585376712409925
18884.32000000,,22.412951773017298,-1.90270383301322
18884.32000000,,18.215499082373995,-2.4371139232316636
18878.82000000,,26.36589753998244,-2.4984563835350855
18878.82000000,,26.420086410726853,-2.363563674247416
18878.41000000,,25.506167230790254,-2.3224923653360747
18878.41000000,,34.65842906567707,-2.155401430609345
18880.20000000,,46.59173261785032,-1.8773195991634566
18883.28000000,,59.51069850146912,-1.3871087057450495
18883.28000000,,61.93971509910174,-0.22889117715749308
18885.70000000,,61.4307333736943,0.06568025345404749
18886.02000000,,65.25819306510022,0.2643280350457644
18885.97000000,,53.29226700173578,0.4784530797878688
18885.97000000,,57.28632701577788,0.6415186455742514
18885.13000000,,46.5629809409294,0.5891451565403258
18884.71000000,,47.074983117503805,0.6608466871985001
18884.71000000,,45.87659002347369,0.39482397620304255
18884.71000000,,49.71030936133869,0.3418335704373021
18883.35000000,,51.220354265362815,0.5978715775490855
18883.35000000,,54.208416812690736,0.5697324040193052
18883.35000000,,54.72367198670216,0.6772657207693555
18883.35000000,,54.57050475453679,0.5229420693067368
18883.35000000,,56.30417321901303,0.5313957869802834
18883.93000000,,46.39457646219874,0.4279899032553658
18883.93000000,,54.81060349481459,0.32678457065776456
18883.93000000,,50.995875348423695,-0.053901580675301375
18883.93000000,,50.80929828133892,-0.1263543932727771
18884.00000000,,49.30098016363295,-0.2249606100085657
18884.46000000,,60.519045178823255,0.20121656252013054
18884.52000000,,52.06058367839774,0.350578146702901
18884.83000000,,52.62955100523317,0.31003915676046745
18884.83000000,,52.25088034697264,0.4708217153674923
18885.24000000,,54.45781366094835,0.3995028185599949
18885.24000000,,52.32722325670315,0.3269815565763565
18885.24000000,,49.697339399400654,0.1408977280407271
18885.24000000,,42.93108965424936,0.09063869437522953
18883.98000000,,43.72073678400699,-0.06691416705143638
18883.98000000,,46.693501936503004,-0.09659049188121571
18883.98000000,,45.18259385284607,-0.14672638099364121
18883.98000000,,43.659623910652385,-0.16234333295142278
18883.98000000,,44.69163887740387,-0.07622980642918264
18883.98000000,,54.004085039894356,-0.2748305435088696
18884.22000000,,61.37894770984392,-0.07840689801014378
18885.07000000,,63.395856652628574,0.1472136342745216
18885.07000000,,62.48878296976541,0.2255133115540957
18885.07000000,,58.31621478827845,0.14719265018720762
18883.18000000,,33.49290090943589,0.040781615127343684
18882.99000000,,29.73011381063118,-0.20612097504272242
18882.77000000,,30.69496948207737,-0.3619421514267742
18882.77000000,,37.25024919682895,-0.6256626048780163
18882.77000000,,46.53820451176413,-0.49677118845283985
18882.60000000,,41.18154722777659,-0.51396492848653
18882.60000000,,37.04515348066865,-0.5083125491037208
18882.46000000,,43.89384746619314,-0.5264024260977749
18882.46000000,,44.33859673103309,-0.47872479659417877
18882.46000000,,44.778714295196394,-0.4561718679360638
18882.46000000,,36.96526503012891,-0.49838444320994313
18882.46000000,,41.75784685493302,-0.4357759156519023
18881.48000000,,34.113574848333556,-0.6648495013832871
18881.43000000,,38.73870051701924,-0.7764480386867945
18881.22000000,,31.10424413308604,-0.8027710394053429
18881.22000000,,41.71867780889364,-0.6967898727889406
18881.22000000,,41.09854170900107,-0.6982151941192569
18880.19000000,,40.13210734747318,-0.36515963644342264
18880.19000000,,39.53418514051219,-0.41541804982261965
18880.04000000,,29.84145162776231,-0.6936339364146988
18880.04000000,,44.447673981783325,-0.630401195059676
18880.04000000,,45.79163797071823,-0.46943230445685913
18880.04000000,,42.133570890318964,-0.4236864596896339
18880.04000000,,46.76121769882664,-0.38556252946000313
18880.04000000,,44.54503124281185,-0.3787473781303561
18880.30000000,,47.65923150623833,-0.30246099143187166
18880.30000000,,43.865450743680924,-0.304091244659503
18880.25000000,,42.357650375619144,-0.25843232241095393
18880.25000000,,37.739245719242454,-0.3365501911357569
18879.17000000,,40.43947016549294,-0.41997869923579856
18879.03000000,,42.75511384055347,-0.5402836064313306
18879.03000000,,36.55079292372637,-0.61186255091161
18878.95000000,,35.866161995982566,-0.6560613145338721
18878.95000000,,45.03406423520361,-0.497941363715654
18878.95000000,,38.48059095989247,-0.571763307103538
18878.95000000,,45.13049795434154,-0.45153210521675646
18878.10000000,,46.16417820749107,-0.4592391133592173
18877.32000000,,23.927966383708878,-0.852276790945325
18874.61000000,,31.39652878681278,-1.2126136232582212
18874.61000000,,33.75531616319685,-1.2458244608824316
18874.61000000,,33.81330202319835,-1.3998439567731111
18874.61000000,,33.47278099516497,-1.382640872085176
18874.61000000,,45.09384806148194,-1.2571811917623563
18874.61000000,,41.22803229657782,-1.0982055162239703
18875.92000000,,52.963515634458886,-0.719254507941514
18877.06000000,,53.35851134443228,-0.6049993397682556
18877.06000000,,59.6002388804165,-0.024912067012337502
18877.06000000,,55.97746749092252,0.14565575962842559
18877.14000000,,52.33596007625133,0.06728722007392207
18877.14000000,,46.282236662521875,0.11895456045022001
18877.21000000,,53.62608595657579,0.08432835806888761
18877.21000000,,53.064153513677766,0.16269003028719453
18877.21000000,,44.37070627516019,0.1034052036520734
18877.21000000,,50.13340659060755,0.03242528924602084
18877.21000000,,53.75432334409272,0.43779044242182863
18876.76000000,,50.33195866232497,0.14105679763451917
18876.76000000,,49.828070866655715,0.08823982970716315
18876.01000000,,43.05655771548078,-0.08945325064269127
18875.27000000,,37.94143325200091,-0.2678677774456446
18875.27000000,,44.29879198026898,-0.46712798074077
18875.27000000,,46.76720653962676,-0.36613268440851243
18875.09000000,,45.03927048439929,-0.5567658522122656
18875.09000000,,45.8415129704589,-0.5941801207554818
18875.09000000,,39.916220049265476,-0.5954126564320177
18875.09000000,,40.31533234648358,-0.6135657667182386
18875.09000000,,43.55582575115149,-0.4912038104630483
18874.57000000,,38.929124338267385,-0.6117311794296256
18874.57000000,,35.970948377015844,-0.597789749619551
18875.21000000,,56.91720715692811,-0.40062672532803845
18875.38000000,,62.16452135991634,0.057044943092478206
18875.92000000,,66.32492446890632,0.36303342838436947
18876.36000000,,62.6685356939756,0.5672409949729627
18876.91000000,,62.08545978987861,0.7461769367255329
18876.91000000,,52.55007100584072,0.5450770120078232
18877.43000000,,53.816795942618484,0.6037758653401397
18876.74000000,,47.49278957562456,0.5451422490623372
18876.71000000,,54.95862706041364,0.3994627134743496
18876.71000000,,50.84532379862948,0.3330002248621895
18876.71000000,,46.74766705378787,0.24717129536657012
18876.71000000,,47.23215878150812,0.13587795237253886
18876.71000000,,51.158022438857465,0.17191827395072323
18876.95000000,,52.51294742137993,0.21159019045808236
18876.95000000,,55.01884531673582,0.271058425452793
18876.95000000,,52.69596319881769,0.3060434785220423
18875.88000000,,47.605790706678754,-0.03300365008908557
18875.88000000,,45.10656002960758,-0.27133224210047047
18875.88000000,,48.868907076541184,-0.272935579829209
18875.11000000,,45.074132872389725,-0.32550375831124256
18875.11000000,,44.30447394975203,-0.40360357184545137
18875.11000000,,39.504373775120456,-0.48782258544815704
18875.13000000,,42.05668431245731,-0.5262265325436601
18875.13000000,,44.41898338271664,-0.3405236237522331
18874.57000000,,43.75709622679932,-0.31792762412078446
18874.57000000,,40.53968612704326,-0.5016641140209686
18874.42000000,,39.8598781578444,-0.4591456568450667
18874.69000000,,54.144772748992644,-0.41048563507865765
18874.69000000,,46.37415542565874,-0.4806920449300378
18875.83000000,,67.93509159491651,0.07664485083660111
18877.38000000,,59.96998985754169,0.7490465277696785
18878.08000000,,63.19307792586914,1.0905326186875755
18878.39000000,,54.47585965192639,1.2297020544028783
18878.63000000,,55.55958636061887,1.189176994481386
18878.63000000,,57.64587633998612,1.077978161334613
18878.63000000,,57.35125281945951,0.9673481511963473
18879.04000000,,57.71106739413109,0.9300657237326959
18877.19000000,,39.97179168631732,0.48801676816219697
18877.19000000,,50.02097323463475,0.49203666544053704
18879.70000000,,64.64364125740462,0.8527719990888727
18880.65000000,,57.21190861273294,0.9271509796635655
18881.00000000,,58.23382095071109,1.0551122794640833
18881.00000000,,56.336032041118635,1.0540041513413598
18881.00000000,,56.88756335085435,1.1029192808055086
18880.17000000,,48.514425496126776,0.6074925927750883
18880.17000000,,46.65317351995947,0.015502434314839775
18879.11000000,,46.110535780275185,-0.0018178405734943226
18879.11000000,,42.36629055854159,-0.24986567209634813
18879.52000000,,75.41834539528577,0.449639177233621
18880.48000000,,77.27640961900097,1.1156047825897986
18881.45000000,,71.9802710279488,1.6978411643467552
18887.82000000,,75.24644959225108,2.3624654626255506
18887.82000000,,78.48834515709811,2.853335945004801
18887.82000000,,75.57195802852726,2.9295855371747166
18887.82000000,,78.25256491596821,3.167152792611887
18887.82000000,,72.0856398669305,2.6173257176342304
18887.82000000,,66.86629879228425,2.6861600829215604
18887.82000000,,66.4349212275667,2.5179746809262724
18887.82000000,SELL,66.6015722247308,2.2727917748452455
18889.33000000,,46.18231914661499,0.6103136126621393
18886.27000000,,43.952950381365724,0.36029651652643224
18888.61000000,,60.09001775576666,0.4057011349068489
18888.61000000,,61.905109510571215,0.6793238393984211
18889.96000000,,62.38456156748629,0.9928140961601457
18889.96000000,,62.852464124362335,1.2899985625153931
18889.96000000,,67.90420274723435,1.453170725813834
18889.96000000,,55.62725731291911,1.2035416608705418
18889.96000000,,51.349471536796756,1.0743732447408547
18888.82000000,,52.30742508687782,1.204385439184989
18888.20000000,,53.01601660192188,0.9478582811789238
18888.63000000,,55.382445476596736,0.7198835496310494
18888.79000000,SELL,62.926636791370626,0.9165876341867261
18897.71000000,,76.12822546553662,2.1315410339266236
18898.04000000,,75.50579411880732,2.2192241329139506
18898.04000000,,77.16331598202143,2.44621912743969
18898.34000000,,76.20662824932576,2.5194236732131685
18900.18000000,,73.89113163281402,2.616077960221446
18901.06000000,,48.34675288631511,1.9372589439990406
18901.06000000,,44.69090317008137,1.6337652495058137
18904.86000000,,40.785777043738605,0.5649021863973758
18905.26000000,,38.23312742395741,0.13777827149169752
18905.26000000,,61.835405019055216,1.0995195222458278
18905.26000000,,50.138351161765684,1.1087018948273908
18896.56000000,,47.37045849692686,0.005836164775246289
18896.56000000,,42.602580001977756,-0.5827125357827754
18895.52000000,,42.57137353991769,-0.69335007891641
18895.49000000,,41.137446925499994,-1.1675536620095954
18893.97000000,,37.948680977918286,-1.7120390631898772
18893.97000000,,40.12893824198639,-1.9929253105801763
18895.62000000,,53.837646769010725,-1.394928460533265
18898.47000000,,54.12356734209606,-1.038949384870648
18898.47000000,,51.283810859928316,-0.6110885472189693
18898.47000000,,53.28655906185906,0.041469752872217214
18898.26000000,,53.69451403404381,0.3498103711826843
18897.55000000,,44.99754503708463,0.2519231247060816
18893.24000000,,37.060784406555065,-0.12170593741393532
18893.04000000,,36.159357078129744,-1.9114785355704953
18893.04000000,,39.374606728381515,-1.4904517657087126
18892.73000000,,43.61640948433916,-0.8653406296143658
18892.73000000,,44.85663177671842,-1.0951428876651335
18892.73000000,,46.178988242256544,-0.7135347582843679
18892.73000000,,46.178988242256544,-0.7135347582843679
18892.14000000,,39.18825561490538,-0.7559787800128106
18892.14000000,,40.15114585680693,-0.5625237230269704
18892.14000000,,39.329746848051265,-0.7585707114849356
18891.24000000,,26.97401983974217,-1.4297684785778983
18889.68000000,,22.215770551912556,-1.9289685852709226
18889.99000000,,24.148026106339344,-1.879173438566795
18890.05000000,BUY,39.8542318797784,-1.5370682058710372
18890.40000000,,47.03690907364856,-0.4412509408357437
18890.40000000,,38.193546383170094,-0.4295201475506474
18888.90000000,,39.34191626771772,-0.6962602409548708
18888.90000000,,40.72781628449905,-0.8965269172185799
18889.50000000,,45.719625753664104,-0.7842533032708161
18890.15000000,,48.44506531706288,-0.5933652164712839
18890.92000000,,55.63417190231909,-0.3510445251740748
18891.13000000,,58.989362234292415,0.1663720872857084
18891.14000000,,55.159359544981875,0.21897303487276076
18892.04000000,,65.46209697151126,0.7154162926854042
18892.04000000,,60.99427837007216,0.7750998572882963
18891.60000000,,54.81287446581303,0.7365710753692838
18892.27000000,,60.80368038505594,0.5498036124736245
18892.27000000,,54.60335182265835,0.46687513895813026
18891.60000000,,50.506249186639785,0.42281352660938865
18891.60000000,,54.32692428764611,0.30464982076955494
18891.60000000,,46.14983626179362,0.16910046348857577
18889.33000000,,44.13149087974775,0.03465936229622457
18889.67000000,,46.3327655695355,-0.1029072818091663
18889.67000000,,43.574511345413626,-0.15655399849129026
18889.34000000,,41.13824521326411,-0.3705294961873733
18889.34000000,,37.35413403749389,-0.6062319354859937
18889.34000000,,42.42514335655113,-0.6612301664317783
18889.34000000,,39.02309106666988,-0.6837786399555625
18888.73000000,,33.0446163046732,-0.7693304620370327
18888.20000000,,33.55278251700234,-0.8568060270918068
18887.73000000,,29.755589734035908,-0.960709240000142
18887.73000000,,27.52948204397113,-1.0046884255752957
18886.74000000,,43.89565039932622,-0.8428762553157867
18887.48000000,BUY,35.87799242494252,-0.9165941671853943
18890.42000000,,56.06895592198042,0.2373432123895327
18890.42000000,,55.526265580824735,0.39156372859361
18890.42000000,,47.337582356569605,0.26256715761337546
18888.92000000,,47.07348084108009,0.20293326817409252
18888.92000000,,47.96361985314971,0.08562446811993141
18889.99000000,,61.955893325007224,0.36019925284199417
18890.44000000,,73.22187814755816,0.6516773505536548
18891.09000000,,61.38677453508801,0.7347184714271862
18891.09000000,,58.67145987855763,0.7766488877605298
18891.51000000,,53.79985062600258,0.7414003983612929
18893.16000000,,66.22618913594681,1.0694693307341367
18893.41000000,,69.2559724452401,1.288442427139671
18893.41000000,,65.12129721148139,1.2090627098586992
18894.68000000,,64.3011047871902,1.4291936794979847
18894.69000000,,66.64053290650499,1.2597853728511836
18894.69000000,,58.16544207655683,1.1855413072225929
18894.69000000,,58.72851140913402,1.1184607761460938
18894.69000000,,52.59616126261937,0.9984294172718364
18894.69000000,,51.20484038476811,0.9195113952300744
18894.29000000,,56.11307628596726,0.9178610099443176
18894.29000000,,51.987187617671204,0.7896374307056249
18894.72000000,,51.20196648879296,0.458264431108546
18894.76000000,,54.31999119286371,0.49949008740804857
18894.76000000,,56.40039025121413,0.28019249127828516
18893.89000000,,49.1790371816402,0.36066129028768046
18893.89000000,,49.64961143366753,0.34235379017991363
18893.89000000,,49.03467642803387,-0.06695165153359994
18893.89000000,,55.02984887899069,-0.023690493901085574
18894.68000000,,55.11792720444259,0.22582350535594742
18894.68000000,,51.23719386867377,0.07153765311886673
18894.68000000,,52.55904575362564,0.032807520550704794
18894.81000000,,58.96717313897956,0.18617655626439955
18894.81000000,,57.67190764727211,0.2913768551843532
18895.20000000,,61.001383523812194,0.3974595876679814
18895.20000000,,50.69727662051246,0.35455130161426496
18895.65000000,,58.135308704165375,0.305346995985019
18896.04000000,,64.76802606884604,0.48930530118377646
18896.04000000,,35.7185790829149,0.18864868454329553
18894.55000000,,39.79324184303857,-0.03380978035056614
18896.23000000,,55.39759655666557,-0.2551740013441304
18896.23000000,,55.769502828648946,0.1509632495290134
18896.23000000,,57.05921559452693,0.43184544358882704
18896.23000000,,56.151176317198065,0.5485024539557344
18896.23000000,,54.46318709067419,0.5969221485465823
18896.23000000,,51.337497483046434,0.37961199021083303
18896.50000000,,55.492143742812445,0.48162634049731423
18897.08000000,,54.20323572695218,0.5828132899696357
18897.08000000,,53.92558021638694,0.5455390802198963
18897.25000000,,52.22136366909921,0.47269369982677745
18897.98000000,,65.75074290141148,0.8259315359318862
18898.09000000,,73.9419307383859,1.2925894018626423
18899.06000000,,68.67220407234377,1.684294412680174
18902.90000000,,72.72812564484596,2.119044843282609
18902.90000000,,71.96383747923011,2.1749655459279893
18903.84000000,,61.47399696543146,2.051964664591651
18903.84000000,,61.81987473271174,2.4829482427448966
18902.67000000,,52.691878164996396,2.0925265747682715
18902.67000000,,55.975342444077825,1.431888632105256
18902.67000000,,59.12626818542289,1.2992008750879904
18902.50000000,,44.90950486096242,0.8316296697485086
18901.88000000,,43.45232072952267,0.5317718553960731
18899.21000000,,38.64028607177778,-0.010713532195950393
18899.21000000,,36.21860395563305,-0.5801240217297163
18899.21000000,,36.27527640835377,-0.9112023147099535
18899.21000000,,40.08124069130963,-0.869350415221561
18899.21000000,,35.78994138530675,-0.9287037778667582
18896.83000000,,32.14013459894413,-1.318523487803759
18896.55000000,,31.167277528476276,-1.6827806920045987
18897.60000000,,43.2483077539181,-1.1899317578136106
18898.76000000,,51.84091004693334,-1.0393183274645708
18901.30000000,,69.45121404161694,-0.11043838281693752
18901.30000000,,66.0868645932114,0.01949842360409093
18902.00000000,,59.949416321149364,0.718364427328197
18902.00000000,,55.692341784742325,0.545524032026151
18902.00000000,,56.37126990593654,0.6957256197310926
18901.02000000,,57.39195699529657,0.7987313992125564
18901.02000000,,47.61929985784394,0.6775501337688183
18900.04000000,,50.10284133126562,0.45681128272917704
18897.62000000,,40.0359124378604,0.2755929315717367
18897.62000000,,33.28325854990676,-0.400647651465988
18897.62000000,,37.65073354486271,-0.5488688166151405
18898.80000000,,54.21269244057135,-0.3452940301540366
18898.80000000,,53.75208849860191,-0.260655041107384
18898.80000000,,56.00399628999734,-0.004443532598088495
18899.81000000,,59.68627459624553,0.15243659376938012
18900.51000000,,52.00842894837661,0.163932419851335
18900.51000000,,56.04433173624327,0.17038679675897583
18900.51000000,,61.297141782161724,0.44821542013596627
18902.54000000,,63.81163702462495,0.6529057147563435
18902.54000000,,56.19393271844224,0.7163463391443656
18902.54000000,,56.36790577354421,0.831087479742564
18902.54000000,,56.21071244581913,0.7760431249880639
18901.71000000,,46.89440962364452,0.5487053218057554
18899.55000000,,42.5066432487109,-0.36347190843662247
18899.55000000,,43.578068611911725,-0.5224996286451642
18899.55000000,,40.9770308695713,-0.5135686856483517
18899.55000000,,40.87400866236432,-0.47979048873094143
18900.56000000,,51.033082279312715,-0.46268643160146894
18900.68000000,,61.30072909325481,-0.2573889320192393
18900.68000000,,52.953562862760705,-0.13553123877136386
18900.68000000,,57.483878093649174,0.1272575211842195
18901.23000000,,52.81925647295392,0.13649424658433418
18901.32000000,,55.873392482513594,0.18532378254531068
18901.96000000,,66.69732779492028,0.5063375561439898
18902.42000000,,77.19840002893432,0.9854859807091998
18902.50000000,,72.93273594417472,1.1288991455840005
18903.30000000,,75.67537662684293,1.4285249463755463
18903.59000000,,80.69590125768184,1.9676399698728346
18904.16000000,,71.04225458560936,2.092481076488184
18905.26000000,,72.60975865386729,2.0710554011384374
18905.66000000,,69.10778086841297,2.124761697348731
18905.66000000,,70.76685273698492,2.068681142285641
18905.66000000,SELL,65.82002076180274,2.003360511349456
18905.66000000,,59.35224883106323,0.9045459553635737
18905.66000000,,59.56181810157834,0.94752511650222
18886.01000000,,34.496857729577954,-3.6529793920417433
18884.27000000,,30.442351820534498,-3.899438737626042
18884.17000000,,31.546014993881755,-3.8281430628958333
18884.17000000,,35.69395112035508,-3.43781414228215
18886.15000000,,45.772728443057474,-3.1323676565480127
18886.15000000,,42.026921463062806,-2.86517813194223
18886.15000000,,43.891423908455366,-2.6040448450257827
18886.15000000,,42.242004122072416,-2.185609510564973
18886.38000000,,46.36222046201475,-1.9247328623641806
18887.32000000,,49.29537486726253,-1.3563676015182864
18887.99000000,,59.023517917117786,-0.7427894359716447
18887.99000000,,57.098409463366075,0.13282511345096282
18891.87000000,,62.4620604329393,0.8467049210448749
18893.82000000,,70.52620926669204,1.7062361648313527
18895.95000000,,70.23415208151297,2.1924820369931695
18895.95000000,,67.92951148760062,2.6121507729549194
18894.30000000,,64.69655561273247,2.3580834208623855
18895.39000000,,66.62951348843264,2.547452868100663
18896.90000000,,72.46773006499244,2.8088764356034517
18896.90000000,,56.09538848475069,2.377041742023721
18895.06000000,SELL,65.40504497478521,2.281733616211568
18893.90000000,,46.06274268024467,0.7684252524995827
18893.88000000,,49.158630464468054,0.38750116650771815
18885.41000000,,48.57123187384496,-0.11717285598933813
18887.00000000,,44.083100763313546,-0.5380751981247158
18887.07000000,,56.0725311734848,0.16332534328466863
18887.71000000,,51.73182443441828,0.15327067170437658
18888.52000000,,59.73215076575508,0.3533566785881703
18888.52000000,,54.973921901647735,0.5418862609039934
18889.55000000,,57.49306143568235,0.6757096833862306
18889.95000000,,61.148074769819935,0.7612425011211599
18890.77000000,,64.85949308267124,0.8528834118624218
18890.94000000,,60.09592289016033,1.2322104603081243
18891.33000000,,60.49177059099946,0.9483165906458453
18893.17000000,,71.71302356811397,1.3544949580682442
18895.67000000,,72.5685681280444,1.914147949013568
18894.15000000,,63.033555393120615,1.7102153780033404
18896.40000000,,70.09630871866264,2.029168377208407
18896.40000000,,67.66775027843224,2.008994722917123
18897.07000000,,74.39035905114423,2.1780000135950104
18897.31000000,,69.36712527418858,2.283164291722642
18897.31000000,,66.35383531634116,2.024842357259331
18897.31000000,,56.82278122633926,1.857755032589921
18896.93000000,SELL,62.077601279103305,1.5825794661031978
18898.37000000,,53.88898854880262,1.0467838502772793
18898.17000000,,49.64809152551214,0.8211772808899696
18896.82000000,,55.46174381370642,0.5292043047084007
18897.56000000,,58.20615910337459,0.49067682508029975
18897.56000000,,54.908910312315776,0.56728942042173
18897.56000000,,59.12381538845521,0.5791458001622232
18897.56000000,,50.62702719595612,0.6275449067834415
18897.56000000,,53.04494346468644,0.4790190058738517
18898.41000000,,53.59174873715311,0.4202996103304031
18898.01000000,,46.286599649067114,0.20665973719223985
18899.08000000,,54.32657482656518,0.4081292105947796
18902.10000000,,60.63373087158297,0.42636513282559463
18902.10000000,,62.00849291628582,0.9051390233726124
18902.10000000,,63.397233103245874,1.2943208597607736
18902.10000000,,66.59805131427598,1.3056824118757504
18904.45000000,,65.5510396398218,1.5099110364353692
18906.13000000,,69.13557900284648,1.8840510771515255
18905.46000000,,64.58373003280778,1.9199990257511672
18904.44000000,,61.00782882600627,1.830689134887507
18904.44000000,,64.12613208000168,1.6839328488240426
18904.44000000,,62.41593000848404,1.6377303354965989
18905.94000000,,56.28961326618293,1.662444271179993
18903.25000000,,48.962134614408484,1.287077440709254
18903.23000000,,48.69847307790124,0.5469507877896831
18903.77000000,,56.80738626407952,0.776660834246286
18903.77000000,,54.34819811148573,0.5797121421383054
18906.44000000,SELL,60.73837894909277,0.7971257353929104
18910.65000000,,72.8817694395658,1.4569760653248522
18910.65000000,,67.36057703287817,1.5255482872526045
18909.64000000,,66.3984830272123,1.6232140622123552
18910.01000000,,61.712505260814034,1.3716368191307993
18911.56000000,,70.34537342716867,1.645328010821686
18913.17000000,,66.96728453103746,1.7024732445352129
18914.87000000,,73.2745916040663,2.217190583018237
18914.87000000,,72.85328638076945,2.484526482025103
18914.87000000,,63.075013398326945,2.2686545568867587
18912.58000000,,63.37062239210585,2.0485010324300674
18912.58000000,,57.77882776560807,1.9962716898480721
18911.19000000,,51.06752269759887,1.6791817610428552
18911.19000000,,48.27482824186572,1.0629672699069488
18911.19000000,,41.71995180185182,0.5474427886401827
18910.14000000,,51.370964516518725,0.5231896609402611
18910.58000000,,56.0723058650472,0.5372623634975753
18910.63000000,,49.70602286941207,0.47438171592875733
18910.63000000,,47.778047566305055,0.16500893994088983
18910.32000000,,48.56237097754372,-0.055582255277840886
18910.32000000,,47.90573825938799,-0.41934907266841037
18910.04000000,,43.02496980975538,-0.42051651748624863
18910.04000000,,41.63767708187378,-0.506423192222428
18910.04000000,,49.48207335996216,-0.3522388299534214
18910.04000000,,49.013003732947034,-0.46420195036989753
18910.04000000,,48.63227275131563,-0.5838960830114956
18911.88000000,,49.049730832148576,-0.46413064663283876
18911.88000000,,44.8126921503978,-0.2422251239477191
18910.23000000,,30.74695533403211,-0.739834147010697
18908.51000000,,34.318743927183505,-0.7787433810153743
18906.93000000,,28.489855475048316,-0.9289159091094916
18906.67000000,,39.883256928950225,-1.0359162994536746
18906.67000000,,33.79916377596486,-1.231495047784847
18906.67000000,,29.640885611794587,-1.5380809413909446
18906.72000000,,37.36871170738911,-1.3054175765391847
18906.72000000,,38.986849984451055,-1.165821957616572
18906.30000000,,34.40860498633299,-1.200953778828989
18904.74000000,,28.73456790363913,-1.435824989937828
18903.76000000,,30.138408790472,-1.4777033987593313
18902.88000000,,34.40656598988298,-1.645098949662497
18903.11000000,,38.95141764043033,-1.4910892232328479
18903.11000000,,34.25731846961608,-1.5180119002325227
18904.16000000,BUY,37.515296054239684,-1.4883126616077789
18907.88000000,,62.22677559559354,1.047518189625407
18909.75000000,,66.07159453476476,1.343597200964723
18909.40000000,,60.81070849316354,1.2174591166149185
18909.17000000,,59.75090975202517,1.30534772124156
18909.17000000,,57.73574620362446,1.126544775263028
18909.17000000,,57.47277921422519,1.0271084076703119
18909.17000000,,58.68773174446045,1.034352248236246
18910.41000000,SELL,61.04034699032785,1.1640257940052834
18912.54000000,,73.92479378362832,1.5987664628119092
18913.58000000,,67.16572418081788,1.6820063451050373
18913.58000000,,68.12230200878032,1.3650437389369472
18913.58000000,,54.66283898787328,1.261454738851171
18913.58000000,,51.976976299743384,0.6736552622605814
18911.96000000,,58.54461615056247,0.46821496806296636
18913.38000000,,66.70680125096004,0.8612018111452926
18913.38000000,,64.36635091479448,0.9634653830980824
18913.38000000,,68.23561012395166,1.0949745109428477
18914.11000000,,63.57479254432323,1.0553780155751156
18914.11000000,,64.22269809197647,1.0091039335238747
18914.92000000,,65.24176761676229,1.0506841314418125
18914.92000000,,63.69956829687854,1.051054332001513
18914.92000000,,63.52014788959639,0.9188982706546085
18918.60000000,,77.40013679464063,1.180114598275395
18918.60000000,,83.22550636211929,1.6850768710319244
18920.61000000,,85.93748051515018,2.1850171231781133
18920.62000000,,86.61304337292206,2.2645099526307604
18924.39000000,,63.510073197489376,2.4932117174794257
18923.73000000,,66.05537687923244,2.541293273199699
18923.73000000,,74.11866479747638,2.717259503006062
18925.90000000,,78.74225654713436,3.3270812274458876
18929.11000000,,82.43319751373888,3.6599422574654454
18929.11000000,,57.76190296883419,2.8787263650010573
18925.49000000,,61.191972516846725,2.760751817815617
18925.49000000,,58.20937883187698,2.35003016461269
18925.81000000,,57.1478229105801,1.961465031876287
18926.76000000,SELL,62.87846881573429,2.1879134758091823
