0.014298,,31.23479823268265,-7.64742283850331e-06
0.014295,,25.102117572829357,-7.317971702992115e-06
0.014278,,29.944707812977896,-5.554259086389124e-06
0.014287,,32.62469028921741,-6.108717585164361e-06
0.014287,,32.62469028921744,-5.772211502897903e-06
0.014286,,41.09490427801256,-5.1107534647949066e-06
0.014286,,39.351793268344984,-4.691968748953695e-06
0.014278,,43.78510845476731,-3.4888813023031123e-06
0.014272,,61.13183899344548,-1.9354260975806142e-06
0.014274,,64.90789696155505,-1.1099242578534174e-06
0.014264,,78.23359694600985,1.5897660797861701e-06
0.014257,,82.22589178755004,3.875682481314924e-06
0.014253,,80.99448192483604,5.36811985428487e-06
0.014249,,83.65535728773389,6.77473140072056e-06
0.014256,,72.07214032878858,6.440004404072511e-06
0.014249,,75.27670433749623,7.458380760279326e-06
0.01425,,75.18965468534267,7.5330885911419065e-06
0.014246,,76.43818882936968,7.907788941188126e-06
0.014246,,77.37260859368462,7.635380587088514e-06
0.014245,,79.51806753104466,7.703067704645239e-06
0.014248,,79.20850107347218,7.312241178187434e-06
0.014248,,80.13305714837772,7.23624504640058e-06
0.014248,,81.04097815939926,7.174011666265592e-06
0.014249,,77.11444117100123,6.871008877256876e-06
0.01425,,69.84099154559766,6.380971794211349e-06
0.01425,,66.52003687270633,5.922471663338813e-06
0.01425,,63.279618491258724,5.415983279738815e-06
0.01425,,66.76651581898759,5.116985448942388e-06
0.014315,,45.3313818866225,1.5915258934871834e-07
0.014321,,51.13798629880298,-1.9184884885586895e-08
0.014321,,56.595393476653456,1.7475988765315587e-07
0.014328,,57.151968310554366,-1.1806686030929603e-07
0.014325,,54.702793302126544,2.6963825736428526e-07
0.014323,,51.60401127273699,4.654679007076029e-07
0.014324,,51.14685794052574,3.3372083613029957e-07
0.014324,,51.14685794052573,3.0461887878634186e-07
0.014324,,51.14685794052575,2.783467597401029e-07
0.014323,,51.75749025308226,3.4730839211342956e-07
0.014323,,38.89074191179956,8.014222760595324e-08
0.014319,,45.641135048475334,3.205517626787835e-07
0.014317,,45.64113504847534,1.935667449694256e-07
0.014311,,46.71729031731726,2.773056584446515e-07
0.014311,,50.56953052476914,7.402128289809434e-07
0.014311,,28.705182593928185,-3.1715560673377385e-07
0.014311,,62.476735143112485,-1.5563294995281363e-07
0.01431,,62.850527881994275,3.482822585401668e-07
0.014314,,65.75322270293591,4.4987201141925837e-07
0.014317,,65.08317619239887,5.578736982786436e-07
0.014322,,63.81237154049328,4.063119393750425e-07
0.014321,,64.3165467202274,7.652626991243999e-07
0.014319,,71.44180615391862,1.6306031685887207e-06
0.014321,,70.82989706309736,1.6591816297747974e-06
0.014322,,63.59956143134294,1.5382258155560713e-06
0.014321,,53.10748953298471,1.4370250738075796e-06
0.01432,,53.743998800246786,1.2057569302170723e-06
0.01432,,65.2767133021874,1.3082183746536413e-06
0.01432,,54.726948119007616,1.2496023257344696e-06
0.014318,,33.71445469046921,7.577371470921662e-07
0.014318,,33.23045388551479,1.245174572218205e-07
0.014318,,33.230453885514805,-6.204831076196682e-07
0.014318,,42.26320036633353,-7.088039104992394e-07
0.014312,,54.91413661351274,2.569612167317714e-08
0.014312,,54.91413661351275,1.3333569402057543e-07
0.014322,,50.40896049679669,-6.486041099519613e-07
0.014322,,50.40896049679668,-5.395082474258378e-07
0.014324,,49.23228041859993,-6.333205274690334e-07
0.014324,,49.23228041859992,-5.437593216198883e-07
0.014324,,49.23228041859993,-4.0223648056954275e-07
0.014324,,49.232280418599906,-3.4660356521172553e-07
0.014324,,49.23228041859992,-2.9906662508613624e-07
0.014324,,49.23228041859992,-2.9906662508613624e-07
0.014324,,49.23228041859992,-2.9906662508613624e-07
0.014324,,77.63465641817817,3.797622211681312e-07
0.014324,,77.63465641817818,9.072804087323361e-07
0.014326,,77.20354665401993,1.1248042676055559e-06
0.014326,,70.8922105448682,1.3584821088475502e-06
0.014326,,70.8922105448682,1.5260817610007055e-06
0.014325,,71.68457192970467,1.7327180289149202e-06
0.014325,,71.68457192970467,1.7327180289149202e-06
0.014323,,75.99260313846577,2.0621512709807083e-06
0.014323,,83.37227877393201,2.4973067704898294e-06
0.014326,,75.90949932450678,2.5743155146387003e-06
0.014324,,77.54647782910453,2.81220159738943e-06
0.014324,,77.54647782910452,2.810688173487605e-06
0.014317,,88.9001438025003,3.6658087572867537e-06
0.014317,,92.43850459662167,4.147407480857568e-06
0.014317,,93.35147138445352,4.637008674755402e-06
0.014317,,74.08534963948745,4.648667630944778e-06
0.014319,,38.79891582703111,3.143038106580981e-06
0.014322,,36.91767314071752,1.7255154521889082e-06
0.014322,,53.96001614742704,1.706514954943894e-06
0.014322,,45.142825781350616,9.44639716440529e-07
0.014322,,45.142825781350616,9.44639716440529e-07
0.014322,,45.142825781350616,9.44639716440529e-07
0.014322,,45.142825781350616,9.44639716440529e-07
0.014322,,15.571711231368127,-5.4142713516811686e-06
0.014322,,15.571711231368127,-1.0334623084806704e-05
0.014322,,15.571711231368127,-1.0334623084806704e-05
0.014322,,18.282149208789804,-1.6600155108932937e-05
0.014322,,18.282149208789804,-1.8391864157009385e-05
0.014322,,18.282149208789804,-2.029842901747278e-05
0.01433,,20.643489383348495,-2.112767626645702e-05
0.01433,,20.64348938334851,-2.091322605501586e-05
0.01433,,20.64348938334851,-2.0506882145139918e-05
0.014329,,20.6855911929391,-1.98621076250953e-05
0.014329,,20.6855911929391,-1.98621076250953e-05
0.014329,,25.236061307295415,-1.8238224951866444e-05
0.01433,,25.05611290266566,-1.736290013766746e-05
0.01433,,25.05611290266566,-1.6401314771475467e-05
0.014334,,24.20986448496761,-1.583189533037148e-05
0.014334,,24.209864484967625,-1.489366147300504e-05
0.014333,,24.289386536665702,-1.3896132386365112e-05
0.014333,,22.262921441231498,-1.3273470023710335e-05
0.014333,,22.262921441231484,-1.2634364525632852e-05
0.014341,,19.732229863819484,-1.20706423873667e-05
0.014343,,19.002776802162018,-1.1574433876835807e-05
0.014339,,19.382155468060205,-1.0527051640315047e-05
0.014323,,20.187571918173305,-8.494469847899686e-06
0.014323,,20.187571918173305,-8.494469847899686e-06
0.014333,,11.550779412940912,-9.112421220060923e-06
0.014333,,11.550779412940912,-9.112421220060923e-06
0.014326,,12.104167981900758,-7.827355284477366e-06
0.014252,,43.70510078336082,-4.865091935771226e-07
0.014252,,32.03382540898858,-7.351165439324625e-07
0.014252,,32.03382540898856,-9.215169860174455e-07
0.014255,,29.487792273426322,-1.3352073331678732e-06
0.014255,,29.487792273426336,-1.4103423727727937e-06
0.014255,,29.487792273426336,-1.4531365790416972e-06
0.014258,,29.487792273426336,-1.4701048423101243e-06
0.014258,,19.577892674579445,-1.9274980318957635e-06
0.014258,,19.577892674579445,-1.9274980318957635e-06
0.014258,,19.57789267457943,-1.9861742179203e-06
0.014258,,52.497203361901754,-1.2364917604968523e-06
0.014258,,52.497203361901754,-1.2364917604968523e-06
0.014261,,51.08162446292396,-1.0478506151604533e-06
0.014261,,51.08162446292394,-8.619331658774737e-07
0.014261,,51.08162446292396,-7.064487464580188e-07
0.014261,,74.47924528607405,6.159686700632494e-08
0.014261,,74.47924528607406,6.626400471630711e-07
0.014258,,76.3303969838764,1.4041431029253315e-06
0.014258,,76.3303969838764,1.7353258684286998e-06
0.014258,,65.52912212159058,1.8154795921893757e-06
0.014258,,56.86356890403263,1.6980447080459232e-06
0.014258,,56.86356890403263,1.586686383340391e-06
0.014257,,56.86356890403263,1.4813579365391405e-06
0.014257,,60.69390249874691,1.5544434012765979e-06
0.014253,,57.77017574694287,1.7344747295314905e-06
0.014253,,57.77017574694287,1.5952582551690547e-06
0.014253,,61.5581453693862,1.5477780173616534e-06
0.014255,,60.672327745282274,1.3075054163692174e-06
0.014252,,69.71382620534732,1.6978967253104826e-06
0.014252,,41.43621778663211,1.1922397618515518e-06
0.014252,,41.43621778663213,7.824829983214127e-07
0.014252,,41.43621778663211,4.525313118119989e-07
0.014252,,41.43621778663213,1.8886510372989607e-07
0.014252,,41.43621778663212,-1.9863294096339468e-08
0.014251,,41.84570867538557,-9.045333251682386e-08
0.01425,,42.295847582081414,-1.2993263044484837e-07
0.014256,,37.62696306475383,-8.750273511916318e-07
0.014256,,37.62696306475383,-8.750273511916318e-07
0.014255,,38.18145077505248,-8.179049001914157e-07
0.014255,,38.18145077505248,-8.179049001914157e-07
0.014255,,38.181450775052475,-8.1075018251546e-07
0.014255,,38.18145077505248,-7.949476194223093e-07
0.014255,,38.18145077505248,-7.949476194223093e-07
0.014263,,25.450851465266183,-1.4389394324253874e-06
0.014263,,25.45085146526617,-1.3627573719997288e-06
0.014263,,25.45085146526617,-1.2875405739822682e-06
0.014261,,27.34440346500591,-1.0285027186186096e-06
0.014259,,29.726166251308626,-7.842410421968204e-07
0.014259,,29.726166251308612,-7.397742415437419e-07
0.014259,,29.72616625130864,-6.965051043781451e-07
0.01426,,50.23692423217784,-6.676125676331052e-07
0.01426,,50.23692423217785,-5.594460805863344e-07
0.014259,,73.69074633745267,-2.249088749788075e-08
0.01426,,72.87447491542324,3.670755027371242e-08
0.01426,,72.87447491542324,1.6059153677867866e-07
0.01426,,72.87447491542324,1.6059153677867866e-07
0.014262,,70.77098932140794,7.03870486323116e-08
0.014255,,100.0,1.2478439803034064e-06
0.014255,,100.0,1.2478439803034064e-06
0.014255,,66.5778257647348,1.33315299227256e-06
0.014255,,38.71113930593857,9.511673980302365e-07
0.014255,,38.71113930593857,6.41051420799052e-07
0.014255,,38.71113930593857,3.907776332714302e-07
0.014255,,38.711139305938566,1.9024087514508958e-07
0.014255,,38.71113930593858,3.09571942750525e-08
0.014255,,38.71113930593857,-9.419050093009695e-08
0.014255,,62.92098467529724,1.2792102562983465e-07
0.014255,,62.92098467529725,4.3225547085613825e-07
0.014255,,62.92098467529724,5.305706190818216e-07
0.014255,,62.92098467529724,6.015517680438287e-07
0.014255,,62.92098467529724,6.015517680438287e-07
0.014255,,62.92098467529724,6.015517680438287e-07
0.014255,,8.798965979940178,-2.779890941665558e-06
0.014255,,8.798965979940164,-5.3974897490823015e-06
0.014255,,8.798965979940164,-7.386805170856922e-06
0.014255,,11.022003005276048,-8.781433433833336e-06
0.014255,,11.022003005276062,-9.77401758934203e-06
0.014255,,11.022003005276062,-1.0440298422410496e-05
0.014255,,11.022003005276062,-1.0843335560313874e-05
0.014256,,9.720811355866587,-1.1367568105678794e-05
0.014256,,9.720811355866587,-1.1570824910447919e-05
0.014258,,8.98355347658223,-1.1783644930821874e-05
0.014258,,8.98355347658223,-1.1660254183594454e-05
0.014258,,8.98355347658223,-1.1120585702045771e-05
0.014258,,8.983553476582202,-1.0750888234926925e-05
0.014261,,7.339403067303095,-1.0616873710206365e-05
0.014261,,7.339403067303095,-1.0157121270400193e-05
0.014261,,7.339403067303095,-9.681165697671829e-06
0.014261,,7.339403067303095,-9.681165697671829e-06
0.014255,,7.704907275252779,-8.170893245063038e-06
0.014255,,7.704907275252779,-7.730082380887765e-06
0.014255,,7.704907275252779,-7.296625636810106e-06
0.014255,,7.704907275252779,-6.873870345730504e-06
0.014255,,7.704907275252779,-6.464317108038908e-06
0.014255,,7.704907275252779,-6.069774632834479e-06
0.014259,,2.262215606244311,-6.142129993934667e-06
0.014259,,2.262215606244311,-5.817135828742326e-06
0.014259,,2.262215606244311,-5.496218624346724e-06
0.014259,,2.262215606244311,-5.182152796122386e-06
0.014216,,2.019797207259032,-1.2589641961296971e-06
0.014216,,2.019797207259032,-1.573084351717824e-06
0.014216,,2.019797207259032,-1.573084351717824e-06
0.014217,,0.0,-2.193587963938981e-06
0.014217,,0.0,-2.3355456629150367e-06
0.014217,,0.0,-2.420150177352698e-06
0.014217,,0.0,-2.538627786355732e-06
0.014214,,52.29265632598279,-1.8457376812566761e-06
0.014214,,52.2926563259828,-1.5156063069149406e-06
0.014214,,47.49221420584066,-1.3194565827781557e-06
0.014214,,47.49221420584066,-1.1507414817285566e-06
0.014214,,47.49221420584067,-1.0054434227101117e-06
0.014214,,47.49221420584066,-8.801478673797769e-07
0.014214,,47.492214205840654,-7.719516588733377e-07
0.014214,,33.22050198405917,-8.36663817695843e-07
0.014214,,33.22050198405917,-8.36663817695843e-07
0.014214,,33.22050198405917,-1.0299839306240899e-06
0.014214,,33.22050198405917,-1.0299839306240899e-06
0.014214,,26.5717931300983,-1.3896413502741817e-06
0.014214,,26.5717931300983,-1.4913858340931396e-06
0.014214,,26.5717931300983,-1.4913858340931396e-06
0.014214,,23.619703005502828,-1.726894639142787e-06
0.014214,,23.619703005502828,-1.780092463533195e-06
0.014213,,24.008089921280543,-1.7087684723998686e-06
0.014213,,10.838259382952756,-2.3495131095153943e-06
0.014213,,10.838259382952756,-2.824745937915832e-06
0.014213,,17.406482818664102,-3.0851164338086684e-06
0.014213,,17.406482818664102,-3.0851164338086684e-06
0.014207,,18.470941855297696,-2.811855693734752e-06
0.014206,,18.700174235589756,-2.8169426682274346e-06
0.014206,,39.50514531913416,-2.5700230515835615e-06
0.014206,,39.50514531913417,-2.34727949949623e-06
0.014206,,39.50514531913417,-2.1460156965826677e-06
0.014206,,39.50514531913417,-2.1460156965826677e-06
0.014211,,34.69479726649382,-2.268713578123388e-06
0.014211,,42.5222208406444,-2.0070324896499098e-06
0.01421,,43.171903259948444,-1.686422284442532e-06
0.01421,,43.17190325994842,-1.4939352289064511e-06
0.01421,,43.17190325994842,-1.4939352289064511e-06
0.01421,,29.651742933943353,-1.5654176186864072e-06
0.01421,,18.470703171648154,-2.01407028708675e-06
0.01421,,17.08325352480651,-2.3924969864454193e-06
0.014207,,17.580669031402024,-2.383568485473872e-06
0.014207,,16.032709550084206,-2.7898966587953933e-06
0.014205,,23.785413706849567,-2.654857544491518e-06
0.014205,,23.785413706849567,-2.654857544491518e-06
0.014205,,23.785413706849567,-2.674646409288328e-06
0.014204,,19.690986963923166,-2.6844539943483847e-06
0.014204,,19.690986963923166,-2.751201188817831e-06
0.014204,,33.738437161653934,-2.6125991196539883e-06
0.014204,,21.55648128915624,-2.952867024216821e-06
0.014196,,22.943285910184088,-2.444069826888079e-06
0.014196,,22.943285910184073,-2.6409610065104144e-06
0.014197,,19.128590086564927,-3.017385459817834e-06
0.014197,,19.128590086564927,-3.1999969804519246e-06
0.014197,,25.162663441076234,-3.226829402822734e-06
0.014197,,49.5064227038772,-2.7324464926831854e-06
0.0142,,45.959132135687234,-2.1944775890712226e-06
0.0142,,45.95913213568723,-1.9670832182190623e-06
0.0142,,43.48818575873235,-1.8462804123563215e-06
0.0142,,43.488185758732335,-1.7305941067691233e-06
0.0142,,43.488185758732335,-1.7305941067691233e-06
0.014201,,55.17678169844537,-1.2889356979690902e-06
0.014201,,55.17678169844537,-9.367603709155292e-07
0.014201,,55.176781698445375,-6.501641987705087e-07
0.014198,,61.7071006629568,1.948213272304211e-08
0.014198,,61.7071006629568,3.101465070754622e-07
0.014193,,44.82625597613093,5.192943151096502e-07
0.014192,,45.112290258208475,3.803470994458852e-07
0.014192,,45.11229025820845,1.892291171552013e-07
0.014191,,45.47470811792087,1.06238024037697e-08
0.014192,,44.99885697829027,-1.8106490803568298e-07
0.014192,,55.71009398883567,-1.1946949795768602e-08
0.014192,,55.71009398883565,1.2068902261082315e-07
0.01419,,43.401759507169984,8.95768909933009e-08
0.01419,,36.48758242379795,-3.3097929679620774e-07
0.014192,,35.62924234915671,-8.421375302311573e-07
0.014186,,37.255921863655246,-5.208736256097357e-07
0.014186,,44.989184185586915,-5.71221677439851e-07
0.014184,,39.94504716986902,-5.971883909640374e-07
0.014184,,15.95594297882235,-2.495751189809936e-06
0.014185,,15.21799244451553,-4.1272768811547594e-06
0.014185,,15.21799244451553,-4.1272768811547594e-06
0.014193,,25.265919824064326,-6.367257375879468e-06
0.01419,,33.972434781779924,-6.019645897194573e-06
0.01419,,46.911158091374766,-5.274289421432557e-06
0.014189,,48.42069072075006,-4.457725486213884e-06
0.014189,,48.42069072075005,-3.845088890624612e-06
0.014189,,48.42069072075006,-3.3212842770920237e-06
0.014193,,47.63444146648218,-3.243915630741362e-06
0.014193,,44.50138139147651,-2.994188574956952e-06
0.014193,,44.50138139147652,-2.764411667150607e-06
0.014195,,39.449058802723385,-2.9776344852867204e-06
0.014189,,40.58497742496266,-2.34713307492411e-06
0.014189,,40.58497742496266,-2.34713307492411e-06
0.014189,,41.22261439074646,-2.196066625362661e-06
0.014189,,41.22261439074645,-2.142916290996319e-06
0.014189,,27.354190911335095,-2.874574390385881e-06
0.014189,,32.26253690783885,-3.255507950983977e-06
0.014192,,30.273892573935825,-3.874784177713281e-06
0.014192,,20.2153628413038,-5.119086765764322e-06
0.014188,,26.616373744644477,-5.425445323281597e-06
0.014185,,26.876844790237413,-5.637176719622619e-06
0.014185,,36.45115471229728,-5.5737267035203125e-06
0.014185,,49.31543445654566,-4.742548181462317e-06
0.014187,,49.027542363338064,-4.222728293113223e-06
0.014187,,49.027542363338064,-3.6114962115637445e-06
0.014163,,43.450572648575815,-9.946473268889616e-07
0.014162,,45.19503198619208,-1.0275879532908871e-06
0.014163,,44.999522060256886,-1.2123247403669768e-06
0.014167,,58.14776281024518,-8.38472288423181e-07
0.014171,,57.613994301960254,-5.951946280609993e-07
0.014179,,56.416790301756784,-8.27860526917204e-07
0.01418,,56.25044366805078,-4.700574505571431e-07
0.01418,,47.82058660957969,-5.053092600165038e-07
0.01418,,56.286531796177044,-4.8537210332530445e-08
0.01418,,49.13253315813026,-8.897463909564307e-08
0.014178,,49.44816689484902,6.579205927108311e-08
0.014178,,45.406469823506995,-2.088615143509831e-07
0.014175,,38.94927925212585,-6.221464957361506e-07
0.014175,,38.94927925212585,-1.1726205730380745e-06
0.014175,,45.332202392545646,-1.2714521655313171e-06
0.014175,,49.598268467554895,-9.380780033475117e-07
0.014175,,49.598268467554895,-8.096615366822574e-07
0.014165,,51.55932239924507,2.2734900998952479e-07
0.014167,,51.14325640805001,7.257866251747513e-08
0.014166,,51.38089026753069,1.9905350779128583e-07
0.014166,,51.38089026753069,1.9905350779128583e-07
0.014156,,60.17385097240817,1.3143892107110589e-06
0.014156,,60.17385097240817,1.4478643838525956e-06
0.014161,,58.961118538639866,1.0723528493239431e-06
0.01417,,56.38673993171861,3.210817306077002e-07
0.01417,,56.386739931718616,4.3011582499807854e-07
0.01417,,56.38673993171862,5.679091144537851e-07
0.014163,,60.34703069185986,1.255327052378588e-06
0.014164,,54.781227948145386,1.0616549681492782e-06
0.014164,,40.014678361069464,6.5665239277167e-07
0.014174,,34.47027964786825,-5.953129781719607e-07
0.014174,,34.47027964786825,-7.901956970337437e-07
0.014174,,34.47027964786825,-9.338765087109346e-07
0.014174,,34.47027964786824,-1.035804477874866e-06
0.014169,,36.755008844564856,-6.402723123719728e-07
0.014169,,36.755008844564856,-6.402723123719728e-07
0.01417,,28.779792317968358,-9.211887459677215e-07
0.014167,,28.779792317968358,-9.211887459677215e-07
0.014161,,28.897803175880114,-3.024410155164081e-07
0.014161,,28.897803175880114,-3.024410155164081e-07
0.014165,,21.75248591741493,-9.195468891574909e-07
0.014168,,14.84024532948338,-1.2486292851505987e-06
0.014168,,14.84024532948338,-1.2584626883534178e-06
0.014168,,14.84024532948338,-1.2518254664944939e-06
0.014168,,14.840245329483366,-1.2323595466150195e-06
0.014168,,14.84024532948338,-1.2030644863485207e-06
0.014168,,14.84024532948338,-1.1664023794599743e-06
0.014171,,31.63114261819537,-1.2154432167191254e-06
0.014171,,31.63114261819537,-1.1016672030669805e-06
0.014171,,31.63114261819537,-1.1016672030669805e-06
0.014171,,31.63114261819537,-9.089002946105484e-07
0.014171,,31.63114261819537,-8.27190106404696e-07
0.014171,,31.631142618195355,-7.537454848050018e-07
0.014171,,85.51409376089747,-1.2920915181367787e-07
0.014171,,87.08056754493782,4.413444897235358e-07
0.01417,,89.51677866790384,1.0558192082548573e-06
0.014166,,94.52970641466473,1.818160355391077e-06
0.014166,,96.39467613249673,2.4021176708646785e-06
0.014166,,96.39467613249673,2.8322595257701533e-06
0.014166,,87.72334614019208,3.0572167109433473e-06
0.014166,,88.80762183851525,3.2783972211420515e-06
0.014166,,88.80762183851525,3.4143261425662735e-06
0.014166,,56.618021511000926,3.422459880622619e-06
0.014165,,56.96219461185733,3.1795963217184225e-06
0.014165,,56.96219461185731,2.8751621249586967e-06
0.014164,,56.96219461185731,2.8751621249586967e-06
0.014164,,48.50475628672876,2.023956165933191e-06
0.014164,,48.50475628672876,1.661391680349636e-06
0.014164,,48.50475628672876,1.3583979474249275e-06
0.014164,,48.50475628672875,1.1055293766444596e-06
0.014164,,48.504756286728764,8.94814349663639e-07
0.014164,,55.6324436049353,8.790710738261487e-07
0.014164,,40.52909820938273,4.5785829561918734e-07
0.014164,,32.84649043490073,-1.964577932417333e-07
0.014165,,32.44454135215814,-7.995770126174861e-07
0.014165,,35.983957676675374,-1.105300483278393e-06
0.014165,,35.983957676675374,-1.3322314020812465e-06
0.014165,,35.983957676675374,-1.4948441572418258e-06
0.014165,,35.98395767667536,-1.6052120519437219e-06
0.014165,,35.983957676675374,-1.6733896098797274e-06
0.014172,,31.40898217683383,-2.3642033159868014e-06
0.014173,,30.646455118970394,-2.3988526692865497e-06
0.014174,,29.80608194749506,-2.4134577266791968e-06
0.014174,,29.806081947495045,-2.319474879948491e-06
0.014178,,25.625294052769405,-2.5902778104033852e-06
0.014178,,25.625294052769405,-2.4612394580493524e-06
0.014177,,26.075594359057135,-2.239375476647404e-06
0.014178,,24.64964744809319,-2.2106694795749615e-06
0.014178,,24.649647448093177,-2.0850644476891333e-06
0.014182,,17.244349624882943,-2.3337635058143236e-06
0.014174,,21.874702305812164,-1.4485925905090291e-06
0.014174,,21.87470230581218,-1.3619485464966274e-06
0.014174,,16.39918917230969,-1.3583163348436511e-06
0.014171,,18.106303423395246,-1.0618394637312845e-06
0.014171,,13.711461894914763,-1.1722854659623055e-06
0.014171,,13.711461894914763,-1.1912772243122954e-06
0.014171,,13.711461894914763,-1.1912772243122954e-06
0.014171,,13.711461894914763,-1.1912772243122954e-06
0.014171,,13.711461894914763,-1.1912772243122954e-06
0.014171,,5.450173313740635,-1.5914413971016006e-06
0.014173,,1.7717326323602265,-2.503316351534432e-06
0.014168,,1.9069905441013475,-2.27586591930104e-06
0.014164,,1.2727025737873703,-2.409556380505995e-06
0.014164,,1.2727025737873703,-2.798527342388543e-06
0.014165,,0.0,-3.164101866286184e-06
0.014165,,0.0,-3.3365407481351222e-06
0.014165,,0.0,-3.513391259576948e-06
0.014165,,0.0,-3.8512269450712705e-06
0.014165,,0.0,-4.072024397295745e-06
0.014165,,0.0,-4.072024397295745e-06
0.014165,,0.0,-4.072024397295745e-06
0.014165,,0.0,-4.072024397295745e-06
0.014165,,63.835539344372044,-1.8467752941932203e-06
0.014165,,63.83553934437203,-1.0456160286255456e-06
0.014165,,63.83553934437204,-4.060112931657256e-07
0.014165,,63.83553934437203,9.973043738759069e-08
0.014165,,63.83553934437204,4.948303067679738e-07
0.014165,,67.62800120655626,9.58286554211471e-07
0.014165,,72.31744507902978,1.5497888956068212e-06
0.014165,,72.31744507902977,1.995555244042879e-06
0.014165,,72.31744507902977,2.5514081420738993e-06
0.014165,,72.31744507902977,2.702020187582768e-06
0.014165,,72.31744507902977,2.702020187582768e-06
0.014164,,72.95814792796438,2.9184858414826875e-06
0.014164,,67.43908024056617,2.8288026422372547e-06
0.014163,,68.08574167004892,2.819018204572657e-06
0.014163,,68.0857416700489,2.701305007265023e-06
0.014163,,68.08574167004892,2.578295465132871e-06
0.014158,,72.42247519728437,2.9161244045998458e-06
0.014157,,65.60279548808879,2.7709093564209225e-06
0.014156,,69.98489341714637,2.72012712846173e-06
0.014152,,73.01381728238789,2.651192198888097e-06
0.014152,,82.92587759457366,3.1797507350286858e-06
0.014152,,82.92587759457368,3.2080470160865404e-06
0.014152,,82.92587759457366,3.1936575267035167e-06
0.014151,,88.14560150450713,3.4780222362522373e-06
0.014148,,91.08666386869426,3.861409487888878e-06
0.014148,,91.91707191592324,3.963786237220351e-06
0.014165,,89.91082312873844,2.4226314353295586e-06
0.014165,,89.91082312873844,2.5122356178269856e-06
0.014165,,92.18186643930275,2.7133530187285065e-06
0.014165,,82.21670300555743,2.760230150274795e-06
0.014165,,40.14937582044897,2.0475529154424105e-06
0.014165,,33.91927770191771,1.2265373848449612e-06
0.014167,,33.04970440694191,3.8387947620330265e-07
0.01417,,31.595614360478223,-7.811528575166204e-07
0.01417,,31.59561436047821,-1.068520136333212e-06
0.01417,,31.59561436047821,-1.28148857259959e-06
0.01417,,31.595614360478223,-1.4337403266805049e-06
0.01417,,42.02517929926434,-1.3771428083488024e-06
0.01417,,42.02517929926434,-1.3171060881927293e-06
0.014169,,42.46287796702434,-1.1623417715701106e-06
0.014169,,42.46287796702433,-1.1057633810263034e-06
0.014169,,42.46287796702433,-1.048834290076281e-06
0.014169,,42.46287796702433,-9.922791984195989e-07
0.014169,,42.462877967024326,-9.366616286199392e-07
0.014168,,43.11330773708211,-7.896951586764539e-07
0.01417,,41.09518836237333,-8.77884047284852e-07
0.014172,,38.6650958265559,-1.0080585766472638e-06
0.014173,,37.271648351114194,-1.0354330377635584e-06
0.014173,,37.27164835111419,-9.671586946834176e-07
0.014173,,37.271648351114194,-9.026456487416096e-07
0.014176,,31.435041592325632,-1.119966412244447e-06
0.014176,,31.435041592325646,-1.0437035264394129e-06
0.014177,,28.876711990305395,-1.0647765892306954e-06
0.014177,,28.876711990305395,-9.91230853708211e-07
0.014177,,28.876711990305395,-9.223134728435917e-07
0.014179,,21.56631532200997,-1.043242167576841e-06
0.014178,,22.82984906698509,-8.775373000115966e-07
0.014166,,100.0,2.9773971876694005e-07
0.014166,,100.0,2.791064170788726e-07
0.014166,,100.0,2.6132697652885006e-07
0.014166,,100.0,4.837353695281987e-07
0.014166,,100.0,6.524743057026439e-07
0.014166,,100.0,7.77241571298104e-07
0.014166,,100.0,8.661362486603319e-07
0.014168,,100.0,7.404780885417878e-07
0.014168,,100.0,7.894329938692296e-07
0.014168,,100.0,8.187915892781533e-07
0.014168,,100.0,8.324623795366581e-07
0.014168,,100.0,8.25144623127147e-07
0.014168,,100.0,9.685931796794833e-07
0.014168,,100.0,9.685931796794833e-07
0.014168,,100.0,9.685931796794833e-07
0.014168,,100.0,1.229487710543986e-06
0.014168,,100.0,1.4198810015571967e-06
0.014168,,100.0,1.5528685543258341e-06
0.014168,,100.0,1.5528685543258341e-06
0.014168,,100.0,1.7682219726252585e-06
0.014168,,100.0,1.8490279464662696e-06
0.014168,,100.0,1.89126592658323e-06
0.014168,,100.0,1.9028054730942795e-06
0.014168,,100.0,1.890162035481438e-06
0.014168,,100.0,1.8587159001971776e-06
0.014168,,100.0,1.8587159001971776e-06
0.014168,,100.0,1.8587159001971776e-06
0.014168,,100.0,1.8587159001971776e-06
0.014168,,100.0,2.929705783947384e-06
0.014168,,100.0,2.929705783947384e-06
0.014168,,100.0,4.81581109718944e-06
0.014168,,100.0,5.1461760671254325e-06
0.014168,,100.0,5.346363139672669e-06
0.014168,,100.0,5.442277647911206e-06
0.014168,,100.0,5.455404084303908e-06
0.014171,,100.0,5.284910908950197e-06
0.014171,,100.0,5.484416180673302e-06
0.014171,,100.0,5.484416180673302e-06
0.014171,,100.0,6.0122368067457715e-06
0.014171,,100.0,6.096261912709108e-06
0.014171,,63.224888593577845,5.534215919800883e-06
0.014171,,65.19410500298477,5.110570587239793e-06
0.014171,,65.19410500298478,4.36094294736615e-06
0.014171,,65.19410500298478,4.0296082510892645e-06
0.014173,,64.59959301633715,3.5386595902339724e-06
0.014175,,63.936210762748615,3.084095637465381e-06
0.014255,,53.94157474874053,8.313587241855214e-07
0.014255,,53.94157474874053,8.313587241855214e-07
0.014255,,53.94157474874053,8.313587241855214e-07
0.014255,,71.88319963090292,9.686619354201675e-07
0.014255,,71.88319963090292,1.0651967939610818e-06
0.014255,,71.88319963090294,1.128690523087908e-06
0.014254,,73.26850980337574,1.2675685666044961e-06
0.014254,,73.26850980337574,1.2675685666044961e-06
0.014248,SELL,85.63599076470133,1.7967095214711792e-06
0.01426,SELL,100.0,2.1816453661029772e-06
0.01426,SELL,100.0,2.1816453661029772e-06
0.01426,,100.0,2.704662844519798e-06
0.01426,,100.0,3.345368617140368e-06
0.01426,,100.0,3.751640964664779e-06
0.01426,,100.0,4.027191767256785e-06
0.014265,,100.0,3.7335990035643196e-06
0.014267,,100.0,3.665202376433238e-06
0.014267,,72.74347390307862,3.3065353192921615e-06
0.014267,,72.74347390307864,3.127954851351103e-06
0.014267,SELL,72.74347390307864,2.952395170185279e-06
0.014272,,45.486412983324016,2.903591580921683e-07
0.014272,,45.486412983324016,2.903591580921683e-07
0.014272,SELL,66.62117664058337,5.150749309776326e-07
0.014272,,66.62117664058337,8.999046051706705e-07
0.014272,,66.62117664058336,9.594647980299548e-07
0.014272,,73.93893699999673,1.1547388545640747e-06
0.014272,,73.93893699999673,1.1547388545640747e-06
0.014272,,73.93893699999673,1.3893748051531374e-06
0.014272,,73.93893699999671,1.447817229473236e-06
0.014272,,73.93893699999671,1.447817229473236e-06
0.01428,,69.40855599407544,7.800627963277379e-07
0.01428,,69.40855599407544,7.800627963277379e-07
0.014283,,66.69704961900734,5.308330019871549e-07
0.014283,,66.69704961900737,5.465660838574471e-07
0.014283,,66.69704961900737,5.465660838574471e-07
0.014283,,66.69704961900737,5.465660838574471e-07
0.014276,,11.150158662792293,-7.286619062173497e-06
0.014276,,11.150158662792293,-7.286619062173497e-06
0.014276,,30.44210131564391,-6.8595546218602754e-06
0.014276,,30.442101315643896,-6.4467884122489105e-06
0.014276,,30.442101315643896,-6.049928408568064e-06
0.014276,,28.875929773672922,-5.7498252329351435e-06
0.01428,BUY,26.98950785372969,-5.497049134968804e-06
0.014282,,46.44522925620483,-2.8146779786596132e-06
0.014282,,46.44522925620482,-2.4360565651845856e-06
0.014282,,46.44522925620482,-2.111654528241455e-06
0.014282,,46.44522925620483,-1.8334289491172412e-06
0.014282,,46.44522925620485,-1.594552168332486e-06
0.014282,,46.44522925620482,-1.389226460672341e-06
0.014282,,46.44522925620482,-1.212527100417568e-06
0.014282,,46.44522925620482,-1.0602694580467975e-06
0.014269,,57.49391480071577,2.764277359876971e-07
0.014262,,67.52527753307439,9.774751283924549e-07
0.014252,SELL,92.30137241631726,1.8729146498992072e-06
0.014257,SELL,100.0,8.17793126691238e-07
0.014263,SELL,79.69485917767312,4.143126145090756e-06
0.014266,SELL,91.43227895112219,4.482508735146121e-06
0.01427,SELL,64.86024101258407,1.978944191943083e-06
0.01427,SELL,64.86024101258407,1.978944191943083e-06
0.014277,,92.48453185372989,4.247150508278341e-06
0.014279,,92.41160650254886,5.036110949093592e-06
0.01428,,92.3686664772073,6.155844985252651e-06
0.014281,,92.32187656544643,6.386756225419676e-06
0.014284,,92.16670861943555,6.294656074429597e-06
0.014284,,92.16670861943555,6.3845291553756706e-06
0.014284,,92.65866425274268,6.4619564506419175e-06
0.014284,,92.65866425274268,6.44897833211068e-06
0.014284,,92.65866425274268,6.3653176599620664e-06
0.014284,,92.6586642527427,6.227232316712017e-06
0.014284,,92.6586642527427,6.227232316712017e-06
0.014289,,92.27228270192082,5.400555233696716e-06
0.014288,SELL,93.39516561935949,5.0703082807249805e-06
0.014288,SELL,93.39516561935949,4.8381347472464115e-06
0.014289,SELL,93.39516561935949,4.601096967487769e-06
0.014289,SELL,93.28525710639693,4.040265832890716e-06
0.014289,SELL,93.28525710639693,3.8140498303078363e-06
0.014286,SELL,100.0,3.657639106806332e-06
0.014286,SELL,100.0,3.5977775367391357e-06
0.014286,SELL,79.03204792741074,3.4641773634241924e-06
0.014286,,41.52511581740757,2.0383538072536733e-06
0.014286,,41.52511581740757,2.0383538072536733e-06
0.014286,,15.662779342942656,-4.0356922338669055e-07
0.014309,,8.571774038362307,-4.524426401614212e-06
0.014309,,8.571774038362307,-5.909257226740031e-06
0.014309,,8.571774038362307,-6.926896679738254e-06
0.014309,,8.571774038362307,-7.64525355397179e-06
0.014309,,8.571774038362307,-8.120943372200151e-06
0.014309,,8.571774038362307,-8.401088462011916e-06
0.014309,,8.571774038362307,-8.52483645588653e-06
0.01431,,8.002750805184647,-8.520057988809643e-06
0.01431,,8.002750805184647,-8.341450963685049e-06
0.01431,,18.139096631172748,-7.946913254957763e-06
0.01431,,18.139096631172762,-7.547239400483921e-06
0.01431,BUY,18.139096631172762,-7.148096187998762e-06
0.01431,BUY,18.139096631172748,-5.993286078365134e-06
0.01431,BUY,18.139096631172748,-5.631313161214707e-06
0.01431,BUY,18.139096631172762,-4.950859769587215e-06
0.01431,BUY,38.078128260743746,-4.3944752888876865e-06
0.01431,,88.08492366382903,5.914027052454987e-06
0.01431,,88.08492366382903,5.914027052454987e-06
0.01431,,88.08492366382903,5.914027052454987e-06
0.01431,,88.08492366382903,5.914027052454987e-06
0.01431,,88.08492366382903,5.914027052454987e-06
0.014311,,74.0221262532551,7.082250395184023e-06
0.014314,,73.84769374966403,7.716585718626004e-06
0.014312,,74.20542169998984,8.544833564170032e-06
0.014304,,75.78686845393037,9.682263099873925e-06
0.014304,,75.78686845393037,9.839698305853448e-06
0.01428,,81.85650605534045,1.2076125525754475e-05
0.014279,,82.15173503194958,1.1913287344121268e-05
0.014279,,77.01982757122863,1.141247769054915e-05
0.014279,,74.51342241562836,1.0810276649255574e-05
0.014279,SELL,74.51342241562834,9.632688116430893e-06
0.014279,SELL,62.87068741269145,7.613255817884301e-06
0.014281,SELL,62.43558579652176,5.456699719776081e-06
0.014281,SELL,62.43558579652177,4.948225843289661e-06
0.014281,,32.306754318547306,3.217105560077843e-06
0.01429100,,32.30675431854729,-8.545385751356632e-07
0.01429100,,22.484097177344424,-2.1808587590058104e-06
0.01429100,,21.516152027955542,-4.231554263073312e-06
0.01429100,,0.0,-9.211995092229391e-06
0.01429100,,0.0,-9.268825211659198e-06
0.01429100,,0.0,-8.220463666681194e-06
0.01429100,,21.975781346564204,-7.26738401036868e-06
0.01429100,BUY,21.975781346564204,-6.817809424033983e-06
0.01430200,BUY,25.857941641649234,-4.478689883374853e-06
0.01430300,,64.2519813009239,-3.1947920901345683e-06
0.01430500,,68.8566462064655,-1.0307241198586475e-06
0.01430500,,70.44349638506581,4.226311314751291e-07
0.01430600,,70.44349638506583,9.191160958033767e-07
0.01430600,,81.3802748342968,3.0412527108805015e-06
0.01430900,,85.1166976615662,3.5456826752520293e-06
0.01430900,,85.1166976615662,3.767948899530138e-06
0.01430900,,94.96719944797773,5.0606294007167485e-06
0.01430900,,94.96719944797773,5.18653261774929e-06
0.01430800,,94.96719944797773,5.197488375621381e-06
0.01430800,,94.96719944797773,5.115865547401094e-06
0.01431100,SELL,67.00926824891576,4.674527256942618e-06
0.01428800,SELL,76.34554336633781,3.9923303533240945e-06
0.01429200,,18.17891173398472,-4.90706327382559e-06
0.01429200,,18.17891173398472,-4.90706327382559e-06
0.01429200,,40.55108153173531,-3.970489749333811e-06
0.01429200,,40.55108153173531,-3.970489749333811e-06
0.01429200,,40.10823472877387,-3.321088505590583e-06
0.01429200,BUY,38.51466255384613,-3.2852616523668804e-06
0.01429100,BUY,38.51466255384613,-2.7174860051434185e-06
0.01429100,BUY,24.40724921577643,-3.224809821553154e-06
0.01429100,BUY,23.652453190718617,-2.9419009758280268e-06
0.01429100,BUY,19.93282887362342,-3.0604810750817224e-06
0.01429100,,32.57751488610484,-6.425081935067245e-07
0.01429100,,32.57751488610484,-6.425081935067245e-07
0.01429100,,32.57751488610482,-6.389590141049617e-07
0.01429100,,32.577514886104794,-6.138462664805056e-07
0.01429200,,60.721309823433664,-4.355150312260192e-07
0.01429200,,60.721309823433664,-1.7416502358195973e-07
0.01429200,,60.721309823433664,-8.077316003725354e-08
0.01429200,,60.72130982343366,5.1442060600842554e-08
0.01429200,BUY,35.95899594083035,-3.811591167118128e-07
0.01428600,,0.0,-9.116423673877216e-07
0.01428600,,0.0,-9.116423673877216e-07
0.01428600,,0.0,-9.688649274131739e-07
0.01428600,,0.0,-1.0824283014788244e-06
0.01428600,,0.0,-1.1590670896902827e-06
0.01428600,,0.0,-1.0560941076081382e-06
0.01428600,,0.0,-1.0721933514264148e-06
0.01428600,,0.0,-1.0601491028782578e-06
0.01428600,,0.0,-1.0099362878646795e-06
0.01428600,,0.0,-9.75945230911185e-07
0.01428600,BUY,0.0,-8.561384311212006e-07
0.01427600,BUY,0.0,-6.022206420364801e-07
0.01428200,BUY,0.0,-6.022206420364801e-07
0.01427500,BUY,0.0,-6.022206420364801e-07
0.01426900,,61.49318101296974,1.8475640653839442e-07
0.01426900,,61.49318101296974,1.8475640653839442e-07
0.01426900,,31.32111359232502,-8.346061883095224e-08
0.01426900,,24.38345748974386,-3.8608216520151506e-07
0.01426900,,26.790545282624507,-2.0641107856267382e-07
0.01426900,,8.377643101606964,-1.169455328457747e-06
0.01426900,,8.377643101606964,-1.900718064950374e-06
0.01425800,,24.34037489340922,-2.241391980739582e-06
0.01426000,,24.340374893409205,-2.248993524007689e-06
0.01426100,,32.59367551114309,-2.0471377044986583e-06
0.01426100,,40.73812082231097,-1.6062036618906539e-06
0.01426100,,40.73812082231095,-1.4639999792193797e-06
0.01426100,,40.73812082231095,-1.220318289621783e-06
0.01426100,,40.73812082231095,-1.220318289621783e-06
0.01426100,,40.73812082231096,-1.021291847647099e-06
0.01426100,,40.73812082231095,-9.355663146103088e-07
0.01426100,BUY,39.16402587535036,-8.797086567154111e-07
0.01426300,BUY,39.16402587535038,-5.359853867282355e-07
0.01427300,SELL,100.0,6.343836558408283e-07
0.01428300,,5.1295536228562355,-6.222957610931695e-07
0.01428700,,41.79704883343312,-6.611397348338377e-07
0.01428700,,41.797048833433124,-6.941841570410473e-07
0.01428700,,40.90158289017129,-7.790574480751739e-07
0.01428700,,40.90158289017129,-7.790574480751739e-07
0.01428700,,39.90590106849277,-7.869566268966371e-07
0.01428700,BUY,39.90590106849277,-7.516864453105399e-07
0.01429900,,51.644999035262586,-1.4241449202215262e-07
0.01430000,,90.20759560839086,8.465084506519005e-07
0.01430000,,90.20759560839087,2.1927691015721784e-06
0.01430000,,90.20759560839086,2.62306612243933e-06
0.01430000,,92.27889855758029,3.323052701231788e-06
0.01430000,,92.27889855758029,3.4370511316408198e-06
0.01430000,,93.12453287354208,3.566517844711542e-06
0.01430100,,100.0,3.6250101393287687e-06
0.01430100,,100.0,3.470550769225575e-06
0.01430100,SELL,100.0,3.235114536533773e-06
0.01429700,SELL,100.0,2.6704201708353803e-06
0.01430100,,20.25486327220689,7.646149500217803e-07
0.01430100,,10.963389487428444,-1.1102835631767588e-06
0.01430100,,10.963389487428444,-2.0212805792712424e-06
0.01430100,,19.352220310154365,-2.223851985836897e-06
0.01430100,,19.352220310154365,-2.4348454612469622e-06
0.01430100,,19.352220310154365,-2.4679165949986065e-06
0.01430100,,18.048277626179612,-2.5285860964785467e-06
0.01430100,,18.048277626179612,-2.4711162163616046e-06
0.01429400,,50.8712267038938,-1.870992781418876e-06
0.01429400,,50.8712267038938,-1.561828075766561e-06
0.01429400,,50.8712267038938,-1.083250322561971e-06
0.01429400,,50.8712267038938,-8.996721914365791e-07
0.01429400,,50.8712267038938,-6.16374462537525e-07
0.01429400,,50.8712267038938,-5.081126184750678e-07
0.01424200,,3.546883270316343,-4.770977145220068e-06
0.01424200,,3.546883270316343,-8.098631046206395e-06
0.01424200,,3.546883270316343,-1.0613475201723052e-05
0.01424200,,3.546883270316343,-1.3769751914702658e-05
0.01424200,,3.546883270316343,-1.5149244166073536e-05
0.01424200,,3.6807051580216807,-1.4358230237994374e-05
0.01424200,,3.6807051580216807,-1.432533459497752e-05
0.01424200,,3.234280851325707,-1.3817408960529673e-05
0.01424200,,3.234280851325707,-1.3377456767172877e-05
0.01424200,,3.234280851325707,-1.2880315228020606e-05
0.01424200,BUY,3.234280851325707,-1.1783195503834928e-05
0.01421500,,42.77544253308106,-1.9391395293007208e-06
0.01421500,,42.775442533081055,-1.5407125420561357e-06
0.01421500,,42.77544253308107,-1.2337160248173523e-06
0.01421500,,42.77544253308104,-1.1070994460331968e-06
0.01421500,,42.77544253308107,-8.08594884545849e-07
0.01421500,BUY,36.40975564234329,-1.1015081615439737e-06
0.01421700,,31.23807951467903,3.516586779498537e-07
0.01421700,,31.23807951467903,3.516586779498537e-07
0.01421700,,31.23807951467903,3.516586779498537e-07
0.01421700,,22.33304935635394,1.3969512878235502e-07
0.01421700,,22.333049356353953,-1.59004220463832e-07
0.01421700,,22.333049356353953,-1.59004220463832e-07
0.01421700,,22.333049356353953,-3.916727952940624e-07
0.01421700,,22.333049356353953,-4.308954147293903e-07
0.01421700,,0.0,-8.275838752607595e-07
0.01421700,,0.0,-7.99860589784443e-07
0.01421700,,0.0,-7.771122031794558e-07
0.01421700,,0.0,-8.0075136013949e-07
0.01421700,,0.0,-8.453156125024647e-07
0.01421700,,0.0,-8.468600247342473e-07
0.01421300,,0.0,-9.817955568796471e-07
0.01421300,,0.0,-1.1498410776057677e-06
0.01421300,,0.0,-1.206402597769482e-06
0.01421300,,0.0,-1.2061685051960314e-06
0.01421300,,0.0,-1.192239589302077e-06
0.01421300,,0.0,-1.135237312169246e-06
0.01421300,BUY,0.0,-1.0968351874009186e-06
0.01421400,,10.563502973006322,-5.683898244429608e-09
0.01421400,,10.563502973006337,-3.521797649723435e-07
0.01421400,,10.563502973006337,-4.6641529288272976e-07
0.01421400,,10.563502973006322,-6.102834329922008e-07
0.01421400,,10.563502973006337,-6.500885425912706e-07
0.01421400,,10.563502973006322,-6.855914145963843e-07
0.01421400,,10.563502973006322,-6.783855318794746e-07
0.01421400,,10.563502973006322,-6.254292199900369e-07
0.01421400,,10.563502973006322,-6.014405174708387e-07
0.01421400,,0.0,-7.768782243795791e-07
0.01421400,,0.0,-7.904299473820292e-07
0.01421400,,0.0,-7.842747121507981e-07
0.01421400,,0.0,-7.69253471361378e-07
0.01421400,BUY,0.0,-7.487182716384155e-07
0.01420500,,4.881910099472606,-1.6453017024162936e-06
0.01420500,,4.881910099472606,-1.6537340044499999e-06
0.01420400,,4.881910099472606,-1.6131987207873566e-06
0.01420400,BUY,35.40839178154326,-1.3199984314950924e-06
0.01420000,,36.53355613329533,-1.2091800701587163e-06
0.01420000,,26.301636466607945,-1.4224955365120528e-06
0.01420000,,26.30163646660796,-1.573412263295923e-06
0.01420000,,39.4198234294304,-1.4505121698499962e-06
0.01420300,,49.785832913685944,-1.033573376182581e-06
0.01420300,,50.96497580852559,-5.630013472160411e-07
0.01420300,,50.96497580852558,-4.5964821728840255e-07
0.01420300,,50.96497580852558,-3.0163404746846867e-07
0.01420300,,52.77555224716223,-5.650752350414012e-08
0.01420300,,66.11322605061005,2.6170097970276696e-07
0.01420300,,66.11322605061005,4.012335583589849e-07
0.01420300,,66.11322605061004,5.822827914801765e-07
0.01420300,,66.11322605061004,6.354273101218805e-07
0.01420300,,66.11322605061005,6.891386178462661e-07
0.01420300,,66.20989229653058,6.141412144250458e-07
0.01420300,,66.20989229653057,6.100421125442013e-07
0.01420300,,66.20989229653058,5.850793664743253e-07
0.01420300,,69.03183158768871,6.595342622994077e-07
0.01420300,SELL,80.05537507664286,9.105817792409016e-07
0.01424100,SELL,100.0,3.374060933824391e-07
0.01424800,,100.0,1.1163898793126528e-05
0.01424800,SELL,77.53298950742928,1.013906671864552e-05
0.01424900,SELL,77.53298950742928,7.0646949907327006e-06
0.01424900,SELL,81.65574090073417,7.148760088919112e-06
0.01424900,SELL,82.52399623304939,6.368071061411615e-06
0.01425800,SELL,82.5239962330494,6.107026873104424e-06
0.01425800,,56.914302450026725,1.1833621565444236e-06
0.01425800,,56.914302450026725,1.1833621565444236e-06
0.01425800,,56.91430245002672,9.969700871040321e-07
0.01425800,,56.914302450026725,9.160207145083449e-07
0.01424500,,47.426765107550594,3.3956782426181054e-07
0.01424500,,35.24462160379389,1.0184042237813828e-07
0.01424500,,24.90906993721218,-3.2489005399524706e-07
0.01424500,,19.437178380845026,-1.1593527053169184e-06
0.01424500,,14.930768137534443,-2.1082431039230742e-06
0.01424500,,14.392744582030986,-2.0184692337468085e-06
0.01424500,,21.680006977475102,-2.3791195026615086e-06
0.01424500,,21.680006977475117,-2.4649463813593286e-06
0.01424500,,21.680006977475117,-2.5062375744924065e-06
0.01424500,,11.502473162540852,-3.2210898555182915e-06
0.01424500,,11.70726855958678,-3.028360375457312e-06
0.01424500,BUY,9.981245288627264,-2.889574603825301e-06
0.01422100,,14.17380482926633,-3.253290574892209e-06
0.01422100,,14.17380482926633,-3.253290574892209e-06
0.01422100,,14.17380482926633,-3.253290574892209e-06
0.01422100,,6.047223218534157,-5.119944204020135e-06
0.01422100,,6.1202174427786815,-5.496960228473791e-06
0.01422100,,6.1202174427786815,-5.8855432597138685e-06
0.01422100,,6.1202174427786815,-6.239116632712066e-06
0.01422100,,6.1202174427786815,-6.259055236492242e-06
0.01422100,,6.178385641412632,-5.996292742557058e-06
0.01422100,,6.178385641412632,-5.6574772810593504e-06
0.01422100,BUY,6.328635081582988,-5.26170234234867e-06
0.01419800,BUY,7.1811990563347905,-3.681492412910964e-06
0.01417800,,42.64299684966482,-3.959635234279668e-08
0.01418200,,98.42215689890915,1.0787695583804047e-06
0.01418200,,98.42215689890915,1.9426884963150842e-06
0.01418200,,98.42215689890915,2.597409162830369e-06
0.01418200,,98.42215689890915,3.4243574306667968e-06
0.01418200,,98.40342794131699,3.706833997200315e-06
0.01418200,,71.23002583316399,3.5517636103998135e-06
0.01418200,,72.06284905652171,3.2115437505267352e-06
0.01418200,SELL,72.06284905652171,3.006463437382062e-06
0.01418400,SELL,75.84215336811513,2.174172711510644e-06
0.01418400,SELL,75.84215336811515,1.6607684679616902e-06
0.01417100,SELL,83.78104753308733,1.7226753617552437e-06
0.01417500,,41.5667340171195,-1.6464164139667892e-08
0.01417400,,41.566734017119494,-1.8883782252308856e-07
0.01417400,,32.10851013276748,-1.631520976834791e-06
0.01417400,,32.10851013276745,-1.622128615237986e-06
0.01417400,,32.10851013276748,-1.5962841311903397e-06
0.01417600,,22.931976095572026,-1.9340619346625704e-06
0.01417600,,22.931976095572026,-2.0192802459920167e-06
0.01417600,,22.931976095572026,-2.0630349885312343e-06
0.01417900,,40.56704917044034,-1.578334308928106e-06
0.01417900,,40.56704917044034,-1.3375055897910798e-06
0.01417900,,25.930083535136276,-1.5511916042973417e-06
0.01417900,,25.930083535136276,-1.7988661772088549e-06
0.01417900,,20.307624045731544,-2.247114361943886e-06
0.01417900,,20.307624045731544,-2.37016349165578e-06
0.01417900,,20.307624045731544,-2.37016349165578e-06
0.01417900,,17.898093376115128,-2.429430334328908e-06
0.01417900,,17.898093376115128,-2.4298713920175435e-06
0.01417900,BUY,26.275989713254248,-2.4957530019437124e-06
0.01417200,,41.52526448058086,-1.3144984366327689e-06
0.01417400,,63.915469629713144,-9.312651436804709e-07
0.01417400,,63.915469629713144,-6.20398431041419e-07
0.01417400,,63.915469629713144,-1.6919801959676406e-07
0.01417400,,67.99839442536819,2.6802661293005847e-07
0.01417700,,73.25825655512014,4.5353387863149297e-07
0.01417700,,73.25825655512014,6.967613194967109e-07
0.01417700,,72.60254776860594,6.768452386549106e-07
0.01417700,,71.85946301762061,6.795151278621986e-07
0.01417700,,83.12265895616525,1.085539412941025e-06
0.01417700,SELL,92.14164437299746,1.1779631821362546e-06
0.01417700,,100.0,1.2844598417608571e-06
0.01417700,,100.0,1.3312427281676753e-06
0.01416900,,51.41237858238313,-8.761227915550507e-07
0.01416900,,51.41237858238311,-5.734032931838107e-07
0.01416900,,51.412378582383106,-4.5912011017654186e-07
0.01416900,,51.41237858238311,-2.859475391591565e-07
0.01416900,,51.41237858238313,-2.2126255343202228e-07
0.01416900,,51.41237858238311,-1.2446528176689176e-07
0.01416900,,49.32757300196875,-2.3276574702413289e-07
0.01416900,,9.362913492247273,-1.7929945040524864e-06
0.01416900,,9.362913492247273,-2.9949629660654814e-06
0.01416900,,8.399161523225871,-3.5061399025638346e-06
0.01414700,,8.399161523225857,-4.317877142941823e-06
0.01414700,,17.426614140196122,-5.234997947842213e-06
0.01414700,,17.547860233973267,-5.198309773423587e-06
0.01414800,,11.858064473960226,-5.862976124577576e-06
0.01414800,,11.858064473960226,-5.701421210500823e-06
0.01414800,,11.858064473960226,-5.509873386532263e-06
0.01414800,BUY,11.858064473960226,-5.0698714181215965e-06
0.01414500,BUY,14.64160328464503,-4.654324447499886e-06
0.01414900,,44.84477598422822,-3.0654671015432206e-06
0.01414900,,44.84477598422822,-2.6694854501074783e-06
0.01418600,,41.68242851153678,-4.5278140766054353e-07
0.01418600,,41.68242851153678,-3.976853667903013e-07
0.01418600,BUY,39.196153854856796,-4.64782045175513e-07
0.01418600,,12.963168871463495,-9.30997053344082e-07
0.01418600,,12.963168871463495,-1.174559858195881e-06
0.01418600,,13.716806466002268,-1.0541903486555732e-06
0.01418600,,14.790787798087862,-9.521695201516328e-07
0.01418600,,14.790787798087862,-9.578862716543707e-07
0.01418600,,14.790787798087862,-9.355630516752478e-07
0.01418600,,14.790787798087877,-9.124550106164725e-07
0.01418600,,9.950749832013997,-9.929096714995922e-07
0.01418600,,5.782009457852411,-1.097177853509948e-06
0.01417300,BUY,35.490173155742895,-9.894256519874661e-07
0.01417300,,83.79371760387644,5.804561876050773e-07
0.01417300,,83.79371760387644,1.1383931665907843e-06
0.01417300,,83.79371760387644,1.3129492321926894e-06
0.01417300,,85.4398348761263,1.5274645423085653e-06
0.01417300,,85.4398348761263,1.638956466001873e-06
0.01418200,,90.20697782779497,1.8264193962936465e-06
0.01418300,,96.10528869802735,2.1195135366386397e-06
0.01418300,,97.04594805251739,2.604124625143339e-06
0.01418600,,97.40884980570107,2.8089647897289877e-06
0.01418600,,97.40884980570107,3.0230195701523577e-06
0.01418600,,97.40884980570107,3.0029816322860864e-06
0.01418900,,98.12679864444814,3.039839338112721e-06
0.01418900,,100.0,3.1570083808864224e-06
0.01418900,,100.0,3.108781722495693e-06
0.01418900,SELL,100.0,2.943616274312874e-06
0.01418900,SELL,100.0,2.2414631228751675e-06
0.01420300,,100.0,4.204426281255794e-06
0.01420300,,100.0,4.654081627862225e-06
0.01420300,,100.0,5.131349355733811e-06
0.01420300,,100.0,5.499119714221998e-06
0.01420300,,100.0,5.536137476180175e-06
0.01420300,,100.0,4.96806580255367e-06
0.01420300,,100.0,4.639378042946632e-06
0.01420300,SELL,77.17259017728287,4.155532264845524e-06
0.01420700,SELL,87.48868561334518,3.01271200158805e-06
0.01420000,,23.280652373155107,-1.7769683630791677e-07
0.01420000,,23.280652373155107,-8.154051777311405e-07
0.01420000,,20.926124128749223,-1.3465740858528003e-06
0.01420000,,20.926124128749237,-1.4959621131207385e-06
0.01420000,,20.926124128749223,-1.5127177191275737e-06
0.01420000,,20.926124128749223,-1.4842525233732529e-06
0.01420000,,22.156319502473465,-1.2596016846118385e-06
0.01420000,,22.156319502473465,-1.1840761197663002e-06
0.01420000,BUY,15.987788381845533,-1.3238895258792932e-06
0.01420000,BUY,0.0,-8.55466955728551e-07
0.01420000,,100.0,1.4136248894375258e-07
0.01420000,,100.0,2.2240774573412114e-07
0.01420000,,100.0,2.4682602951971166e-07
0.01420000,,100.0,2.631443312937909e-07
0.01420000,,4.098509967518751,-9.236506668189315e-07
0.01420000,,4.098509967518751,-2.5421962632984907e-06
0.01420000,,4.098509967518751,-3.061067978201576e-06
0.01420000,,4.0985099675187655,-3.684758778300934e-06
0.01420000,,4.0985099675187655,-3.840243348160813e-06
0.01420000,,42.61042955502969,-2.9497126438505356e-06
0.01420000,,42.61042955502969,-2.7068014476199637e-06
0.01420000,,42.6104295550297,-2.2840383909136786e-06
0.01420000,,42.6104295550297,-1.931984626651201e-06
0.01420000,,42.61042955502969,-1.7782849227147846e-06
0.01420000,,42.61042955502969,-1.637599571509274e-06
0.01420000,,42.610429555029675,-1.2821101555322845e-06
0.01420000,,42.61042955502969,-1.1825456609198398e-06
0.01420000,,42.610429555029704,-1.0910629866696386e-06
0.01420000,,48.86446841091192,-9.425278987788138e-07
0.01420000,,48.864468410911925,-6.852201772898636e-07
0.01420000,,48.864468410911904,-4.995113310739957e-07
0.01420000,,48.86446841091191,-4.269740780677572e-07
0.01477500,SELL,73.64837305691405,1.0254815686339125e-06
0.01482100,,54.896869323448186,-5.849560044852986e-08
0.01482100,,95.468184570641,3.661498629528581e-06
0.01482400,,95.82650507270436,9.214460540316396e-06
0.01482500,,95.82650507270436,1.1021796768843559e-05
0.01482500,,95.93260664870071,1.3262655437728393e-05
0.01482500,,93.37612616938381,1.37764036130094e-05
0.01482500,,91.86102982985203,1.4345573436044118e-05
0.01482500,,91.86102982985203,1.4123981187746937e-05
0.01482500,,91.82743185045582,1.3696694732549808e-05
0.01482500,,91.71696315278605,1.2549712372682265e-05
0.01482500,SELL,92.595452551985,1.1692790325147986e-05
0.01482500,SELL,87.55213994322814,6.378340604670796e-06
0.01482500,SELL,87.55213994322814,4.786744714664615e-06
0.01482500,,18.768012930831247,-2.8185467187274993e-07
0.01482500,,13.245531032024232,-4.665853340392323e-07
0.01482500,,14.29189226577276,-3.9325983611226967e-07
0.01482500,,3.7342570994830737,-8.898490228160388e-07
0.01479700,,3.7342570994830737,-1.2240584385293796e-06
0.01479700,,3.7342570994830737,-1.2240584385293796e-06
0.01479700,,0.4870081742680554,-5.055034545363435e-06
0.01479700,,0.0,-7.294510627871287e-06
0.01479700,,0.0,-8.308168620761724e-06
0.01479700,,0.0,-8.522751561103672e-06
0.01479700,,0.0,-8.551435280144265e-06
0.01479700,,0.0,-8.136164838716195e-06
0.01479700,,0.0,-7.893056089584502e-06
0.01479700,BUY,0.0,-7.306181584997365e-06
0.01477500,,47.74029992023947,-3.1376708176274193e-06
0.01477500,,37.39139403138494,-3.3749018702906863e-06
0.01477500,,37.39139403138494,-3.4016121901250806e-06
0.01477500,,38.19124657540179,-3.2696467479921554e-06
0.01477500,BUY,38.19124657540179,-3.1186580130987407e-06
0.01477400,BUY,35.767614500232156,-1.8021336386994657e-06
0.01476900,,33.11310331384068,-9.435739348733624e-07
0.01476900,,28.788609060996038,-1.520507505495608e-06
0.01476900,,28.788609060996038,-1.5655844471228891e-06
0.01476900,,15.34714613588092,-2.4195024618048344e-06
0.01476900,,12.993318469573211,-2.420458573631698e-06
0.01476900,,15.01761917958396,-1.7406580301495417e-06
0.01476900,,15.01761917958396,-1.717730384799554e-06
0.01476900,BUY,29.803488749948954,-1.6931370193529888e-06
0.01476900,BUY,24.76017713352269,-1.3327354970848332e-06
0.01479600,BUY,35.843339148979965,-1.7412385897985078e-06
0.01478300,,81.79367080544134,7.180972829161705e-06
0.01478300,,82.29450555137055,6.905088283801902e-06
0.01478300,,83.38443817088572,6.474674831785307e-06
0.01478300,SELL,91.31036460161877,6.979819899371326e-06
0.01480300,SELL,94.36393202058575,4.2226469217174906e-06
0.01480300,SELL,96.01016470448138,3.3567506050741214e-06
0.01479900,,89.65432621616914,5.756712133930808e-07
0.01479900,,89.65432621616914,5.917692626651594e-07
0.01479900,,89.65432621616914,5.776728090409883e-07
0.01479900,,89.65432621616915,5.632961802802539e-07
0.01479900,SELL,100.0,6.383303543799901e-07
0.01479900,SELL,100.0,4.126465227727999e-07
0.01479900,SELL,100.0,2.884230679151001e-07
0.01479900,,20.68307649521489,1.2629603988491278e-07
0.01479900,,0.0,-1.8800611448384352e-07
0.01479900,,0.0,-2.2240774572718225e-07
0.01479900,,0.0,-2.468260295145075e-07
0.01479900,,0.0,-4.3247468930508737e-07
0.01479900,,0.0,-5.602124377272755e-07
0.01479900,,0.0,-7.198636991605223e-07
0.01479900,,0.0,-1.1755878867210356e-06
0.01479900,,0.0,-1.2830753080145252e-06
0.01479900,,0.0,-1.2992214684127978e-06
0.01479900,,24.275485178808196,-1.3146878134820406e-06
0.01479900,,24.275485178808196,-1.2639168244441001e-06
0.01479900,BUY,24.275485178808196,-1.1534993606572563e-06
0.01478600,,34.901111163359545,-2.918290755611619e-07
0.01478600,,28.517118150520645,-6.198439710843051e-07
0.01478600,,25.960205120370276,-1.19703502589677e-06
0.01478600,,26.605297612498433,-1.1918623151301044e-06
0.01478600,,26.605297612498433,-1.330070672486e-06
0.01478600,,34.67882040048286,-1.3434239932354902e-06
0.01478600,,48.35357902473935,-8.513643907012702e-07
0.01479100,,53.63085421451232,-5.043460071310624e-07
0.01479100,,53.63085421451232,-2.708985470840919e-07
0.01479100,,53.63085421451232,-1.1662390878713902e-07
0.01479100,,54.64636150098341,3.144948880484666e-08
0.01479100,,53.70227305605728,1.1574187101792699e-08
0.01477000,SELL,67.45540631011725,3.0047134858685043e-07
0.01477100,,19.48181192210521,-4.862702099130145e-06
0.01477100,,22.963564124679422,-5.158715793327287e-06
0.01477100,,22.426014496566665,-5.033173832458618e-06
0.01477100,,22.426014496566665,-4.6911221217686705e-06
0.01477100,BUY,20.755144371751754,-4.432441248617899e-06
0.01477400,BUY,27.058003603861977,-3.0772319070671017e-06
0.01476800,BUY,27.058003603861977,-2.349969210157024e-06
0.01476800,BUY,18.67442646719273,-1.8090208566828858e-06
0.01477700,,73.04936213847824,4.4400332947260035e-07
0.01477800,,78.26516190527124,7.646041446911916e-07
0.01477800,,77.82421380897007,9.54765243975017e-07
0.01477800,,77.82421380897007,1.041873912548466e-06
0.01477800,,77.82421380897006,1.1299005072355067e-06
0.01477800,,77.82421380897006,1.1418229346731729e-06
0.01477800,,80.18047317722454,1.230868884953204e-06
0.01477800,,87.3539991506396,1.244358025273562e-06
0.01477800,,87.35399915063961,1.3360476531845689e-06
0.01477800,,70.44563476878088,1.3413691472285993e-06
0.01477600,,43.34176363679989,1.046582572751531e-06
0.01477600,,33.40461448062955,4.4469993431758836e-07
0.01477600,,29.733815825210826,-2.091366141151324e-07
0.01477600,,19.6941279193407,-1.1674598338739378e-06
0.01477600,,26.85496499927497,-1.5670445288312046e-06
0.01477600,,26.85496499927497,-1.6797039804079122e-06
0.01477600,,27.57093734756627,-1.6102941649363128e-06
0.01476900,,46.953709816274106,-1.7370826885867996e-06
0.01476900,,46.1927743400406,-1.4011521725157405e-06
0.01476900,,45.34850790746341,-1.1591117244844074e-06
0.01476900,,45.34850790746339,-9.025229560713499e-07
0.01476900,,45.34850790746341,-7.988101924580326e-07
0.01476800,,45.34850790746342,-5.606163616857923e-07
0.01476800,,45.34850790746342,-5.001943772144773e-07
0.01476800,,41.7894699293673,-5.732653183335157e-07
0.01476800,BUY,17.747703014574796,-6.991619892066092e-07
0.01477000,,49.265039004642055,-2.145503070240251e-07
0.01477000,,49.26503900464205,-1.858146689587975e-07
0.01477000,,49.265039004642055,-1.2189402006854144e-07
0.01477000,,42.004045579150414,-3.5197954823679156e-07
0.01477000,,42.004045579150436,-2.958025807076048e-07
0.01477000,,42.00404557915042,-2.714819770620325e-07
0.01477000,,42.00404557915041,-2.1070649887031112e-07
0.01477100,,42.00404557915043,-1.784582342994473e-07
0.01477100,,42.00404557915042,-1.5143216702817597e-07
0.01477100,,42.00404557915041,-1.1871960587002406e-07
0.01477100,SELL,100.0,2.6132697652711534e-07
0.01477100,,100.0,2.6314433129032144e-07
0.01477100,,100.0,2.729305297616974e-07
0.01477100,,100.0,2.778954539608969e-07
0.01477100,,100.0,2.7504820770962723e-07
0.01477100,,100.0,2.6240619104000995e-07
0.01477100,,100.0,2.4401361130126087e-07
0.01477100,SELL,100.0,2.2283639041810466e-07
0.01477000,,45.48171602421517,3.214856747150302e-07
0.01477000,,38.92794717932984,1.4748415063346731e-07
0.01477000,,37.714403381421775,-2.6880852586202986e-07
0.01477100,,47.99430633585536,-2.263258000560764e-07
0.01477100,,47.99430633585538,-2.0789058459598497e-07
0.01477100,,57.44192036459522,-9.595599186063009e-08
0.01477100,,57.441920364595234,-2.033675204626828e-08
0.01476400,,94.90433859959322,2.8849005129713556e-06
0.01472200,,94.90433859959322,2.8849005129713556e-06
0.01472200,,7.501821304603226,-2.1356249902369784e-06
0.01472500,,16.226313069383835,-1.0259820024777558e-05
0.01472500,,16.226313069383835,-1.1620319047537034e-05
0.01472800,,18.996727391403397,-1.293916447987764e-05
0.01472900,,20.500359531560264,-1.3231950672562207e-05
0.01472900,,20.500359531560264,-1.2814475650588242e-05
0.01472900,,20.23754104235556,-1.2551984133624822e-05
0.01472900,,19.072682912055583,-1.2284908228276867e-05
0.01472900,BUY,16.265451603863653,-1.1815457026323126e-05
0.01471900,BUY,11.690909952721285,-7.82226743908064e-06
0.01561700,,14.943398680776752,-1.409970408382949e-06
0.01561700,,6.516522842773398,-2.388815548476711e-06
0.01471600,,6.516522842773384,-2.467044374317509e-06
0.01471900,,60.62060223438979,-2.0449781441642806e-06
0.01471900,,60.79436644618271,-1.0784956161573322e-06
0.01471900,BUY,39.212426209873584,-6.066607082088477e-07
0.01774900,,40.1151574377105,-1.4109159535841131e-06
0.01774900,,40.11515743771051,-1.427851653709386e-06
0.01774900,,38.859945431416335,-1.0287806156070167e-06
0.01473700,SELL,79.7767224922027,6.535087630104783e-06
0.01473700,,43.91060703588454,2.600312588555906e-06
0.01473700,,41.849899425062915,1.5544002173410038e-06
0.01472700,,41.983247469799245,-1.2452001527107903e-07
0.01472700,,46.303953254546826,-3.823089757409859e-07
0.01472700,,46.303953254546826,-3.931235625798807e-07
0.01472800,,42.03467494839883,-9.520227715505147e-07
0.01472800,,56.22320657725798,-1.056454635956633e-06
0.01472800,,56.22320657725798,-7.972050380233159e-07
0.01472800,,53.579556752349156,-7.76615764305072e-07
0.01472800,,52.798164871092084,-7.041986229434222e-07
0.01472800,BUY,21.692815090330527,-1.3472532375529561e-06
0.01472800,,32.92153853614947,-1.98787039113954e-06
0.01472800,,32.921538536149455,-1.9592522246467126e-06
0.01472800,,25.242990414750835,-1.911506983448552e-06
0.01471700,,25.44844487238359,-1.3390950711865413e-06
0.01470700,,25.44844487238359,-1.3390950711865413e-06
0.01471000,,25.44844487238359,-1.3390950711865413e-06
0.01471000,,12.345047678894275,-2.2963080798781704e-06
0.01471000,,12.345047678894275,-3.5527431257748737e-06
0.01471000,,12.345047678894275,-3.929574860601567e-06
0.01471000,,10.107384775904066,-4.743921725556752e-06
0.01471000,,9.306149302484343,-4.9408371661351785e-06
0.01470300,,9.306149302484343,-4.800462273187728e-06
0.01470300,,9.306149302484343,-4.800462273187728e-06
0.01470300,,4.27862884337388,-5.222023889479843e-06
0.01470500,,4.27862884337388,-5.0728752954525e-06
0.01470500,BUY,12.37246668491754,-4.7141837596857e-06
0.01467300,,27.235357483968812,-9.444125045702037e-06
0.01467300,,29.21286163889542,-9.145992756471114e-06
0.01467400,,29.21286163889542,-8.8861072536639e-06
0.01467400,,26.146368752873755,-8.807598151026538e-06
0.01467400,,28.235419243309508,-8.417080876779379e-06
0.01467400,BUY,26.372025568823886,-7.995859161032473e-06
0.01470300,BUY,38.600367224948215,-6.8803102113521725e-06
0.01468300,BUY,38.600367224948215,-6.8803102113521725e-06
0.01467700,BUY,35.367987610657934,-4.4365644467341675e-06
0.01467500,BUY,34.71811465251213,-4.180168276284729e-06
0.01466300,,20.310663393542043,-5.5673710829019785e-06
0.01465100,,18.284903062051086,-5.134302748285163e-06
0.01464800,,27.255117577972484,-6.210409539426226e-06
0.01464800,,26.102205198163347,-7.056716655445133e-06
0.01465000,,27.884920121040466,-7.326247383447268e-06
0.01465900,,43.833890543591025,-6.605058888291618e-06
0.01465900,,48.501482293611964,-5.647515837587172e-06
0.01465900,,48.992002728687154,-3.886866872047923e-06
0.01465900,,31.752935190979827,-5.471235501222638e-06
0.01464900,,41.600273240144475,-5.297267641080766e-06
0.01465300,,43.24654353788193,-5.266511225883105e-06
0.01465600,,55.66518607978551,-3.2233597228800703e-06
0.01466100,,55.64171643239493,-1.6345667359814187e-06
0.01466100,,62.065551015722676,4.6898589652066835e-07
0.01466800,,63.168713282902175,1.6295948780994246e-06
0.01466800,,66.79139885663261,2.78645473791167e-06
0.01466800,,67.02684345826418,4.5947460373917115e-06
0.01466800,,67.02684345826418,4.525494712770764e-06
0.01466800,,69.03521789188287,4.344663476108998e-06
0.01466800,SELL,69.03521789188285,4.16260388676204e-06
0.01466600,SELL,65.307445945875,3.3557503156013413e-06
0.01466600,,49.04874620409253,5.885463562286392e-07
0.01466600,,43.62843550192029,-1.5967430970313667e-07
0.01466600,,43.628435501920286,-1.9712981889560832e-07
0.01468900,,42.43036579743784,-3.169460539142327e-07
0.01468900,,91.30277088050886,3.486159851979337e-06
0.01468900,,75.68317179843228,4.378388085929039e-06
0.01469100,,82.02992970642603,6.648778291089286e-06
0.01469800,,82.02992970642603,7.82322193499177e-06
0.01469800,,82.61857030454227,8.368507904020842e-06
0.01469800,,82.45116198806622,8.178703807686788e-06
0.01469800,,72.49171291327274,7.62765285611082e-06
0.01469800,SELL,73.58960146383552,7.156930259646574e-06
0.01469800,SELL,74.67760030038552,5.153556136200388e-06
0.01475200,,92.40569049743057,8.986685786084928e-06
0.01475000,,90.48228783844891,1.3692259589782874e-05
0.01475000,,90.4822878384489,1.563325227016757e-05
0.01475000,,88.07122838672919,1.533405665672151e-05
0.01475000,,88.03211715072979,1.492330875620465e-05
0.01475000,,88.0321171507298,1.457270213620597e-05
0.01475000,,88.0321171507298,1.3625565188739308e-05
0.01475000,SELL,89.21241358303138,1.2751225466582986e-05
0.01475000,,46.59344561486589,5.9670069174604795e-06
0.01475300,,46.59344561486589,4.87480796301093e-06
0.01475300,SELL,65.21074271844563,4.920808121628914e-06
0.01475300,,35.82956408350651,-1.7927411877331767e-06
