16705.97,,25.4971366329671,-0.5060379032001947
16705.97,,25.4971366329671,-0.5060379032001947
16705.97,,25.4971366329671,-0.5060379032001947
16705.97,,25.4971366329671,-0.5060379032001947
16706.4,,13.796601433740591,-1.2092272741501802
16706.15,,13.580470431928575,-1.707242937754927
16706.6,,11.729872715957399,-2.250056781762396
16705.92,,17.732426788246215,-2.484575543930987
16705.67,,23.947892655346152,-2.594822796956578
16706.0,,23.501050396902983,-2.7218442417251936
16706.22,,33.61645815528554,-2.6797537977872707
16705.99,,30.654026075767888,-2.6248800480352656
16706.98,,32.31114945131554,-2.629777876594744
16706.48,,31.817108805841386,-2.49849263811484
16706.43,,30.77196954601513,-2.430203950836585
16706.39,,36.55560098625,-2.2766015919769416
16706.39,,36.55560098625,-2.2766015919769416
16706.66,,33.89202892046829,-2.0762582141942403
16706.61,,33.666907040323295,-1.9941216642000654
16709.02,,32.14681066888721,-2.128007513631019
16708.33,,30.93297119853071,-1.9887955192534719
16708.5,,29.91864378761575,-1.9441397625560057
16708.57,,37.2122784799246,-1.6844759899577184
16708.2,,38.89255867084701,-1.5136043838065234
16708.2,,38.892558670847016,-1.3913126180814288
16705.55,,36.027718619433074,-1.0985592539618665
16704.97,,38.86357194503438,-0.9894485411859932
16705.07,,39.54819942491481,-0.9407717541798775
16705.0,,39.60523548547231,-0.8776312412410334
16705.0,,39.60523548547231,-0.8776312412410334
16705.0,,39.60523548547231,-0.8776312412410334
16705.12,,67.84913461539735,-0.4653965461948246
16702.72,,66.75521827844506,0.06045302242273465
16696.94,,74.41554792395405,0.8709043510134507
16696.72,,70.24605391707189,1.026072464093886
16696.72,,70.24605391707189,1.026072464093886
16696.17,,68.26175487057776,1.1834878026056685
16697.11,,68.85535904477175,1.1283998984945356
16697.09,,68.66797286843317,1.1458859627782658
16696.51,,67.63159131918404,1.1859813748451415
16698.32,,69.45341862480979,1.034741510724416
16697.19,,72.0502940211107,1.1646246664276987
16697.59,,72.27979957330058,1.1351538940652972
16697.36,,70.22925342422413,1.138060449000477
16697.0,,64.47806792236177,1.1061293601378566
16698.01,,59.787740137798856,0.8461702210915973
16697.15,,59.791352251187085,0.851840553470538
16697.08,,67.2141567811349,0.8578478989911673
16697.16,,63.14779732895854,0.8167726581559691
16696.76,,65.28032638413544,0.8337605851047556
16696.54,,59.33034288744744,0.7901026009021734
16697.35,,60.62558404118423,0.6737951525356038
16697.42,,74.27467234896605,0.8119038278819062
16697.59,,49.00402782265004,0.6540530306810979
16697.59,,51.418161319329364,0.5696781312180974
16697.03,,50.389709650935025,0.4156242972203472
16697.11,,54.77011833586117,0.4089368123859458
16697.11,,53.151610775210955,0.3853278025453619
16701.74,,49.96853579507665,-0.06365044276753906
16701.31,,45.02551301742714,-0.07786014669909491
16701.94,,40.92091308252225,-0.22788728067098418
16701.44,,45.99216048045735,-0.198722598990571
16701.26,,46.51102431097941,-0.19189130608356209
16701.11,,49.56472633006865,-0.15415729852611548
16701.35,,46.30544861606231,-0.1902815157554869
16701.17,,44.613123555297825,-0.20220156973664416
16701.72,,47.15098593707442,-0.24370522560275276
16701.9,,46.287034510633504,-0.25365896766015794
16701.9,,46.287034510633504,-0.25365896766015794
16701.82,,49.887325357551326,-0.19950007725856267
16701.36,,43.739125743260594,-0.18423083650850458
16701.01,,47.42042290404913,-0.14803416974609718
16701.09,,47.42751312787907,-0.15188023487280589
16700.99,,50.64271386214281,-0.11452333619672572
16701.89,,47.66336791904921,-0.1887489512882894
16701.6,,48.64361083272078,-0.14374574581961497
16701.79,,49.86827961177616,-0.13748963432226446
16701.57,,36.511708157713386,-0.18357709303381853
16701.57,,36.511708157713386,-0.18357709303381853
16700.74,,26.494934421692008,-0.4647585469610931
16701.16,,23.22829401903985,-0.6680374603165546
16701.16,,23.22829401903985,-0.6680374603165546
16700.9,,27.847683679138612,-0.8009779125277419
16701.69,,30.319963010599423,-0.894867425897246
16701.44,,27.752951001602625,-0.9093895980258822
16701.48,,27.382962952976513,-0.9375816886931716
16700.68,,39.4283280310878,-0.807876487615431
16700.08,,43.69501511503004,-0.6798244744240947
16700.69,,36.11648814267635,-0.7412729390744062
16701.12,,40.25671378945124,-0.7021269788456266
16700.7,,47.31830712431854,-0.5775663941276434
16700.74,,46.192704617559656,-0.5186049985386489
16700.45,,52.59712154220711,-0.3910251876077382
16700.79,,49.017992879384714,-0.3646661662533006
16700.71,,50.10028758072121,-0.2987685051666631
16700.71,,52.092327947246474,-0.2356092809677648
16701.05,,47.828631438387724,-0.24128920163639123
16701.05,,47.828631438387724,-0.24128920163639123
16700.64,,39.820522617651335,-0.21612907647067914
16700.65,,43.736535165586794,-0.23402647670081933
16700.94,,40.31735999290741,-0.3002084198851662
16700.82,,36.0334277361833,-0.37805789421327063
16700.94,,43.46708050670455,-0.3821232335467357
16700.94,,43.46708050670455,-0.3821232335467357
16699.62,,47.94406037686188,-0.20281096839607926
16699.62,,47.94406037686188,-0.20281096839607926
16697.9,,33.71396963980784,-0.24125520162124303
16697.34,,33.74858615167139,-0.2904964489171107
16697.71,,33.145530669700904,-0.40370684095978504
16697.69,,31.651809191551735,-0.4738705330892117
16697.95,,29.763123543717,-0.5650611874953029
16697.5,,34.783252057039206,-0.5449510915386782
16697.45,,31.990151994750235,-0.5821319296919683
16698.55,,37.70928741500463,-0.6472739643795649
16697.72,,41.3060785268014,-0.5307502975483658
16697.72,,41.3060785268014,-0.5307502975483658
16698.11,,39.17287942320966,-0.5105638586210262
16698.11,,39.17287942320966,-0.5105638586210262
16698.57,,40.7240007334689,-0.5045628359657712
16699.14,,64.38414252480284,-0.35388457938825013
16698.84,,61.9835202500462,-0.17711822047567694
16698.93,,69.09065307502964,0.017027426554705016
16699.11,,69.26013454224363,0.16325425348986755
16698.78,,66.14348172647641,0.29904313050428755
16699.08,,65.34269194408037,0.34530228986477596
16698.2,,74.31587886028917,0.6050418902486854
16697.84,,65.42029593734867,0.7314726954682556
16697.84,,65.42029593734867,0.7314726954682556
16697.3,,55.652240114075575,0.7740628349092731
16697.92,,48.36555227293148,0.5827345283541945
16698.13,,51.81363751324119,0.49332405467066565
16698.18,,53.95222300335628,0.45331051929679234
16698.18,,53.95222300335628,0.45331051929679234
16696.27,,54.96769048193936,0.5679282740748022
16696.21,,55.838073184155235,0.534883593350969
16696.21,,56.174256694261665,0.5014139240702207
16695.8,,45.907536668159615,0.39061432233575033
16696.09,,45.46103306041291,0.2664759373765264
16695.73,,40.011640542672886,0.167112540522794
16696.25,,45.34019314758318,0.054969150809483835
16696.23,,41.10086873333153,-0.03342444861846161
16696.4,,46.232803252435886,-0.07813667310620076
16696.39,,40.739043233939014,-0.15553919695594232
16696.28,,43.74325448812719,-0.18185609114152612
16696.11,,50.76369346919072,-0.13258498820505338
16696.35,,50.69549746427425,-0.12637472907226766
16698.47,,40.65868058350088,-0.3745095047088398
16698.25,,39.64226422227156,-0.39261849854301545
16699.37,,46.691049030378224,-0.4328953636941151
16699.1,,58.27948483251752,-0.2543413482417236
16699.06,,49.73252306007924,-0.2134387151854753
16700.2,,45.77672154505458,-0.3212789452118159
16700.22,,43.85882682025087,-0.33746757193875965
16699.55,,47.945052827783165,-0.24912192220654106
16700.26,,48.59196446378999,-0.2823395411942329
16698.87,,50.17379194935507,-0.11935033321424271
16698.03,,56.17416853095357,0.026344642596086487
16698.51,,53.37086975851334,0.011886766915267799
16698.81,,52.324105582183456,0.004427137442689855
16698.75,,48.878686768040765,0.01604293950003921
16698.85,,52.464055051316436,0.024008835451240884
16698.89,,52.413006529589005,0.03405980365641881
16698.88,,47.69551208300978,0.013681559015822131
16697.83,,48.19228548420909,0.08775190509913955
16697.82,,47.70239019344008,0.060702643135300605
16697.13,,45.77261619599791,0.08366653596749529
16697.68,,56.082501913322155,0.06534593316973769
16697.15,,48.363319073665814,0.0872018760201172
16697.67,,51.01449621221309,0.03695412571687484
16696.95,,52.185712346978605,0.105238554362586
16697.24,,56.29984489369116,0.10565789121028502
16698.0,,56.087304801171456,0.062498604362190235
16698.02,,50.25408510165893,0.05263175633808714
16697.06,,55.68524637858002,0.15959786226812867
16697.45,,49.24063043009533,0.13023684534346103
16697.71,,47.81850468256077,0.0732486890774453
16699.12,,40.240430211592965,-0.121794869122823
16698.06,,44.33390756650569,-0.04991213700850494
16697.64,,47.92036932300674,-0.01992864809653838
16697.36,,42.92794279122246,-0.03887395180208841
16697.78,,51.09294711893296,-0.06058617347298423
16697.94,,44.733435075590045,-0.10288899481383851
16698.55,,44.672497997975725,-0.17868364930109237
16698.32,,44.672497997975725,-0.17868364930109237
16698.25,,43.27043477554617,-0.15234763582338928
16698.25,,43.27043477554617,-0.15234763582338928
16697.93,,48.823554878109086,-0.07745253696703003
16697.93,,48.823554878109086,-0.07745253696703003
16698.27,,56.51949717798598,0.02338897743175039
16697.87,,53.70288055985036,0.08219084329539328
16697.79,,52.65011272137198,0.09559549950427026
16697.75,,57.907252321492024,0.14476246657432057
16697.52,,54.007670098541276,0.17192174761657952
16698.39,,54.7046343052722,0.10621640978570213
16697.7,,57.02376205942242,0.19486690793200978
16698.0,,53.38667133396757,0.16418210847768933
16698.39,,56.14451012611216,0.1430667999848083
16698.46,,58.52029226406785,0.16554449375689728
16698.05,,65.59257227528856,0.27419595863102586
16698.05,,65.59257227528856,0.27419595863102586
16698.79,,66.15155980139778,0.4561420879108482
16697.99,,72.48462972068468,0.6628690300240123
16697.9,,65.7590427289075,0.7178175754415861
16697.41,,68.2147469209007,0.8158360085362801
16697.6,,69.54761391640591,0.8482766008455656
16697.81,,64.8298284201454,0.8298448938112415
16698.03,,69.55082149597202,0.8531074648162758
16697.48,,68.65375974420414,0.9164069406506314
16697.63,,59.91557129192682,0.8445475921762409
16697.63,,59.91557129192682,0.8445475921762409
16697.92,,64.84121358081043,0.7850554981268942
16697.31,,67.3470690645052,0.8518439451872837
16698.06,,61.90296781783431,0.7486752949444053
16697.73,,66.25107456601626,0.7898327385883022
16698.62,,63.708969176291795,0.6944747562811244
16698.58,,65.78841402756495,0.7056496444020013
16698.29,,67.06788341150852,0.7381116455107986
16698.19,,68.85990719380702,0.7585598582154489
16698.37,,61.26187217175065,0.6647320123956888
16698.54,,49.80225063009052,0.5433321497985162
16698.66,,51.975567001326034,0.4608992452485836
16698.53,,59.26308774946979,0.47070011936011724
16698.43,,58.01398493837795,0.4633817293215543
16698.7,,60.204872926095014,0.44107987369352486
16698.91,,54.194959008709944,0.3842511776347237
16699.53,,55.6048577611545,0.31097935535945
16701.05,,50.57509758135178,0.13826471579523059
16700.4,,52.31803948434811,0.18486492645388353
16701.32,,46.49693744251029,0.05699454267960391
16701.06,,52.64986835518729,0.11180964613231481
16701.06,,54.218310692668126,0.09308754994708579
16700.95,,53.853421260214596,0.13112385906788404
16701.13,,44.43738554790713,0.06024754901591223
16701.68,,44.82814638148499,-0.02575798499310622
16701.55,,40.827106726532804,-0.06585771593017853
16700.87,,44.85549009972477,-0.028449776793422643
16701.16,,50.96940809147188,-0.042794712684553815
16701.57,,49.14410956240858,-0.07534445858254912
16701.8,,45.62501414516266,-0.10691467054130044
16701.96,,43.5357313851612,-0.20143620438466314
16701.83,,44.163669781913924,-0.19374880549366935
16702.09,,44.63589131508434,-0.21496793904952938
16702.19,,51.06623788378607,-0.18305518999841297
16702.4,,46.10356607138708,-0.19476717695579282
16701.88,,48.87059196099377,-0.12677675835220725
16701.91,,49.12583217903106,-0.11376855537309893
16701.05,,52.69628884532581,-0.010633303034410346
16701.26,,47.001042469117344,-0.04171855682579917
16701.99,,43.58683741255779,-0.12649034274727455
16701.88,,39.480048187817374,-0.14831533826509258
16701.7,,33.53975927818344,-0.23567686595924897
16701.91,,36.616673182888626,-0.27855738591824775
16701.91,,36.616673182888626,-0.27855738591824775
16701.73,,36.45376237744153,-0.32977587939967634
16701.73,,36.45376237744153,-0.32977587939967634
16701.79,,23.659367013943182,-0.5128203297390428
16701.95,,33.630514810094894,-0.5556426592302159
16702.15,,34.57661001279213,-0.582555007575138
16701.95,,34.70176826991275,-0.5636712964660546
16701.28,,31.629002216517478,-0.5286231133977708
16701.37,,32.01007972015188,-0.5532984869823849
16701.21,,42.75028399619505,-0.4815206879939069
16701.66,,42.75028399619505,-0.4815206879939069
16701.58,,30.070640634284928,-0.5757116166751075
16701.36,,38.892289007536824,-0.543662531505106
16700.62,,41.931680992214254,-0.4489234802858846
16701.07,,40.692836638420076,-0.4721575391013175
16701.1,,40.51963915292304,-0.4534945932791743
16701.16,,40.3930500049753,-0.43692997937250766
16701.6,,38.60220842977237,-0.45987935292578186
16701.26,,38.46199418006945,-0.41079800589432125
16701.39,,36.1842877796137,-0.4173772329086205
16701.53,,35.98660315874088,-0.4102976986505382
16701.53,,29.235768870084982,-0.4511244132554566
16701.53,,29.235768870084982,-0.4511244132554566
16701.53,,29.235768870084982,-0.4511244132554566
16701.53,,29.235768870084982,-0.4511244132554566
16701.21,,72.95735915285798,-0.09912094688115758
16701.09,,73.36579921657338,0.16877225786447525
16701.09,,73.36579921657338,0.16877225786447525
16700.37,,69.25272044291333,0.5345803221935057
16700.46,,70.8312085137143,0.7041944822267396
16700.02,,67.48494697713082,0.8013448287420033
16700.24,,67.48494697713082,0.8013448287420033
16699.45,,61.096985045226006,0.8428731918502308
16698.84,,63.82921094432469,0.8841283750953153
16699.41,,63.572795703268554,0.8083873323448643
16699.49,,69.56793564659809,0.8526151698570175
16699.48,,61.168060473618524,0.826477492628328
16699.07,,63.718098145095674,0.8585449058009544
16699.1,,62.659042431105405,0.8319760322810907
16699.68,,65.49249765986484,0.7883663080610859
16699.68,,65.49249765986484,0.7883663080610859
16698.46,,69.25077468368421,0.9002183911834436
16699.0,,68.93503338395728,0.8385525796038564
16699.15,,71.85170782143005,0.8423571941057162
16699.11,,68.32732202141447,0.8343833228245785
16699.1,,66.63313268465319,0.8084604398354713
16699.1,,63.54294363842654,0.7637990723960684
16699.04,,67.38412234262083,0.7583732969796984
16698.99,,59.91039345408383,0.7079475814934995
16698.85,,63.205687021186165,0.694983867375413
16698.84,,63.50612509568233,0.6693183551433322
16702.58,,61.2109650100933,0.2891224639752181
16702.58,,61.2109650100933,0.2891224639752181
16702.4,,59.126792342249296,0.2979928351851413
16702.4,,59.126792342249296,0.2979928351851413
16701.92,,61.06219187371364,0.31247069275559625
16702.85,,44.48553952151851,0.15212996803893475
16702.51,,53.61171054156999,0.17981845267058816
16702.34,,52.098903104421105,0.17836065820301883
16701.87,,51.317550193852284,0.19674138764457894
16702.15,,55.453597467735946,0.17423634750230121
16702.18,,50.45761316791865,0.14653266354798689
16703.13,,44.91716368025123,0.013482257076248061
16702.71,,54.950574810352556,0.15597745252307504
16702.71,,54.950574810352556,0.15597745252307504
16703.08,,53.10006049184959,0.13804607573183603
16703.11,,51.95429075016249,0.12714359940218856
16703.17,,49.755135189319645,0.10036620800383389
16703.35,,42.42865267704206,0.015175066644587787
16703.37,,42.29494380352257,-0.04036921300939866
16703.79,,41.23416882905154,-0.1232027327423566
16703.58,,38.79326533463653,-0.1544420276186429
16703.48,,37.43512424211832,-0.1954171726865752
16703.71,,43.812500077825476,-0.18688063312947634
16703.24,,34.854181950323095,-0.25597748052314273
16703.24,,34.854181950323095,-0.25597748052314273
16703.59,,44.088443938356264,-0.3112701687714434
16703.76,,42.28196860339112,-0.3230839395218936
16703.76,,42.28196860339112,-0.3230839395218936
16703.75,,32.56976853118431,-0.40139689242641907
16703.69,,32.97059488171135,-0.4399501873194822
16703.34,,33.15949772511972,-0.4389617948108935
16703.88,,31.413094699116584,-0.5145135328166361
16702.93,,35.56825184193771,-0.4265158622038143
16703.44,,37.82294689258152,-0.44037754191231215
16703.33,,30.463760485157735,-0.4652607964417257
16703.68,,46.007832866225286,-0.4462885017746885
16703.68,,46.007832866225286,-0.4462885017746885
16703.04,,24.627924299873698,-0.5442560923765996
16704.52,,39.37656018240147,-0.7072474152664654
16703.93,,38.36441411287492,-0.6768030055427516
16704.01,,43.146811197223805,-0.6539565484963532
16703.83,,43.71306283852355,-0.6016929573197558
16703.74,,43.504208923441375,-0.5627610481642478
16703.57,,47.25456035764926,-0.48598552491603186
16702.92,,57.36071119618284,-0.21376725170921418
16702.92,,57.36071119618284,-0.21376725170921418
16702.89,,54.6129128035803,-0.13131266479103942
16702.89,,54.6129128035803,-0.13131266479103942
16702.89,,54.6129128035803,-0.13131266479103942
16702.64,,81.15583206706214,0.5914100818627048
16702.5,,81.57942235678891,1.1619559668106376
16702.87,,81.75720377726206,1.56327229303497
16702.78,,80.68434878299331,1.8842909191080253
16702.06,,66.14198231969667,1.9818205827723432
16702.21,,66.14198231969667,1.9818205827723432
16702.67,,64.64645396266921,1.892192554383655
16702.54,,60.457211431954775,1.7949057146324776
16702.25,,64.95868276662358,1.8178932201153657
16701.57,,67.79512458482026,1.8718270965327974
16701.55,,64.41287946590275,1.8209859965136275
16701.5,,64.774125804248,1.7706581627790001
16701.64,,64.774125804248,1.7706581627790001
16701.85,,62.66265321040484,1.5641935739622568
16701.79,,64.28803210136348,1.5209746735636145
16701.13,,63.254447087354805,1.509546605648211
16702.06,,61.1939363121154,1.330578084456647
16702.05,,61.78680469177877,1.2573666405805852
16699.01,,61.018579608935745,1.4316597725264728
16700.38,,58.86649362965186,1.0759732430051372
16700.94,,58.8264408342654,0.9331153248276678
16700.99,,59.103571282481,0.85274702127208
16700.95,,64.51221443254224,0.8443054414856306
16701.34,,55.315027962352474,0.724975694087334
16701.72,,56.80765229595046,0.6367264088657976
16702.52,,52.883056972619684,0.4918339404575818
16702.22,,52.30575412196234,0.4556823521561455
16710.19,,45.96549414362709,-0.30985407876141835
16710.41,,49.81616369912569,-0.27993650423013605
16710.57,,58.755951309359865,-0.1831923527570325
16708.0,,59.19908493884487,-0.0764103078545304
16708.0,,64.1206144907047,0.22309129166751518
16708.1,,67.0080024352693,0.28366508155158954
16707.08,,67.7518951932608,0.523783391865436
16720.87,,76.62345020989945,0.4753340680945257
16720.87,,76.62345020989945,0.4753340680945257
16720.87,,76.62345020989945,0.4753340680945257
16720.87,,76.62345020989945,0.4753340680945257
16720.87,,76.62345020989945,0.4753340680945257
16720.84,,80.6104549114569,0.6991051263867121
16720.84,,80.6104549114569,0.6991051263867121
16720.9,,85.53314681885479,1.1565913037884457
16720.9,,85.53314681885479,1.1565913037884457
16706.94,,17.02567426169162,-1.5818369902845006
16706.94,,17.02567426169162,-1.5818369902845006
16706.94,,17.02567426169162,-1.5818369902845006
16706.94,,17.02567426169162,-1.5818369902845006
16707.46,,4.643506253040755,-2.640953234233166
16707.06,,4.544590698535387,-3.3949514471314615
16707.45,,3.663292796054421,-4.2145582333469065
16707.29,,3.6674159605167347,-4.763446901717543
16706.81,,3.5444181240835206,-5.154232318043796
16706.92,,3.255731903826785,-5.5234549156957655
16706.69,,8.421200151773661,-5.6544770588952815
16706.99,,8.060457333532625,-5.757573728285934
16706.61,,6.8996715142992855,-5.875086572741566
16706.26,,6.432387563359853,-5.91292641912878
16705.76,,6.672353904959053,-5.853710078354197
16705.73,,6.319987452145966,-5.831828662201588
16706.16,,5.7153497431194324,-5.826329020481353
16705.6,,5.305434925234408,-5.7467764538523625
16705.22,,5.190852659533277,-5.6512938732266775
16705.15,,5.0700976301132386,-5.556741898850305
16703.95,,4.497708208404617,-5.430796810240281
16704.25,,4.266630122012884,-5.398491959444073
16703.93,,6.408919189835302,-5.176188198114687
16703.93,,25.32019667551488,-4.821446516747528
16703.35,,25.32019667551488,-4.821446516747528
16701.75,,28.078828825463972,-4.049049965793529
16701.19,,32.91967643220555,-3.662706014518335
16701.19,,32.91967643220555,-3.662706014518335
16701.19,,32.91967643220555,-3.662706014518335
16701.19,,32.91967643220555,-3.662706014518335
16700.89,,43.978450569757065,-3.1721583376056515
16700.7,,43.94853550036444,-2.7598295746465737
16700.09,,49.76451636916352,-2.2702432075238903
16691.48,,57.697432130831615,-0.04669881673544296
16691.48,,57.697432130831615,-0.04669881673544296
16691.48,,75.67939887199151,0.316807344519475
16691.48,,75.67939887199151,0.316807344519475
16690.85,,78.5456186384915,0.9560937995047425
16691.19,,74.01035178204958,1.0837984836980468
16690.64,,74.01035178204958,1.0837984836980468
16690.16,,67.17516942865456,1.2967169035109691
16691.63,,67.16873142802739,1.1629476532725675
16691.29,,65.17094040557399,1.1718132770474767
16690.98,,66.62303740167326,1.1836086431285366
16690.96,,65.33329448654018,1.1474875577623607
16690.94,,52.89687067486167,0.9328633722834638
16690.93,,62.55760016711178,0.9346001293997688
16690.79,,55.301873531941176,0.8641210059904552
16690.06,,58.182708621723755,0.8861427184237982
16689.63,,56.408863349097594,0.8547447702694626
16689.46,,56.40734311038168,0.801064688621409
16690.29,,55.79049023725707,0.6604744104733982
16690.29,,55.79049023725707,0.6604744104733982
16690.29,,55.79049023725707,0.6604744104733982
16690.29,,55.79049023725707,0.6604744104733982
16690.2,,14.128550326290025,-0.724352766017546
16691.14,,12.899022525776402,-1.994958858787868
16690.64,,17.39310321941909,-2.7603590211147093
16691.05,,17.31934012203989,-3.403156219737866
16690.27,,23.20045936284373,-3.6528392869149684
16690.06,,22.968806847666144,-3.8648926166533784
16690.2,,21.953647128005287,-4.148825467389543
16690.2,,21.953647128005287,-4.148825467389543
16691.29,,21.68582014546928,-4.253937582721846
16691.29,,21.68582014546928,-4.253937582721846
16695.2,,22.637823116375728,-4.384007397824462
16695.63,BUY,32.113838632487884,-4.1015665926388465
16694.95,BUY,36.31064277451094,-2.001276004353713
16694.13,,73.93858165751458,2.1711456129705766
16694.13,,73.93858165751458,2.1711456129705766
16694.13,,73.93858165751458,2.1711456129705766
16677.33,,70.94303399765631,3.841208745205222
16676.08,,69.31276039094729,3.8696223087354156
16677.18,,67.69301601664885,3.622867148846126
16677.18,,67.69301601664885,3.622867148846126
16678.6,,63.488472102097035,3.176685811198695
16678.39,,64.85332913576323,3.042590915451001
16678.1,SELL,65.31742837632416,2.9229544912268466
18162.64000000,,40.56009884954222,-0.18035446225621854
18162.29000000,,34.35446645164144,-0.3550535442518594
18162.35000000,,31.25936809323302,-0.49109084956580773
18162.35000000,,45.76565730189265,-0.5022891663284099
18162.07000000,,41.56458731907254,-0.4525767587147129
18161.76000000,,30.513088475237453,-0.5692119985760655
18161.31000000,,39.37224244657457,-0.6316457353605074
18161.74000000,,37.05572695510322,-0.5950435816521349
18161.63000000,,41.046652863678254,-0.45865559030062286
18161.56000000,,42.32648614287199,-0.3792035864571517
18161.56000000,,43.08568764607983,-0.42474906358256703
18161.66000000,,43.35768511707985,-0.39055662048849626
18161.66000000,,46.354334523221446,-0.33214165041499655
18161.66000000,BUY,37.58742406742074,-0.3624408103096357
18161.54000000,,45.30967837267292,-0.12381659885068075
18161.54000000,,49.04258901844752,-0.02796756942916545
18161.71000000,,47.47757233529463,-0.09870158732883283
18161.26000000,,51.94015120048337,-0.06827101204544306
18161.26000000,,48.849425116582694,-0.015221993078739615
18161.26000000,,44.110633671858054,-0.07513968454804854
18160.90000000,,45.863911655891954,-0.11885137083663722
18160.90000000,,45.09282474804285,-0.14653713834195514
18160.90000000,,41.243100622451806,-0.09273665625005378
18160.90000000,,41.68344218854724,-0.19840839021344436
18161.33000000,,41.68344218854724,-0.19840839021344436
18161.67000000,,60.38173712657761,-0.09487230718877981
18161.79000000,,60.22867424212564,0.024469330983265536
18162.32000000,,62.36206560963055,0.12804494075317052
18163.06000000,,68.38278918846791,0.21378643092975835
18163.12000000,,77.9728773109322,0.6156221471683239
18164.42000000,,77.88325045626038,0.8888500798311725
18165.20000000,,76.93873592178403,1.0286621858213039
18165.35000000,,77.61151999217805,1.0423044097879028
18165.53000000,,79.33917514732596,1.1287495552351174
18165.51000000,,79.17953739528144,1.1207313141057966
18165.07000000,SELL,68.680715074382,0.9802679483655083
18164.00000000,,46.20642275372608,0.359075189975556
18163.98000000,,43.15862799170936,0.227414000495628
18163.98000000,,29.590981113990026,-0.10930306559021119
18163.98000000,,34.765486950143185,-0.48209306462013046
18163.98000000,,28.095276590215875,-0.6412600025287247
18163.14000000,,35.687444403514974,-0.6434574736340437
18163.46000000,,44.39649938010289,-0.5272463917681307
18163.46000000,,45.120114534169325,-0.507262946695846
18163.79000000,,66.80979280390557,-0.22153547263951623
18165.56000000,,68.57821703571672,0.3136515890219016
18166.05000000,,63.58089643333557,0.5287449761963217
18166.71000000,,62.57127625979516,0.5738583397469483
18167.23000000,,65.7597684663929,0.6730753646406811
18168.57000000,,76.68676478374283,1.0532856922036444
18165.60000000,,73.27361477349258,1.2232722551161714
18168.04000000,,74.85945121383389,1.2741247258527437
18168.41000000,SELL,65.88103906097793,1.2548404057815787
18169.45000000,,64.27229840706428,1.310175996448379
18169.48000000,,57.43440586947263,1.0609403276794183
18169.53000000,,58.21489338706321,0.9398302506342588
18169.53000000,,56.279267471171636,0.6005178971827263
18169.84000000,,64.03977455339572,0.592929114238359
18170.62000000,,65.5733832522356,0.7435756147679058
18170.43000000,,60.85244090159197,0.7847261167844408
18170.43000000,,61.971532678807904,0.7447911524686788
18171.10000000,,63.56954964506347,0.5696814770490164
18170.35000000,,48.34721485681214,0.4723704053394613
18170.35000000,,49.403771660943924,0.3301705258745642
18170.35000000,,48.329485919386705,0.25842709245625883
18170.35000000,,51.99531397793491,-0.0025596694576961454
18170.98000000,,52.46851077969215,0.025737341955391457
18171.19000000,,53.47993762141376,0.3060365873607225
18170.89000000,,53.269337132767106,0.25716520596688497
18170.89000000,,56.42571792082529,0.23905703316631843
18170.89000000,,56.00339609536606,0.16231148732549627
18171.63000000,,50.5260308033115,0.07180376491305651
18172.25000000,,67.94788068839057,0.21643605813369504
18172.78000000,,73.38165500731999,0.4136807056311227
18173.06000000,,73.93189699776997,0.551083266727801
18173.18000000,,73.0761993842028,0.7190388702438213
18172.98000000,,53.33036919498347,0.5414721515880956
18172.63000000,,57.844721668982125,0.5273246500910318
18172.68000000,,36.70588361087223,0.2989543099211005
18172.27000000,,45.230718283850976,0.16331631932916935
18171.68000000,,41.63275981102904,-0.11349486828112276
18171.63000000,,47.46358786461841,-0.013591164333774941
18171.37000000,,46.2123989272184,-0.026277205568476347
18170.55000000,,41.8601264048826,-0.13088220086501678
18170.13000000,,36.73636219052904,-0.4585713299748022
18170.02000000,,45.13176680313718,-0.4236312153370818
18170.02000000,,39.662311195977836,-0.6165913779768744
18169.70000000,,44.99224670882845,-0.6686888819203887
18169.27000000,,30.995748733715516,-0.8627987247382407
18167.70000000,,32.340734529926976,-0.9686838550042012
18167.64000000,,30.80373346589637,-1.3020804329717066
18165.43000000,,29.486098393807865,-1.3231312535535835
18165.43000000,,26.353371523149974,-1.632818608177331
18165.20000000,,32.923145593368915,-1.3663389794855902
18165.20000000,,27.14648756568755,-1.4489862830487255
18164.98000000,BUY,38.12034083396033,-1.3069905900629237
18163.46000000,,34.11300782013343,-1.2922829224844463
18163.46000000,,32.40546792855557,-1.1813939406347345
18162.92000000,BUY,36.104665214066166,-1.116613025944389
18161.87000000,,36.840419951451196,-0.985717727598967
18163.66000000,,60.13037599344209,0.1889674923622806
18164.16000000,,58.50534874072899,0.279152370934753
18164.16000000,,55.97079155434625,0.37958248662835103
18164.16000000,,56.054269131609615,0.27399900923046516
18163.40000000,,44.21929718343196,0.10762918188993353
18163.40000000,,50.05349255537696,0.08538308033530484
18163.16000000,,51.58425100360076,-0.017394725015037693
18164.08000000,,54.97456299575542,0.14546042686561123
18164.45000000,,55.988011003739715,0.33474519761512056
18165.14000000,,63.59598046303215,0.566865508826595
18165.14000000,,54.418398166230546,0.5695812297672092
18165.04000000,,57.58125625747647,0.5951842376271088
18165.04000000,,57.07251821256765,0.46577517042533145
18165.28000000,,57.97027133845853,0.43720921493149945
18165.09000000,,52.71862536071177,0.2906046067364514
18165.09000000,,58.78458059676974,0.3548955657388433
18165.09000000,,59.70914447055716,0.4803097583571798
18165.62000000,,59.41845411147385,0.46789991445984924
18165.17000000,,49.15233323845142,0.2822239432607603
18165.18000000,,53.863607831285044,0.20262283110059798
18165.18000000,,59.32037265087716,0.12247762176411925
18165.04000000,,47.43928207908565,0.12323199044112698
18165.04000000,,46.09533362481633,-0.02128036553040147
18166.02000000,,49.159958806650785,-0.11781090770818992
18166.74000000,,66.4545109896901,0.47288369963280275
18167.31000000,,58.697849827624765,0.4546551869461837
18167.00000000,,57.12332692320337,0.5156183988583507
18167.00000000,,53.964702142683905,0.4920565604297735
18166.69000000,,52.07915768001405,0.3696670354620437
18166.90000000,,58.156978910077854,0.3694780216064828
18167.27000000,,57.74219972607986,0.37235448798310244
18167.95000000,,61.023049490894934,0.4159938795819471
18167.95000000,,58.642381477662674,0.5570377314688812
18168.26000000,,67.24208649029282,0.5972764074285806
18168.54000000,,63.56548584868576,0.6384567715758749
18168.27000000,,56.18844222226718,0.661915939526807
18168.27000000,SELL,60.20263179480794,0.6345747919294809
18167.68000000,,48.68390417644039,0.16255470443502418
18167.68000000,,47.289199250702666,0.08210165270793368
18168.46000000,,56.01811317724459,0.21692763348983135
18167.28000000,,43.79144978049082,0.14737582421730622
18166.49000000,,29.199629710246413,-0.5463438728220353
18164.83000000,,31.856053091834355,-0.7097610030214128
18164.52000000,,34.08743086621459,-1.0174801714929345
18168.78000000,,58.05314731929907,-0.5055650615613558
18168.78000000,,57.5074598848668,-0.2032526235889236
18168.78000000,,57.64288887733163,0.0677506803367578
18168.78000000,,61.00342351605476,0.226423709984374
18169.06000000,,59.02565559041997,0.3762636313622352
18169.23000000,,60.38575207248311,0.47887686513058725
18169.23000000,,53.07297119889696,0.536084351959289
18168.96000000,,54.02881019569989,0.47458811195974704
18168.87000000,,52.04158089736478,0.4199212270359567
18168.66000000,,49.66384558095935,0.2167489717794524
18168.05000000,,48.602277072146585,0.26973347780221957
18168.05000000,,54.04260590295442,0.4332978057973378
18168.05000000,,42.3658424053884,0.18365752917088685
18167.56000000,,50.39442036976617,0.0659964599799423
18167.56000000,,44.38422590915052,-0.28985729521809844
18167.56000000,,41.40998961640257,-0.3906106537579035
18167.37000000,,29.799235953206093,-0.6734575445079827
18165.62000000,,38.199949869679,-0.7521331974785426
18165.03000000,,33.7929798585738,-0.8709618541834061
18165.03000000,,28.352691237970546,-1.0204072602246015
18165.20000000,,42.5504717166119,-0.8042192663524474
18165.18000000,,40.515855581115616,-0.7074810032027017
18165.18000000,BUY,39.78418153579059,-0.7073168200258806
18164.99000000,BUY,38.72537597312572,-0.5432792689316557
18164.63000000,,40.94682135383182,-0.4986904310499085
18164.96000000,,41.50283819157866,-0.5063861128364806
18164.96000000,BUY,38.37118880495826,-0.445763196592452
18164.55000000,,43.504806220842426,-0.2461409447605547
18164.55000000,,49.387051090214754,-0.13855273852823302
18164.55000000,,45.977104636045844,-0.04554498449215316
18164.55000000,,46.576651647715316,-0.022341806448821444
18164.80000000,,45.401916581437234,-0.14280250834053732
18164.80000000,,44.219771493790326,-0.13997506058876752
18164.80000000,,46.441953440215435,-0.1426052311908279
18164.02000000,,42.90253692543959,-0.040863657945010345
18164.29000000,,43.78254572751571,-0.1275144679711957
18163.89000000,,33.65586527080865,-0.25666089423248195
18163.52000000,,40.67451795858144,-0.23788130827233545
18163.52000000,,39.46468701172463,-0.29816703491815133
18163.60000000,,45.587052684449446,-0.28392901926417835
18163.41000000,,48.571599568899714,-0.26218010040247464
18163.69000000,,47.66129011213188,-0.23458566505360068
18163.38000000,,28.92989120964708,-0.515867605463427
18162.96000000,,23.001625690095878,-1.1069879639107967
18158.30000000,,27.058317602466232,-1.3217440021107905
18158.03000000,,27.471846363703605,-1.510841303053894
18158.03000000,,26.087501771112457,-1.5233697842777474
18158.77000000,,35.114362343666556,-1.3913884277753823
18158.81000000,BUY,38.19884700896607,-1.2150071734540688
18158.72000000,,39.4569585152769,-1.5608645197098667
18158.75000000,,51.1441909135212,-1.0210984723380534
18159.47000000,,53.37392422772386,-0.5732477831552387
18159.47000000,,49.98497917066987,-0.4528746317846526
18158.40000000,,45.258264826505155,-0.42623271167394705
18158.27000000,,54.0559687005381,-0.03630905977843213
18157.07000000,,38.53443969467097,-0.26785958620894235
18157.07000000,,36.47182964510749,-0.46410686854142114
18155.54000000,,42.25091102652558,-0.7055249056320463
18156.19000000,,43.85708223739755,-0.6230413246303215
18156.19000000,,39.767278819971665,-0.6609332083608024
18155.86000000,,45.594492030120264,-0.5840489571819489
18154.73000000,,38.60650699063781,-0.47327115084044635
18154.53000000,,37.92679511852576,-0.5378687491574965
18154.40000000,,44.28708559590756,-0.6872790261950286
18154.57000000,BUY,38.176441219804744,-0.831195841954468
18153.70000000,,31.649125801756796,-0.7717955606931355
18152.80000000,,31.285713251535753,-0.9468933078824193
18151.92000000,,24.088778926810775,-0.9819981003420253
18150.20000000,,27.246830450066867,-1.141364461993362
18149.68000000,,23.204958667539444,-1.3790328685499844
18150.22000000,,43.073411785124755,-1.2291929419334338
18151.95000000,,48.20108463455429,-1.001911550440127
18151.86000000,,47.222364661265075,-0.7432492130901664
18152.18000000,,50.28731128060848,-0.43864382478932384
18152.18000000,,47.67195196544794,-0.3538491966719448
18152.09000000,,47.08083405204115,-0.275177347677527
18152.53000000,,60.08879683975297,0.10399970961225335
18153.73000000,,55.72531447611214,0.2800432932417607
18154.44000000,,56.4877228034687,0.3117341688775923
18154.04000000,,54.46927092585743,0.41005208376736846
18154.28000000,,57.23644998972462,0.5509414599218871
18153.90000000,,57.54495801614208,0.7779907648618973
18153.90000000,,55.86029647162195,0.6567101171458489
18153.97000000,,54.685222518976815,0.7215958086417231
18153.97000000,,58.36329009917503,0.5184783827135107
18154.41000000,,64.41733821652096,0.6608456215908518
18153.94000000,,49.02281701893036,0.3788136827024573
18153.92000000,,47.83965419161788,0.23548702307743952
18154.35000000,,56.67821003126296,0.31694346088261227
18154.59000000,,55.51396811910063,0.2977132669657294
18154.59000000,,49.37594755923154,0.0660397033461777
18154.18000000,,48.32729215455193,0.16887287018835195
18154.03000000,,49.47668848247875,-0.03859713556084898
18154.03000000,,48.60478030262938,-0.0014806254657742102
18154.00000000,,43.66997359614684,-0.13949004158712341
18154.00000000,,52.211463597403366,-0.15149634935005452
18151.39000000,,29.920257660892702,-0.5639094729485805
18151.39000000,,33.776500860454135,-0.6842611138854409
18151.61000000,,39.39379639591463,-0.7962753900574171
18151.61000000,,40.902115281990454,-0.6398270306199265
18151.50000000,,41.302408712496174,-0.5978617741384369
18152.03000000,,51.68854928417495,-0.4539500154860434
18152.33000000,,56.344290796931546,-0.297406179990503
18152.33000000,,53.82233144452114,-0.1743738052828121
18152.33000000,,45.83257889426056,-0.052042361294297734
18152.33000000,,52.51040190431419,0.05155665028723888
18152.33000000,,53.5312490427222,0.0682280958899355
18152.70000000,,46.03768770584313,0.004625632478564512
18152.70000000,,45.014295239541966,-0.022370668106304947
18153.11000000,,52.22595855369711,-0.052685407597891754
18153.83000000,,58.254829270221215,0.3681117116029782
18153.83000000,,57.90666690918356,0.33201683855077135
18153.83000000,,53.55833198453174,0.3077453100158891
18152.18000000,,52.85430872137679,0.17413326622045133
18152.18000000,,39.04104791214813,-0.10714404693135293
18151.50000000,,44.639427336598544,-0.29881462443154305
18151.36000000,,33.25855073936374,-0.5357616763212718
18151.22000000,,39.67011235472197,-0.593998776133958
18151.22000000,,43.450379985812276,-0.5836972339930071
18151.22000000,,48.62247847003689,-0.4123118347088166
18151.22000000,,53.84233364387297,-0.2579845456275507
18151.22000000,,47.05692397386263,-0.20461981844346155
18151.22000000,,49.91872731970834,-0.07339588643299066
18151.22000000,,49.114808772164274,-0.03848825177192339
18151.22000000,,47.39723614352838,-0.15368102442880627
18150.64000000,,42.23342710433498,-0.27001618896611035
18150.18000000,,37.37898012866575,-0.4658621339549427
18150.18000000,,35.7425792421884,-0.5979667186220468
18148.76000000,,35.9543529376396,-0.7211168058311159
18146.65000000,,23.881491116253372,-1.0900464847363764
18146.65000000,,20.983044786747158,-1.3511937028670218
18146.65000000,,20.084585952023417,-1.3996729977261566
18145.63000000,,26.385620292325214,-1.57098181202673
18145.13000000,,26.50400931052974,-1.583891903534095
18144.69000000,,23.814077263093083,-1.684727493346145
18144.69000000,,22.853043103057686,-1.4614126155647682
18145.31000000,BUY,39.15096068668743,-1.3434407328495581
18146.82000000,,51.53336358660595,-0.13357243678183295
18146.82000000,,51.43271139466785,-0.05976680383901112
18147.23000000,,52.038052389209284,0.025681619063107064
18147.16000000,,47.50190946934914,0.012616563006304204
18146.42000000,,46.85000109234026,0.11196377849410055
18146.42000000,,39.286448460127914,-0.05752294965350302
18145.06000000,,44.96838433314505,-0.11598954785222304
18146.06000000,SELL,60.742584303722694,0.012076120496203657
18148.68000000,,56.823861750427305,0.5983458256159793
18148.68000000,,63.710772157185964,0.6687466150251566
18148.60000000,,56.68481361943144,0.6015458724432392
18147.28000000,,55.01999029976683,0.30469355280001764
18147.09000000,,46.9595028673183,-0.04346792477736017
18147.09000000,,51.65746093313915,0.05981776695989538
18147.09000000,,53.58028362372968,0.10453428961045574
18148.31000000,,67.67691796732373,0.3937625392463815
18149.16000000,,66.79366982370152,0.9248832279808994
18149.95000000,,69.0209543591869,1.1616659981300472
18151.09000000,,65.19639095400642,1.2968390401401848
18151.09000000,,67.01046334583273,1.1445201272508712
18151.64000000,,77.14066614450428,1.5159706900703895
18153.37000000,,76.76470281482618,1.7858084800063807
18152.02000000,SELL,61.98390172632989,0.7368711194321804
18152.02000000,,56.59101150102868,0.09282292948773829
